Monitor_ID,Point_ID,Timestamp,Pollutant_Type,Concentration,Unit,Stack_ID
AM00001,MP001,2025-09-01 00:00:00,Dust,95.72,ppm,Stack_2
AM00002,MP001,2025-09-01 06:00:00,Dust,43.06,ppm,Stack_1
AM00003,MP001,2025-09-01 12:00:00,Dust,67.62,ppm,Stack_3
AM00004,MP001,2025-09-01 18:00:00,Dust,62.22,ppm,Stack_2
AM00005,MP005,2025-09-01 00:00:00,VOCs,110.34,ppm,Stack_3
AM00006,MP005,2025-09-01 06:00:00,NOx,70.23,ppm,Stack_2
AM00007,MP005,2025-09-01 12:00:00,VOCs,136.59,ppm,Stack_4
AM00008,MP005,2025-09-01 18:00:00,CO,142.66,ppm,Stack_5
AM00009,MP009,2025-09-01 00:00:00,NOx,98.68,ppm,Stack_2
AM00010,MP009,2025-09-01 06:00:00,PM2.5,91.85,μg/m3,Stack_3
AM00011,MP009,2025-09-01 12:00:00,NOx,117.1,ppm,Stack_4
AM00012,MP009,2025-09-01 18:00:00,CO,9.48,ppm,Stack_1
AM00013,MP013,2025-09-01 00:00:00,CO,17.3,ppm,Stack_2
AM00014,MP013,2025-09-01 06:00:00,Dust,98.0,ppm,Stack_3
AM00015,MP013,2025-09-01 12:00:00,SOx,62.02,ppm,Stack_4
AM00016,MP013,2025-09-01 18:00:00,VOCs,121.99,ppm,Stack_3
AM00017,MP017,2025-09-01 00:00:00,SOx,126.27,ppm,Stack_5
AM00018,MP017,2025-09-01 06:00:00,SOx,138.3,ppm,Stack_4
AM00019,MP017,2025-09-01 12:00:00,CO,75.73,ppm,Stack_5
AM00020,MP017,2025-09-01 18:00:00,VOCs,86.23,ppm,Stack_5
AM00021,MP021,2025-09-01 00:00:00,CO,100.85,ppm,Stack_5
AM00022,MP021,2025-09-01 06:00:00,PM2.5,73.05,μg/m3,Stack_1
AM00023,MP021,2025-09-01 12:00:00,VOCs,76.0,ppm,Stack_3
AM00024,MP021,2025-09-01 18:00:00,CO,79.96,ppm,Stack_1
AM00025,MP025,2025-09-01 00:00:00,SOx,96.22,ppm,Stack_3
AM00026,MP025,2025-09-01 06:00:00,Dust,46.9,ppm,Stack_5
AM00027,MP025,2025-09-01 12:00:00,PM2.5,50.39,μg/m3,Stack_3
AM00028,MP025,2025-09-01 18:00:00,PM2.5,87.07,μg/m3,Stack_3
AM00029,MP029,2025-09-01 00:00:00,SOx,32.82,ppm,Stack_3
AM00030,MP029,2025-09-01 06:00:00,CO,103.03,ppm,Stack_3
AM00031,MP029,2025-09-01 12:00:00,SOx,91.68,ppm,Stack_2
AM00032,MP029,2025-09-01 18:00:00,Dust,93.89,ppm,Stack_2
AM00033,MP033,2025-09-01 00:00:00,Dust,116.64,ppm,Stack_3
AM00034,MP033,2025-09-01 06:00:00,PM2.5,104.63,μg/m3,Stack_3
AM00035,MP033,2025-09-01 12:00:00,VOCs,83.7,ppm,Stack_3
AM00036,MP033,2025-09-01 18:00:00,PM2.5,120.71,μg/m3,Stack_5
AM00037,MP037,2025-09-01 00:00:00,CO,30.15,ppm,Stack_3
AM00038,MP037,2025-09-01 06:00:00,VOCs,40.82,ppm,Stack_5
AM00039,MP037,2025-09-01 12:00:00,Dust,96.85,ppm,Stack_3
AM00040,MP037,2025-09-01 18:00:00,PM2.5,133.65,μg/m3,Stack_4
AM00041,MP041,2025-09-01 00:00:00,SOx,40.62,ppm,Stack_4
AM00042,MP041,2025-09-01 06:00:00,VOCs,44.26,ppm,Stack_5
AM00043,MP041,2025-09-01 12:00:00,NOx,82.92,ppm,Stack_2
AM00044,MP041,2025-09-01 18:00:00,SOx,92.87,ppm,Stack_3
AM00045,MP045,2025-09-01 00:00:00,PM10,145.14,μg/m3,Stack_5
AM00046,MP045,2025-09-01 06:00:00,NOx,5.47,ppm,Stack_2
AM00047,MP045,2025-09-01 12:00:00,Dust,140.45,ppm,Stack_4
AM00048,MP045,2025-09-01 18:00:00,NOx,140.54,ppm,Stack_5
AM00049,MP049,2025-09-01 00:00:00,CO,124.07,ppm,Stack_5
AM00050,MP049,2025-09-01 06:00:00,CO,65.97,ppm,Stack_3
AM00051,MP049,2025-09-01 12:00:00,PM10,147.33,μg/m3,Stack_4
AM00052,MP049,2025-09-01 18:00:00,CO,20.67,ppm,Stack_4
AM00053,MP001,2025-09-02 00:00:00,NOx,50.41,ppm,Stack_2
AM00054,MP001,2025-09-02 06:00:00,PM2.5,22.82,μg/m3,Stack_1
AM00055,MP001,2025-09-02 12:00:00,PM10,127.84,μg/m3,Stack_3
AM00056,MP001,2025-09-02 18:00:00,PM10,84.53,μg/m3,Stack_3
AM00057,MP005,2025-09-02 00:00:00,PM2.5,118.66,μg/m3,Stack_4
AM00058,MP005,2025-09-02 06:00:00,PM2.5,10.79,μg/m3,Stack_5
AM00059,MP005,2025-09-02 12:00:00,PM10,6.43,μg/m3,Stack_3
AM00060,MP005,2025-09-02 18:00:00,CO,109.34,ppm,Stack_3
AM00061,MP009,2025-09-02 00:00:00,NOx,39.9,ppm,Stack_2
AM00062,MP009,2025-09-02 06:00:00,CO,92.53,ppm,Stack_3
AM00063,MP009,2025-09-02 12:00:00,CO,56.26,ppm,Stack_2
AM00064,MP009,2025-09-02 18:00:00,PM2.5,8.33,μg/m3,Stack_5
AM00065,MP013,2025-09-02 00:00:00,SOx,115.54,ppm,Stack_2
AM00066,MP013,2025-09-02 06:00:00,Dust,145.13,ppm,Stack_4
AM00067,MP013,2025-09-02 12:00:00,PM2.5,83.55,μg/m3,Stack_1
AM00068,MP013,2025-09-02 18:00:00,PM2.5,18.22,μg/m3,Stack_5
AM00069,MP017,2025-09-02 00:00:00,SOx,122.38,ppm,Stack_1
AM00070,MP017,2025-09-02 06:00:00,PM10,40.7,μg/m3,Stack_4
AM00071,MP017,2025-09-02 12:00:00,PM2.5,40.09,μg/m3,Stack_5
AM00072,MP017,2025-09-02 18:00:00,PM2.5,134.32,μg/m3,Stack_2
AM00073,MP021,2025-09-02 00:00:00,SOx,20.57,ppm,Stack_2
AM00074,MP021,2025-09-02 06:00:00,VOCs,49.73,ppm,Stack_5
AM00075,MP021,2025-09-02 12:00:00,Dust,91.96,ppm,Stack_4
AM00076,MP021,2025-09-02 18:00:00,NOx,35.94,ppm,Stack_1
AM00077,MP025,2025-09-02 00:00:00,Dust,16.89,ppm,Stack_4
AM00078,MP025,2025-09-02 06:00:00,NOx,26.81,ppm,Stack_4
AM00079,MP025,2025-09-02 12:00:00,Dust,94.18,ppm,Stack_4
AM00080,MP025,2025-09-02 18:00:00,PM10,83.48,μg/m3,Stack_3
AM00081,MP029,2025-09-02 00:00:00,PM2.5,132.86,μg/m3,Stack_4
AM00082,MP029,2025-09-02 06:00:00,NOx,119.49,ppm,Stack_5
AM00083,MP029,2025-09-02 12:00:00,SOx,51.7,ppm,Stack_4
AM00084,MP029,2025-09-02 18:00:00,CO,94.27,ppm,Stack_4
AM00085,MP033,2025-09-02 00:00:00,CO,34.79,ppm,Stack_2
AM00086,MP033,2025-09-02 06:00:00,VOCs,16.22,ppm,Stack_4
AM00087,MP033,2025-09-02 12:00:00,PM2.5,119.27,μg/m3,Stack_2
AM00088,MP033,2025-09-02 18:00:00,PM2.5,50.56,μg/m3,Stack_4
AM00089,MP037,2025-09-02 00:00:00,SOx,41.07,ppm,Stack_3
AM00090,MP037,2025-09-02 06:00:00,PM2.5,60.02,μg/m3,Stack_4
AM00091,MP037,2025-09-02 12:00:00,PM10,104.54,μg/m3,Stack_5
AM00092,MP037,2025-09-02 18:00:00,PM2.5,98.59,μg/m3,Stack_1
AM00093,MP041,2025-09-02 00:00:00,NOx,108.4,ppm,Stack_1
AM00094,MP041,2025-09-02 06:00:00,NOx,87.89,ppm,Stack_3
AM00095,MP041,2025-09-02 12:00:00,NOx,7.97,ppm,Stack_4
AM00096,MP041,2025-09-02 18:00:00,VOCs,69.57,ppm,Stack_4
AM00097,MP045,2025-09-02 00:00:00,PM10,68.42,μg/m3,Stack_3
AM00098,MP045,2025-09-02 06:00:00,PM2.5,44.02,μg/m3,Stack_3
AM00099,MP045,2025-09-02 12:00:00,NOx,27.92,ppm,Stack_2
AM00100,MP045,2025-09-02 18:00:00,Dust,89.9,ppm,Stack_5
AM00101,MP049,2025-09-02 00:00:00,CO,81.99,ppm,Stack_2
AM00102,MP049,2025-09-02 06:00:00,Dust,10.26,ppm,Stack_4
AM00103,MP049,2025-09-02 12:00:00,SOx,11.96,ppm,Stack_2
AM00104,MP049,2025-09-02 18:00:00,PM10,107.53,μg/m3,Stack_2
AM00105,MP001,2025-09-03 00:00:00,PM10,94.24,μg/m3,Stack_5
AM00106,MP001,2025-09-03 06:00:00,PM10,41.31,μg/m3,Stack_5
AM00107,MP001,2025-09-03 12:00:00,SOx,70.7,ppm,Stack_3
AM00108,MP001,2025-09-03 18:00:00,PM2.5,129.48,μg/m3,Stack_3
AM00109,MP005,2025-09-03 00:00:00,Dust,137.81,ppm,Stack_2
AM00110,MP005,2025-09-03 06:00:00,NOx,50.18,ppm,Stack_5
AM00111,MP005,2025-09-03 12:00:00,PM10,38.61,μg/m3,Stack_1
AM00112,MP005,2025-09-03 18:00:00,CO,12.56,ppm,Stack_2
AM00113,MP009,2025-09-03 00:00:00,SOx,84.45,ppm,Stack_4
AM00114,MP009,2025-09-03 06:00:00,PM2.5,39.26,μg/m3,Stack_2
AM00115,MP009,2025-09-03 12:00:00,CO,108.32,ppm,Stack_1
AM00116,MP009,2025-09-03 18:00:00,Dust,19.72,ppm,Stack_2
AM00117,MP013,2025-09-03 00:00:00,CO,23.0,ppm,Stack_4
AM00118,MP013,2025-09-03 06:00:00,CO,115.32,ppm,Stack_2
AM00119,MP013,2025-09-03 12:00:00,PM2.5,82.38,μg/m3,Stack_2
AM00120,MP013,2025-09-03 18:00:00,PM2.5,119.1,μg/m3,Stack_3
AM00121,MP017,2025-09-03 00:00:00,Dust,29.91,ppm,Stack_3
AM00122,MP017,2025-09-03 06:00:00,CO,122.93,ppm,Stack_5
AM00123,MP017,2025-09-03 12:00:00,CO,134.75,ppm,Stack_4
AM00124,MP017,2025-09-03 18:00:00,PM2.5,29.22,μg/m3,Stack_4
AM00125,MP021,2025-09-03 00:00:00,PM2.5,127.75,μg/m3,Stack_2
AM00126,MP021,2025-09-03 06:00:00,Dust,93.3,ppm,Stack_3
AM00127,MP021,2025-09-03 12:00:00,CO,118.56,ppm,Stack_4
AM00128,MP021,2025-09-03 18:00:00,PM2.5,70.97,μg/m3,Stack_1
AM00129,MP025,2025-09-03 00:00:00,VOCs,40.99,ppm,Stack_5
AM00130,MP025,2025-09-03 06:00:00,Dust,11.13,ppm,Stack_4
AM00131,MP025,2025-09-03 12:00:00,PM2.5,5.08,μg/m3,Stack_4
AM00132,MP025,2025-09-03 18:00:00,CO,120.83,ppm,Stack_4
AM00133,MP029,2025-09-03 00:00:00,CO,83.51,ppm,Stack_4
AM00134,MP029,2025-09-03 06:00:00,CO,72.66,ppm,Stack_5
AM00135,MP029,2025-09-03 12:00:00,SOx,119.03,ppm,Stack_5
AM00136,MP029,2025-09-03 18:00:00,VOCs,126.46,ppm,Stack_4
AM00137,MP033,2025-09-03 00:00:00,Dust,41.46,ppm,Stack_4
AM00138,MP033,2025-09-03 06:00:00,PM2.5,77.96,μg/m3,Stack_4
AM00139,MP033,2025-09-03 12:00:00,PM2.5,121.7,μg/m3,Stack_2
AM00140,MP033,2025-09-03 18:00:00,PM10,91.97,μg/m3,Stack_3
AM00141,MP037,2025-09-03 00:00:00,Dust,48.27,ppm,Stack_5
AM00142,MP037,2025-09-03 06:00:00,NOx,60.47,ppm,Stack_3
AM00143,MP037,2025-09-03 12:00:00,SOx,8.46,ppm,Stack_4
AM00144,MP037,2025-09-03 18:00:00,PM2.5,113.8,μg/m3,Stack_2
AM00145,MP041,2025-09-03 00:00:00,NOx,117.39,ppm,Stack_2
AM00146,MP041,2025-09-03 06:00:00,NOx,130.45,ppm,Stack_2
AM00147,MP041,2025-09-03 12:00:00,VOCs,120.1,ppm,Stack_4
AM00148,MP041,2025-09-03 18:00:00,PM2.5,25.64,μg/m3,Stack_2
AM00149,MP045,2025-09-03 00:00:00,NOx,41.67,ppm,Stack_4
AM00150,MP045,2025-09-03 06:00:00,NOx,108.37,ppm,Stack_3
AM00151,MP045,2025-09-03 12:00:00,PM2.5,72.18,μg/m3,Stack_4
AM00152,MP045,2025-09-03 18:00:00,PM10,40.58,μg/m3,Stack_2
AM00153,MP049,2025-09-03 00:00:00,VOCs,138.8,ppm,Stack_3
AM00154,MP049,2025-09-03 06:00:00,SOx,12.7,ppm,Stack_4
AM00155,MP049,2025-09-03 12:00:00,NOx,133.62,ppm,Stack_4
AM00156,MP049,2025-09-03 18:00:00,PM10,91.74,μg/m3,Stack_3
AM00157,MP001,2025-09-04 00:00:00,Dust,79.32,ppm,Stack_4
AM00158,MP001,2025-09-04 06:00:00,PM10,140.43,μg/m3,Stack_4
AM00159,MP001,2025-09-04 12:00:00,PM10,56.11,μg/m3,Stack_2
AM00160,MP001,2025-09-04 18:00:00,SOx,138.69,ppm,Stack_2
AM00161,MP005,2025-09-04 00:00:00,PM10,148.85,μg/m3,Stack_2
AM00162,MP005,2025-09-04 06:00:00,VOCs,108.11,ppm,Stack_3
AM00163,MP005,2025-09-04 12:00:00,PM10,8.58,μg/m3,Stack_2
AM00164,MP005,2025-09-04 18:00:00,VOCs,80.56,ppm,Stack_1
AM00165,MP009,2025-09-04 00:00:00,NOx,63.49,ppm,Stack_5
AM00166,MP009,2025-09-04 06:00:00,NOx,55.3,ppm,Stack_3
AM00167,MP009,2025-09-04 12:00:00,SOx,58.36,ppm,Stack_5
AM00168,MP009,2025-09-04 18:00:00,CO,22.88,ppm,Stack_4
AM00169,MP013,2025-09-04 00:00:00,Dust,75.69,ppm,Stack_5
AM00170,MP013,2025-09-04 06:00:00,PM10,101.62,μg/m3,Stack_5
AM00171,MP013,2025-09-04 12:00:00,VOCs,113.6,ppm,Stack_5
AM00172,MP013,2025-09-04 18:00:00,PM10,149.8,μg/m3,Stack_2
AM00173,MP017,2025-09-04 00:00:00,Dust,59.8,ppm,Stack_4
AM00174,MP017,2025-09-04 06:00:00,VOCs,109.77,ppm,Stack_3
AM00175,MP017,2025-09-04 12:00:00,PM2.5,25.62,μg/m3,Stack_2
AM00176,MP017,2025-09-04 18:00:00,PM10,94.45,μg/m3,Stack_3
AM00177,MP021,2025-09-04 00:00:00,NOx,36.93,ppm,Stack_1
AM00178,MP021,2025-09-04 06:00:00,SOx,6.76,ppm,Stack_2
AM00179,MP021,2025-09-04 12:00:00,PM2.5,65.66,μg/m3,Stack_2
AM00180,MP021,2025-09-04 18:00:00,NOx,120.92,ppm,Stack_2
AM00181,MP025,2025-09-04 00:00:00,NOx,84.32,ppm,Stack_3
AM00182,MP025,2025-09-04 06:00:00,PM2.5,5.08,μg/m3,Stack_1
AM00183,MP025,2025-09-04 12:00:00,PM2.5,129.53,μg/m3,Stack_3
AM00184,MP025,2025-09-04 18:00:00,VOCs,74.99,ppm,Stack_1
AM00185,MP029,2025-09-04 00:00:00,PM2.5,72.9,μg/m3,Stack_2
AM00186,MP029,2025-09-04 06:00:00,VOCs,76.55,ppm,Stack_1
AM00187,MP029,2025-09-04 12:00:00,VOCs,71.64,ppm,Stack_3
AM00188,MP029,2025-09-04 18:00:00,CO,110.55,ppm,Stack_3
AM00189,MP033,2025-09-04 00:00:00,Dust,72.99,ppm,Stack_3
AM00190,MP033,2025-09-04 06:00:00,CO,85.99,ppm,Stack_3
AM00191,MP033,2025-09-04 12:00:00,VOCs,101.42,ppm,Stack_5
AM00192,MP033,2025-09-04 18:00:00,PM2.5,101.82,μg/m3,Stack_5
AM00193,MP037,2025-09-04 00:00:00,CO,103.98,ppm,Stack_5
AM00194,MP037,2025-09-04 06:00:00,Dust,135.01,ppm,Stack_2
AM00195,MP037,2025-09-04 12:00:00,Dust,8.22,ppm,Stack_4
AM00196,MP037,2025-09-04 18:00:00,SOx,52.58,ppm,Stack_5
AM00197,MP041,2025-09-04 00:00:00,SOx,77.34,ppm,Stack_4
AM00198,MP041,2025-09-04 06:00:00,PM10,143.05,μg/m3,Stack_3
AM00199,MP041,2025-09-04 12:00:00,Dust,130.15,ppm,Stack_1
AM00200,MP041,2025-09-04 18:00:00,Dust,26.46,ppm,Stack_2
AM00201,MP045,2025-09-04 00:00:00,Dust,118.6,ppm,Stack_2
AM00202,MP045,2025-09-04 06:00:00,NOx,136.25,ppm,Stack_1
AM00203,MP045,2025-09-04 12:00:00,VOCs,83.62,ppm,Stack_3
AM00204,MP045,2025-09-04 18:00:00,NOx,112.67,ppm,Stack_4
AM00205,MP049,2025-09-04 00:00:00,CO,53.03,ppm,Stack_1
AM00206,MP049,2025-09-04 06:00:00,PM2.5,28.55,μg/m3,Stack_4
AM00207,MP049,2025-09-04 12:00:00,VOCs,14.62,ppm,Stack_3
AM00208,MP049,2025-09-04 18:00:00,PM10,68.17,μg/m3,Stack_4
AM00209,MP001,2025-09-05 00:00:00,PM2.5,65.06,μg/m3,Stack_1
AM00210,MP001,2025-09-05 06:00:00,SOx,140.95,ppm,Stack_1
AM00211,MP001,2025-09-05 12:00:00,SOx,39.17,ppm,Stack_4
AM00212,MP001,2025-09-05 18:00:00,NOx,90.32,ppm,Stack_4
AM00213,MP005,2025-09-05 00:00:00,NOx,128.17,ppm,Stack_3
AM00214,MP005,2025-09-05 06:00:00,PM2.5,93.53,μg/m3,Stack_2
AM00215,MP005,2025-09-05 12:00:00,SOx,28.08,ppm,Stack_3
AM00216,MP005,2025-09-05 18:00:00,CO,59.64,ppm,Stack_1
AM00217,MP009,2025-09-05 00:00:00,PM10,16.9,μg/m3,Stack_1
AM00218,MP009,2025-09-05 06:00:00,PM2.5,83.35,μg/m3,Stack_4
AM00219,MP009,2025-09-05 12:00:00,PM10,140.48,μg/m3,Stack_2
AM00220,MP009,2025-09-05 18:00:00,PM10,5.3,μg/m3,Stack_2
AM00221,MP013,2025-09-05 00:00:00,PM10,24.36,μg/m3,Stack_3
AM00222,MP013,2025-09-05 06:00:00,VOCs,104.42,ppm,Stack_3
AM00223,MP013,2025-09-05 12:00:00,VOCs,87.94,ppm,Stack_1
AM00224,MP013,2025-09-05 18:00:00,PM2.5,134.47,μg/m3,Stack_3
AM00225,MP017,2025-09-05 00:00:00,PM10,10.65,μg/m3,Stack_5
AM00226,MP017,2025-09-05 06:00:00,PM10,148.29,μg/m3,Stack_5
AM00227,MP017,2025-09-05 12:00:00,PM10,124.11,μg/m3,Stack_2
AM00228,MP017,2025-09-05 18:00:00,Dust,29.64,ppm,Stack_4
AM00229,MP021,2025-09-05 00:00:00,Dust,149.05,ppm,Stack_1
AM00230,MP021,2025-09-05 06:00:00,SOx,91.04,ppm,Stack_5
AM00231,MP021,2025-09-05 12:00:00,Dust,81.28,ppm,Stack_5
AM00232,MP021,2025-09-05 18:00:00,SOx,25.1,ppm,Stack_4
AM00233,MP025,2025-09-05 00:00:00,CO,128.6,ppm,Stack_2
AM00234,MP025,2025-09-05 06:00:00,VOCs,117.53,ppm,Stack_5
AM00235,MP025,2025-09-05 12:00:00,PM10,76.98,μg/m3,Stack_2
AM00236,MP025,2025-09-05 18:00:00,VOCs,46.14,ppm,Stack_4
AM00237,MP029,2025-09-05 00:00:00,Dust,54.11,ppm,Stack_2
AM00238,MP029,2025-09-05 06:00:00,VOCs,73.54,ppm,Stack_4
AM00239,MP029,2025-09-05 12:00:00,SOx,143.0,ppm,Stack_3
AM00240,MP029,2025-09-05 18:00:00,SOx,99.76,ppm,Stack_4
AM00241,MP033,2025-09-05 00:00:00,NOx,122.01,ppm,Stack_2
AM00242,MP033,2025-09-05 06:00:00,Dust,147.77,ppm,Stack_3
AM00243,MP033,2025-09-05 12:00:00,VOCs,52.36,ppm,Stack_2
AM00244,MP033,2025-09-05 18:00:00,NOx,26.56,ppm,Stack_2
AM00245,MP037,2025-09-05 00:00:00,PM10,16.52,μg/m3,Stack_5
AM00246,MP037,2025-09-05 06:00:00,PM10,26.41,μg/m3,Stack_4
AM00247,MP037,2025-09-05 12:00:00,PM2.5,26.65,μg/m3,Stack_1
AM00248,MP037,2025-09-05 18:00:00,SOx,116.7,ppm,Stack_3
AM00249,MP041,2025-09-05 00:00:00,CO,39.69,ppm,Stack_4
AM00250,MP041,2025-09-05 06:00:00,NOx,64.43,ppm,Stack_5
AM00251,MP041,2025-09-05 12:00:00,VOCs,90.21,ppm,Stack_2
AM00252,MP041,2025-09-05 18:00:00,NOx,100.15,ppm,Stack_3
AM00253,MP045,2025-09-05 00:00:00,PM2.5,61.67,μg/m3,Stack_3
AM00254,MP045,2025-09-05 06:00:00,PM10,12.09,μg/m3,Stack_3
AM00255,MP045,2025-09-05 12:00:00,NOx,32.05,ppm,Stack_4
AM00256,MP045,2025-09-05 18:00:00,NOx,100.46,ppm,Stack_4
AM00257,MP049,2025-09-05 00:00:00,Dust,107.83,ppm,Stack_3
AM00258,MP049,2025-09-05 06:00:00,NOx,24.27,ppm,Stack_3
AM00259,MP049,2025-09-05 12:00:00,VOCs,145.17,ppm,Stack_4
AM00260,MP049,2025-09-05 18:00:00,VOCs,50.64,ppm,Stack_5
AM00261,MP001,2025-09-06 00:00:00,Dust,106.48,ppm,Stack_1
AM00262,MP001,2025-09-06 06:00:00,Dust,118.56,ppm,Stack_3
AM00263,MP001,2025-09-06 12:00:00,NOx,18.52,ppm,Stack_3
AM00264,MP001,2025-09-06 18:00:00,PM2.5,11.09,μg/m3,Stack_2
AM00265,MP005,2025-09-06 00:00:00,PM2.5,79.35,μg/m3,Stack_4
AM00266,MP005,2025-09-06 06:00:00,SOx,136.56,ppm,Stack_2
AM00267,MP005,2025-09-06 12:00:00,NOx,10.58,ppm,Stack_1
AM00268,MP005,2025-09-06 18:00:00,VOCs,57.31,ppm,Stack_3
AM00269,MP009,2025-09-06 00:00:00,Dust,94.16,ppm,Stack_3
AM00270,MP009,2025-09-06 06:00:00,PM10,20.17,μg/m3,Stack_5
AM00271,MP009,2025-09-06 12:00:00,PM2.5,35.6,μg/m3,Stack_3
AM00272,MP009,2025-09-06 18:00:00,VOCs,100.51,ppm,Stack_5
AM00273,MP013,2025-09-06 00:00:00,SOx,81.98,ppm,Stack_5
AM00274,MP013,2025-09-06 06:00:00,CO,93.81,ppm,Stack_5
AM00275,MP013,2025-09-06 12:00:00,PM2.5,68.07,μg/m3,Stack_1
AM00276,MP013,2025-09-06 18:00:00,NOx,144.8,ppm,Stack_5
AM00277,MP017,2025-09-06 00:00:00,CO,47.08,ppm,Stack_4
AM00278,MP017,2025-09-06 06:00:00,PM10,46.25,μg/m3,Stack_1
AM00279,MP017,2025-09-06 12:00:00,NOx,90.45,ppm,Stack_1
AM00280,MP017,2025-09-06 18:00:00,NOx,125.29,ppm,Stack_4
AM00281,MP021,2025-09-06 00:00:00,NOx,137.55,ppm,Stack_5
AM00282,MP021,2025-09-06 06:00:00,CO,38.49,ppm,Stack_3
AM00283,MP021,2025-09-06 12:00:00,Dust,90.68,ppm,Stack_4
AM00284,MP021,2025-09-06 18:00:00,SOx,48.54,ppm,Stack_1
AM00285,MP025,2025-09-06 00:00:00,Dust,38.27,ppm,Stack_5
AM00286,MP025,2025-09-06 06:00:00,SOx,62.25,ppm,Stack_1
AM00287,MP025,2025-09-06 12:00:00,CO,38.24,ppm,Stack_2
AM00288,MP025,2025-09-06 18:00:00,Dust,70.14,ppm,Stack_4
AM00289,MP029,2025-09-06 00:00:00,PM10,67.35,μg/m3,Stack_1
AM00290,MP029,2025-09-06 06:00:00,Dust,121.48,ppm,Stack_5
AM00291,MP029,2025-09-06 12:00:00,Dust,135.43,ppm,Stack_4
AM00292,MP029,2025-09-06 18:00:00,PM10,77.75,μg/m3,Stack_3
AM00293,MP033,2025-09-06 00:00:00,Dust,92.04,ppm,Stack_1
AM00294,MP033,2025-09-06 06:00:00,NOx,148.39,ppm,Stack_2
AM00295,MP033,2025-09-06 12:00:00,CO,100.89,ppm,Stack_3
AM00296,MP033,2025-09-06 18:00:00,Dust,21.8,ppm,Stack_2
AM00297,MP037,2025-09-06 00:00:00,NOx,86.31,ppm,Stack_3
AM00298,MP037,2025-09-06 06:00:00,PM2.5,84.03,μg/m3,Stack_2
AM00299,MP037,2025-09-06 12:00:00,PM10,104.34,μg/m3,Stack_1
AM00300,MP037,2025-09-06 18:00:00,SOx,98.79,ppm,Stack_4
AM00301,MP041,2025-09-06 00:00:00,PM10,19.42,μg/m3,Stack_3
AM00302,MP041,2025-09-06 06:00:00,PM2.5,100.33,μg/m3,Stack_3
AM00303,MP041,2025-09-06 12:00:00,NOx,28.47,ppm,Stack_4
AM00304,MP041,2025-09-06 18:00:00,PM2.5,110.73,μg/m3,Stack_3
AM00305,MP045,2025-09-06 00:00:00,PM10,115.94,μg/m3,Stack_3
AM00306,MP045,2025-09-06 06:00:00,SOx,149.69,ppm,Stack_5
AM00307,MP045,2025-09-06 12:00:00,VOCs,14.95,ppm,Stack_2
AM00308,MP045,2025-09-06 18:00:00,Dust,22.61,ppm,Stack_1
AM00309,MP049,2025-09-06 00:00:00,PM2.5,14.57,μg/m3,Stack_3
AM00310,MP049,2025-09-06 06:00:00,PM2.5,21.44,μg/m3,Stack_4
AM00311,MP049,2025-09-06 12:00:00,SOx,22.61,ppm,Stack_5
AM00312,MP049,2025-09-06 18:00:00,NOx,79.06,ppm,Stack_4
AM00313,MP001,2025-09-07 00:00:00,VOCs,94.08,ppm,Stack_1
AM00314,MP001,2025-09-07 06:00:00,SOx,119.41,ppm,Stack_3
AM00315,MP001,2025-09-07 12:00:00,PM2.5,61.24,μg/m3,Stack_2
AM00316,MP001,2025-09-07 18:00:00,CO,142.02,ppm,Stack_1
AM00317,MP005,2025-09-07 00:00:00,CO,121.63,ppm,Stack_1
AM00318,MP005,2025-09-07 06:00:00,PM10,28.53,μg/m3,Stack_3
AM00319,MP005,2025-09-07 12:00:00,PM2.5,80.7,μg/m3,Stack_5
AM00320,MP005,2025-09-07 18:00:00,PM2.5,74.41,μg/m3,Stack_3
AM00321,MP009,2025-09-07 00:00:00,PM10,54.33,μg/m3,Stack_4
AM00322,MP009,2025-09-07 06:00:00,Dust,114.73,ppm,Stack_1
AM00323,MP009,2025-09-07 12:00:00,Dust,79.3,ppm,Stack_4
AM00324,MP009,2025-09-07 18:00:00,PM2.5,29.29,μg/m3,Stack_5
AM00325,MP013,2025-09-07 00:00:00,VOCs,75.1,ppm,Stack_5
AM00326,MP013,2025-09-07 06:00:00,VOCs,106.12,ppm,Stack_2
AM00327,MP013,2025-09-07 12:00:00,Dust,100.27,ppm,Stack_4
AM00328,MP013,2025-09-07 18:00:00,CO,116.77,ppm,Stack_4
AM00329,MP017,2025-09-07 00:00:00,SOx,98.17,ppm,Stack_2
AM00330,MP017,2025-09-07 06:00:00,PM10,10.28,μg/m3,Stack_2
AM00331,MP017,2025-09-07 12:00:00,PM10,87.79,μg/m3,Stack_1
AM00332,MP017,2025-09-07 18:00:00,VOCs,140.42,ppm,Stack_3
AM00333,MP021,2025-09-07 00:00:00,NOx,113.71,ppm,Stack_1
AM00334,MP021,2025-09-07 06:00:00,SOx,129.99,ppm,Stack_1
AM00335,MP021,2025-09-07 12:00:00,PM2.5,127.24,μg/m3,Stack_5
AM00336,MP021,2025-09-07 18:00:00,CO,86.4,ppm,Stack_1
AM00337,MP025,2025-09-07 00:00:00,CO,24.69,ppm,Stack_4
AM00338,MP025,2025-09-07 06:00:00,CO,149.44,ppm,Stack_3
AM00339,MP025,2025-09-07 12:00:00,PM10,95.62,μg/m3,Stack_1
AM00340,MP025,2025-09-07 18:00:00,Dust,126.11,ppm,Stack_3
AM00341,MP029,2025-09-07 00:00:00,PM2.5,50.25,μg/m3,Stack_4
AM00342,MP029,2025-09-07 06:00:00,SOx,10.65,ppm,Stack_1
AM00343,MP029,2025-09-07 12:00:00,PM10,141.16,μg/m3,Stack_2
AM00344,MP029,2025-09-07 18:00:00,VOCs,42.45,ppm,Stack_4
AM00345,MP033,2025-09-07 00:00:00,PM2.5,45.7,μg/m3,Stack_4
AM00346,MP033,2025-09-07 06:00:00,PM10,146.39,μg/m3,Stack_3
AM00347,MP033,2025-09-07 12:00:00,PM10,77.25,μg/m3,Stack_3
AM00348,MP033,2025-09-07 18:00:00,NOx,8.3,ppm,Stack_3
AM00349,MP037,2025-09-07 00:00:00,SOx,31.79,ppm,Stack_1
AM00350,MP037,2025-09-07 06:00:00,Dust,24.93,ppm,Stack_5
AM00351,MP037,2025-09-07 12:00:00,CO,91.93,ppm,Stack_1
AM00352,MP037,2025-09-07 18:00:00,SOx,21.44,ppm,Stack_3
AM00353,MP041,2025-09-07 00:00:00,Dust,53.4,ppm,Stack_1
AM00354,MP041,2025-09-07 06:00:00,PM2.5,88.58,μg/m3,Stack_5
AM00355,MP041,2025-09-07 12:00:00,Dust,16.43,ppm,Stack_1
AM00356,MP041,2025-09-07 18:00:00,SOx,50.17,ppm,Stack_5
AM00357,MP045,2025-09-07 00:00:00,Dust,83.49,ppm,Stack_1
AM00358,MP045,2025-09-07 06:00:00,Dust,108.36,ppm,Stack_5
AM00359,MP045,2025-09-07 12:00:00,Dust,105.12,ppm,Stack_3
AM00360,MP045,2025-09-07 18:00:00,CO,100.4,ppm,Stack_1
AM00361,MP049,2025-09-07 00:00:00,NOx,114.08,ppm,Stack_1
AM00362,MP049,2025-09-07 06:00:00,SOx,138.23,ppm,Stack_4
AM00363,MP049,2025-09-07 12:00:00,PM10,100.4,μg/m3,Stack_3
AM00364,MP049,2025-09-07 18:00:00,VOCs,12.55,ppm,Stack_1
AM00365,MP001,2025-09-08 00:00:00,PM10,142.6,μg/m3,Stack_5
AM00366,MP001,2025-09-08 06:00:00,PM10,20.49,μg/m3,Stack_4
AM00367,MP001,2025-09-08 12:00:00,PM10,73.04,μg/m3,Stack_3
AM00368,MP001,2025-09-08 18:00:00,NOx,83.58,ppm,Stack_3
AM00369,MP005,2025-09-08 00:00:00,PM2.5,90.67,μg/m3,Stack_5
AM00370,MP005,2025-09-08 06:00:00,Dust,40.9,ppm,Stack_3
AM00371,MP005,2025-09-08 12:00:00,PM2.5,31.84,μg/m3,Stack_5
AM00372,MP005,2025-09-08 18:00:00,VOCs,130.67,ppm,Stack_1
AM00373,MP009,2025-09-08 00:00:00,NOx,36.67,ppm,Stack_2
AM00374,MP009,2025-09-08 06:00:00,PM2.5,111.99,μg/m3,Stack_5
AM00375,MP009,2025-09-08 12:00:00,PM2.5,148.5,μg/m3,Stack_1
AM00376,MP009,2025-09-08 18:00:00,VOCs,80.83,ppm,Stack_3
AM00377,MP013,2025-09-08 00:00:00,CO,120.23,ppm,Stack_2
AM00378,MP013,2025-09-08 06:00:00,NOx,84.4,ppm,Stack_1
AM00379,MP013,2025-09-08 12:00:00,NOx,35.6,ppm,Stack_4
AM00380,MP013,2025-09-08 18:00:00,PM2.5,124.63,μg/m3,Stack_3
AM00381,MP017,2025-09-08 00:00:00,SOx,24.75,ppm,Stack_5
AM00382,MP017,2025-09-08 06:00:00,NOx,137.06,ppm,Stack_3
AM00383,MP017,2025-09-08 12:00:00,SOx,41.11,ppm,Stack_1
AM00384,MP017,2025-09-08 18:00:00,VOCs,65.93,ppm,Stack_5
AM00385,MP021,2025-09-08 00:00:00,NOx,5.21,ppm,Stack_1
AM00386,MP021,2025-09-08 06:00:00,NOx,90.66,ppm,Stack_3
AM00387,MP021,2025-09-08 12:00:00,VOCs,23.59,ppm,Stack_2
AM00388,MP021,2025-09-08 18:00:00,Dust,97.92,ppm,Stack_1
AM00389,MP025,2025-09-08 00:00:00,VOCs,41.07,ppm,Stack_1
AM00390,MP025,2025-09-08 06:00:00,PM2.5,149.73,μg/m3,Stack_1
AM00391,MP025,2025-09-08 12:00:00,VOCs,15.47,ppm,Stack_4
AM00392,MP025,2025-09-08 18:00:00,PM2.5,144.96,μg/m3,Stack_3
AM00393,MP029,2025-09-08 00:00:00,PM10,88.31,μg/m3,Stack_2
AM00394,MP029,2025-09-08 06:00:00,VOCs,21.06,ppm,Stack_1
AM00395,MP029,2025-09-08 12:00:00,NOx,20.51,ppm,Stack_2
AM00396,MP029,2025-09-08 18:00:00,NOx,25.94,ppm,Stack_1
AM00397,MP033,2025-09-08 00:00:00,Dust,58.47,ppm,Stack_4
AM00398,MP033,2025-09-08 06:00:00,NOx,100.63,ppm,Stack_3
AM00399,MP033,2025-09-08 12:00:00,NOx,101.15,ppm,Stack_2
AM00400,MP033,2025-09-08 18:00:00,PM2.5,61.44,μg/m3,Stack_2
AM00401,MP037,2025-09-08 00:00:00,Dust,101.55,ppm,Stack_2
AM00402,MP037,2025-09-08 06:00:00,NOx,75.89,ppm,Stack_3
AM00403,MP037,2025-09-08 12:00:00,NOx,12.1,ppm,Stack_1
AM00404,MP037,2025-09-08 18:00:00,NOx,72.22,ppm,Stack_1
AM00405,MP041,2025-09-08 00:00:00,Dust,133.9,ppm,Stack_1
AM00406,MP041,2025-09-08 06:00:00,VOCs,71.52,ppm,Stack_3
AM00407,MP041,2025-09-08 12:00:00,PM2.5,64.94,μg/m3,Stack_3
AM00408,MP041,2025-09-08 18:00:00,PM2.5,46.1,μg/m3,Stack_2
AM00409,MP045,2025-09-08 00:00:00,NOx,116.51,ppm,Stack_4
AM00410,MP045,2025-09-08 06:00:00,Dust,115.58,ppm,Stack_1
AM00411,MP045,2025-09-08 12:00:00,CO,70.89,ppm,Stack_3
AM00412,MP045,2025-09-08 18:00:00,VOCs,37.53,ppm,Stack_2
AM00413,MP049,2025-09-08 00:00:00,VOCs,130.26,ppm,Stack_4
AM00414,MP049,2025-09-08 06:00:00,NOx,44.1,ppm,Stack_4
AM00415,MP049,2025-09-08 12:00:00,PM2.5,68.53,μg/m3,Stack_2
AM00416,MP049,2025-09-08 18:00:00,PM10,118.25,μg/m3,Stack_4
AM00417,MP001,2025-09-09 00:00:00,NOx,36.74,ppm,Stack_5
AM00418,MP001,2025-09-09 06:00:00,CO,98.07,ppm,Stack_2
AM00419,MP001,2025-09-09 12:00:00,PM10,43.81,μg/m3,Stack_3
AM00420,MP001,2025-09-09 18:00:00,CO,41.95,ppm,Stack_1
AM00421,MP005,2025-09-09 00:00:00,SOx,129.99,ppm,Stack_5
AM00422,MP005,2025-09-09 06:00:00,Dust,49.98,ppm,Stack_4
AM00423,MP005,2025-09-09 12:00:00,PM10,14.13,μg/m3,Stack_1
AM00424,MP005,2025-09-09 18:00:00,PM2.5,135.32,μg/m3,Stack_3
AM00425,MP009,2025-09-09 00:00:00,Dust,40.42,ppm,Stack_5
AM00426,MP009,2025-09-09 06:00:00,Dust,93.97,ppm,Stack_5
AM00427,MP009,2025-09-09 12:00:00,PM2.5,95.99,μg/m3,Stack_5
AM00428,MP009,2025-09-09 18:00:00,PM10,26.62,μg/m3,Stack_1
AM00429,MP013,2025-09-09 00:00:00,SOx,116.43,ppm,Stack_5
AM00430,MP013,2025-09-09 06:00:00,NOx,87.35,ppm,Stack_1
AM00431,MP013,2025-09-09 12:00:00,NOx,33.05,ppm,Stack_1
AM00432,MP013,2025-09-09 18:00:00,VOCs,49.42,ppm,Stack_4
AM00433,MP017,2025-09-09 00:00:00,SOx,105.92,ppm,Stack_3
AM00434,MP017,2025-09-09 06:00:00,CO,33.92,ppm,Stack_4
AM00435,MP017,2025-09-09 12:00:00,VOCs,127.08,ppm,Stack_5
AM00436,MP017,2025-09-09 18:00:00,CO,86.78,ppm,Stack_1
AM00437,MP021,2025-09-09 00:00:00,NOx,73.42,ppm,Stack_2
AM00438,MP021,2025-09-09 06:00:00,PM2.5,52.08,μg/m3,Stack_3
AM00439,MP021,2025-09-09 12:00:00,SOx,73.35,ppm,Stack_2
AM00440,MP021,2025-09-09 18:00:00,CO,53.35,ppm,Stack_2
AM00441,MP025,2025-09-09 00:00:00,NOx,143.84,ppm,Stack_1
AM00442,MP025,2025-09-09 06:00:00,VOCs,16.06,ppm,Stack_5
AM00443,MP025,2025-09-09 12:00:00,PM2.5,38.54,μg/m3,Stack_1
AM00444,MP025,2025-09-09 18:00:00,PM2.5,72.73,μg/m3,Stack_5
AM00445,MP029,2025-09-09 00:00:00,VOCs,15.53,ppm,Stack_5
AM00446,MP029,2025-09-09 06:00:00,NOx,109.17,ppm,Stack_2
AM00447,MP029,2025-09-09 12:00:00,VOCs,36.11,ppm,Stack_3
AM00448,MP029,2025-09-09 18:00:00,PM10,10.31,μg/m3,Stack_1
AM00449,MP033,2025-09-09 00:00:00,CO,64.33,ppm,Stack_3
AM00450,MP033,2025-09-09 06:00:00,VOCs,90.35,ppm,Stack_4
AM00451,MP033,2025-09-09 12:00:00,PM2.5,18.56,μg/m3,Stack_2
AM00452,MP033,2025-09-09 18:00:00,CO,22.22,ppm,Stack_3
AM00453,MP037,2025-09-09 00:00:00,Dust,91.76,ppm,Stack_2
AM00454,MP037,2025-09-09 06:00:00,PM10,74.02,μg/m3,Stack_3
AM00455,MP037,2025-09-09 12:00:00,CO,29.22,ppm,Stack_1
AM00456,MP037,2025-09-09 18:00:00,Dust,75.98,ppm,Stack_2
AM00457,MP041,2025-09-09 00:00:00,Dust,64.71,ppm,Stack_3
AM00458,MP041,2025-09-09 06:00:00,PM10,17.86,μg/m3,Stack_5
AM00459,MP041,2025-09-09 12:00:00,PM2.5,139.1,μg/m3,Stack_3
AM00460,MP041,2025-09-09 18:00:00,PM10,66.93,μg/m3,Stack_3
AM00461,MP045,2025-09-09 00:00:00,SOx,114.23,ppm,Stack_5
AM00462,MP045,2025-09-09 06:00:00,VOCs,28.82,ppm,Stack_1
AM00463,MP045,2025-09-09 12:00:00,VOCs,87.9,ppm,Stack_3
AM00464,MP045,2025-09-09 18:00:00,PM2.5,29.95,μg/m3,Stack_2
AM00465,MP049,2025-09-09 00:00:00,PM2.5,111.93,μg/m3,Stack_2
AM00466,MP049,2025-09-09 06:00:00,PM2.5,124.96,μg/m3,Stack_2
AM00467,MP049,2025-09-09 12:00:00,PM2.5,47.77,μg/m3,Stack_1
AM00468,MP049,2025-09-09 18:00:00,VOCs,70.17,ppm,Stack_5
AM00469,MP001,2025-09-10 00:00:00,PM2.5,9.57,μg/m3,Stack_2
AM00470,MP001,2025-09-10 06:00:00,SOx,95.93,ppm,Stack_3
AM00471,MP001,2025-09-10 12:00:00,Dust,104.58,ppm,Stack_2
AM00472,MP001,2025-09-10 18:00:00,VOCs,14.17,ppm,Stack_2
AM00473,MP005,2025-09-10 00:00:00,NOx,59.82,ppm,Stack_2
AM00474,MP005,2025-09-10 06:00:00,SOx,10.09,ppm,Stack_2
AM00475,MP005,2025-09-10 12:00:00,VOCs,127.22,ppm,Stack_4
AM00476,MP005,2025-09-10 18:00:00,PM10,17.3,μg/m3,Stack_2
AM00477,MP009,2025-09-10 00:00:00,PM2.5,15.62,μg/m3,Stack_4
AM00478,MP009,2025-09-10 06:00:00,PM10,68.02,μg/m3,Stack_2
AM00479,MP009,2025-09-10 12:00:00,SOx,108.49,ppm,Stack_5
AM00480,MP009,2025-09-10 18:00:00,VOCs,81.98,ppm,Stack_5
AM00481,MP013,2025-09-10 00:00:00,CO,147.74,ppm,Stack_4
AM00482,MP013,2025-09-10 06:00:00,PM2.5,125.17,μg/m3,Stack_5
AM00483,MP013,2025-09-10 12:00:00,CO,100.77,ppm,Stack_2
AM00484,MP013,2025-09-10 18:00:00,NOx,66.61,ppm,Stack_5
AM00485,MP017,2025-09-10 00:00:00,Dust,120.23,ppm,Stack_3
AM00486,MP017,2025-09-10 06:00:00,SOx,42.73,ppm,Stack_2
AM00487,MP017,2025-09-10 12:00:00,VOCs,120.75,ppm,Stack_1
AM00488,MP017,2025-09-10 18:00:00,PM2.5,63.84,μg/m3,Stack_4
AM00489,MP021,2025-09-10 00:00:00,Dust,82.64,ppm,Stack_1
AM00490,MP021,2025-09-10 06:00:00,Dust,89.3,ppm,Stack_2
AM00491,MP021,2025-09-10 12:00:00,PM10,38.31,μg/m3,Stack_5
AM00492,MP021,2025-09-10 18:00:00,Dust,21.41,ppm,Stack_4
AM00493,MP025,2025-09-10 00:00:00,NOx,136.85,ppm,Stack_5
AM00494,MP025,2025-09-10 06:00:00,VOCs,111.95,ppm,Stack_2
AM00495,MP025,2025-09-10 12:00:00,PM10,80.1,μg/m3,Stack_5
AM00496,MP025,2025-09-10 18:00:00,PM2.5,120.85,μg/m3,Stack_2
AM00497,MP029,2025-09-10 00:00:00,PM10,78.72,μg/m3,Stack_5
AM00498,MP029,2025-09-10 06:00:00,CO,133.24,ppm,Stack_2
AM00499,MP029,2025-09-10 12:00:00,CO,85.08,ppm,Stack_3
AM00500,MP029,2025-09-10 18:00:00,CO,82.95,ppm,Stack_3
AM00501,MP033,2025-09-10 00:00:00,SOx,53.15,ppm,Stack_2
AM00502,MP033,2025-09-10 06:00:00,Dust,30.85,ppm,Stack_4
AM00503,MP033,2025-09-10 12:00:00,NOx,128.29,ppm,Stack_2
AM00504,MP033,2025-09-10 18:00:00,PM2.5,121.42,μg/m3,Stack_2
AM00505,MP037,2025-09-10 00:00:00,VOCs,97.26,ppm,Stack_5
AM00506,MP037,2025-09-10 06:00:00,PM2.5,95.6,μg/m3,Stack_1
AM00507,MP037,2025-09-10 12:00:00,NOx,109.53,ppm,Stack_5
AM00508,MP037,2025-09-10 18:00:00,PM10,111.97,μg/m3,Stack_3
AM00509,MP041,2025-09-10 00:00:00,NOx,28.87,ppm,Stack_3
AM00510,MP041,2025-09-10 06:00:00,Dust,53.96,ppm,Stack_1
AM00511,MP041,2025-09-10 12:00:00,Dust,6.67,ppm,Stack_1
AM00512,MP041,2025-09-10 18:00:00,Dust,101.41,ppm,Stack_1
AM00513,MP045,2025-09-10 00:00:00,Dust,122.39,ppm,Stack_1
AM00514,MP045,2025-09-10 06:00:00,PM10,51.76,μg/m3,Stack_5
AM00515,MP045,2025-09-10 12:00:00,PM10,16.98,μg/m3,Stack_2
AM00516,MP045,2025-09-10 18:00:00,NOx,143.2,ppm,Stack_1
AM00517,MP049,2025-09-10 00:00:00,NOx,118.63,ppm,Stack_5
AM00518,MP049,2025-09-10 06:00:00,VOCs,58.87,ppm,Stack_5
AM00519,MP049,2025-09-10 12:00:00,PM10,109.29,μg/m3,Stack_3
AM00520,MP049,2025-09-10 18:00:00,SOx,59.96,ppm,Stack_1
AM00521,MP001,2025-09-11 00:00:00,Dust,137.57,ppm,Stack_3
AM00522,MP001,2025-09-11 06:00:00,Dust,47.36,ppm,Stack_2
AM00523,MP001,2025-09-11 12:00:00,PM10,84.14,μg/m3,Stack_2
AM00524,MP001,2025-09-11 18:00:00,CO,101.88,ppm,Stack_5
AM00525,MP005,2025-09-11 00:00:00,NOx,46.64,ppm,Stack_5
AM00526,MP005,2025-09-11 06:00:00,Dust,16.11,ppm,Stack_2
AM00527,MP005,2025-09-11 12:00:00,Dust,115.67,ppm,Stack_5
AM00528,MP005,2025-09-11 18:00:00,CO,119.3,ppm,Stack_3
AM00529,MP009,2025-09-11 00:00:00,NOx,72.99,ppm,Stack_5
AM00530,MP009,2025-09-11 06:00:00,NOx,72.76,ppm,Stack_1
AM00531,MP009,2025-09-11 12:00:00,CO,12.08,ppm,Stack_3
AM00532,MP009,2025-09-11 18:00:00,PM2.5,59.79,μg/m3,Stack_3
AM00533,MP013,2025-09-11 00:00:00,PM10,57.41,μg/m3,Stack_5
AM00534,MP013,2025-09-11 06:00:00,SOx,81.86,ppm,Stack_4
AM00535,MP013,2025-09-11 12:00:00,NOx,86.64,ppm,Stack_2
AM00536,MP013,2025-09-11 18:00:00,NOx,26.64,ppm,Stack_3
AM00537,MP017,2025-09-11 00:00:00,CO,38.04,ppm,Stack_3
AM00538,MP017,2025-09-11 06:00:00,SOx,100.89,ppm,Stack_3
AM00539,MP017,2025-09-11 12:00:00,SOx,124.13,ppm,Stack_5
AM00540,MP017,2025-09-11 18:00:00,NOx,110.79,ppm,Stack_5
AM00541,MP021,2025-09-11 00:00:00,VOCs,10.71,ppm,Stack_4
AM00542,MP021,2025-09-11 06:00:00,PM10,63.98,μg/m3,Stack_2
AM00543,MP021,2025-09-11 12:00:00,NOx,92.3,ppm,Stack_5
AM00544,MP021,2025-09-11 18:00:00,CO,71.7,ppm,Stack_3
AM00545,MP025,2025-09-11 00:00:00,Dust,149.82,ppm,Stack_5
AM00546,MP025,2025-09-11 06:00:00,Dust,97.26,ppm,Stack_5
AM00547,MP025,2025-09-11 12:00:00,PM2.5,23.24,μg/m3,Stack_1
AM00548,MP025,2025-09-11 18:00:00,SOx,121.29,ppm,Stack_1
AM00549,MP029,2025-09-11 00:00:00,Dust,61.79,ppm,Stack_5
AM00550,MP029,2025-09-11 06:00:00,PM10,134.08,μg/m3,Stack_5
AM00551,MP029,2025-09-11 12:00:00,VOCs,5.72,ppm,Stack_3
AM00552,MP029,2025-09-11 18:00:00,Dust,98.35,ppm,Stack_5
AM00553,MP033,2025-09-11 00:00:00,NOx,77.27,ppm,Stack_2
AM00554,MP033,2025-09-11 06:00:00,CO,33.11,ppm,Stack_2
AM00555,MP033,2025-09-11 12:00:00,CO,98.92,ppm,Stack_4
AM00556,MP033,2025-09-11 18:00:00,SOx,40.12,ppm,Stack_1
AM00557,MP037,2025-09-11 00:00:00,PM2.5,106.01,μg/m3,Stack_5
AM00558,MP037,2025-09-11 06:00:00,VOCs,47.8,ppm,Stack_2
AM00559,MP037,2025-09-11 12:00:00,CO,87.86,ppm,Stack_3
AM00560,MP037,2025-09-11 18:00:00,NOx,48.15,ppm,Stack_1
AM00561,MP041,2025-09-11 00:00:00,PM2.5,132.52,μg/m3,Stack_2
AM00562,MP041,2025-09-11 06:00:00,SOx,109.73,ppm,Stack_5
AM00563,MP041,2025-09-11 12:00:00,NOx,36.01,ppm,Stack_3
AM00564,MP041,2025-09-11 18:00:00,Dust,41.52,ppm,Stack_4
AM00565,MP045,2025-09-11 00:00:00,Dust,10.91,ppm,Stack_4
AM00566,MP045,2025-09-11 06:00:00,SOx,142.09,ppm,Stack_4
AM00567,MP045,2025-09-11 12:00:00,PM2.5,56.43,μg/m3,Stack_3
AM00568,MP045,2025-09-11 18:00:00,Dust,47.14,ppm,Stack_1
AM00569,MP049,2025-09-11 00:00:00,PM2.5,63.48,μg/m3,Stack_2
AM00570,MP049,2025-09-11 06:00:00,VOCs,102.98,ppm,Stack_3
AM00571,MP049,2025-09-11 12:00:00,CO,104.06,ppm,Stack_3
AM00572,MP049,2025-09-11 18:00:00,PM2.5,144.09,μg/m3,Stack_1
AM00573,MP001,2025-09-12 00:00:00,VOCs,17.27,ppm,Stack_4
AM00574,MP001,2025-09-12 06:00:00,SOx,64.62,ppm,Stack_3
AM00575,MP001,2025-09-12 12:00:00,Dust,47.14,ppm,Stack_5
AM00576,MP001,2025-09-12 18:00:00,Dust,81.9,ppm,Stack_1
AM00577,MP005,2025-09-12 00:00:00,Dust,37.75,ppm,Stack_1
AM00578,MP005,2025-09-12 06:00:00,SOx,40.01,ppm,Stack_5
AM00579,MP005,2025-09-12 12:00:00,CO,30.88,ppm,Stack_3
AM00580,MP005,2025-09-12 18:00:00,SOx,110.2,ppm,Stack_2
AM00581,MP009,2025-09-12 00:00:00,NOx,93.46,ppm,Stack_1
AM00582,MP009,2025-09-12 06:00:00,VOCs,104.8,ppm,Stack_1
AM00583,MP009,2025-09-12 12:00:00,SOx,104.59,ppm,Stack_1
AM00584,MP009,2025-09-12 18:00:00,Dust,47.25,ppm,Stack_2
AM00585,MP013,2025-09-12 00:00:00,PM2.5,35.3,μg/m3,Stack_3
AM00586,MP013,2025-09-12 06:00:00,PM2.5,125.14,μg/m3,Stack_3
AM00587,MP013,2025-09-12 12:00:00,CO,50.69,ppm,Stack_1
AM00588,MP013,2025-09-12 18:00:00,NOx,110.63,ppm,Stack_2
AM00589,MP017,2025-09-12 00:00:00,Dust,19.82,ppm,Stack_1
AM00590,MP017,2025-09-12 06:00:00,VOCs,91.98,ppm,Stack_5
AM00591,MP017,2025-09-12 12:00:00,NOx,109.58,ppm,Stack_1
AM00592,MP017,2025-09-12 18:00:00,CO,12.01,ppm,Stack_2
AM00593,MP021,2025-09-12 00:00:00,PM2.5,91.03,μg/m3,Stack_2
AM00594,MP021,2025-09-12 06:00:00,NOx,36.43,ppm,Stack_4
AM00595,MP021,2025-09-12 12:00:00,VOCs,51.84,ppm,Stack_2
AM00596,MP021,2025-09-12 18:00:00,PM10,132.95,μg/m3,Stack_1
AM00597,MP025,2025-09-12 00:00:00,VOCs,16.14,ppm,Stack_1
AM00598,MP025,2025-09-12 06:00:00,Dust,93.72,ppm,Stack_5
AM00599,MP025,2025-09-12 12:00:00,NOx,114.97,ppm,Stack_3
AM00600,MP025,2025-09-12 18:00:00,NOx,18.82,ppm,Stack_5
AM00601,MP029,2025-09-12 00:00:00,Dust,64.04,ppm,Stack_5
AM00602,MP029,2025-09-12 06:00:00,VOCs,130.28,ppm,Stack_1
AM00603,MP029,2025-09-12 12:00:00,PM10,137.17,μg/m3,Stack_2
AM00604,MP029,2025-09-12 18:00:00,Dust,8.85,ppm,Stack_1
AM00605,MP033,2025-09-12 00:00:00,CO,20.48,ppm,Stack_4
AM00606,MP033,2025-09-12 06:00:00,PM10,84.71,μg/m3,Stack_5
AM00607,MP033,2025-09-12 12:00:00,CO,139.03,ppm,Stack_2
AM00608,MP033,2025-09-12 18:00:00,VOCs,59.71,ppm,Stack_4
AM00609,MP037,2025-09-12 00:00:00,VOCs,106.91,ppm,Stack_3
AM00610,MP037,2025-09-12 06:00:00,VOCs,46.13,ppm,Stack_5
AM00611,MP037,2025-09-12 12:00:00,PM10,144.25,μg/m3,Stack_4
AM00612,MP037,2025-09-12 18:00:00,PM10,132.93,μg/m3,Stack_2
AM00613,MP041,2025-09-12 00:00:00,NOx,58.35,ppm,Stack_3
AM00614,MP041,2025-09-12 06:00:00,PM2.5,133.45,μg/m3,Stack_1
AM00615,MP041,2025-09-12 12:00:00,SOx,92.54,ppm,Stack_1
AM00616,MP041,2025-09-12 18:00:00,Dust,81.26,ppm,Stack_5
AM00617,MP045,2025-09-12 00:00:00,SOx,20.78,ppm,Stack_3
AM00618,MP045,2025-09-12 06:00:00,PM2.5,38.55,μg/m3,Stack_5
AM00619,MP045,2025-09-12 12:00:00,NOx,54.73,ppm,Stack_1
AM00620,MP045,2025-09-12 18:00:00,CO,25.2,ppm,Stack_4
AM00621,MP049,2025-09-12 00:00:00,PM2.5,29.74,μg/m3,Stack_2
AM00622,MP049,2025-09-12 06:00:00,PM2.5,92.95,μg/m3,Stack_5
AM00623,MP049,2025-09-12 12:00:00,PM2.5,15.66,μg/m3,Stack_4
AM00624,MP049,2025-09-12 18:00:00,SOx,53.6,ppm,Stack_4
AM00625,MP001,2025-09-13 00:00:00,PM10,18.37,μg/m3,Stack_1
AM00626,MP001,2025-09-13 06:00:00,VOCs,113.17,ppm,Stack_3
AM00627,MP001,2025-09-13 12:00:00,PM2.5,80.35,μg/m3,Stack_4
AM00628,MP001,2025-09-13 18:00:00,VOCs,11.21,ppm,Stack_3
AM00629,MP005,2025-09-13 00:00:00,VOCs,8.08,ppm,Stack_3
AM00630,MP005,2025-09-13 06:00:00,PM2.5,76.39,μg/m3,Stack_4
AM00631,MP005,2025-09-13 12:00:00,NOx,68.13,ppm,Stack_1
AM00632,MP005,2025-09-13 18:00:00,CO,105.58,ppm,Stack_1
AM00633,MP009,2025-09-13 00:00:00,VOCs,23.67,ppm,Stack_1
AM00634,MP009,2025-09-13 06:00:00,PM10,141.86,μg/m3,Stack_1
AM00635,MP009,2025-09-13 12:00:00,CO,133.32,ppm,Stack_3
AM00636,MP009,2025-09-13 18:00:00,NOx,62.69,ppm,Stack_5
AM00637,MP013,2025-09-13 00:00:00,PM10,123.63,μg/m3,Stack_1
AM00638,MP013,2025-09-13 06:00:00,NOx,27.33,ppm,Stack_4
AM00639,MP013,2025-09-13 12:00:00,PM10,51.45,μg/m3,Stack_2
AM00640,MP013,2025-09-13 18:00:00,PM10,143.15,μg/m3,Stack_2
AM00641,MP017,2025-09-13 00:00:00,SOx,135.14,ppm,Stack_3
AM00642,MP017,2025-09-13 06:00:00,PM10,123.52,μg/m3,Stack_5
AM00643,MP017,2025-09-13 12:00:00,CO,31.59,ppm,Stack_5
AM00644,MP017,2025-09-13 18:00:00,PM10,75.38,μg/m3,Stack_4
AM00645,MP021,2025-09-13 00:00:00,NOx,115.64,ppm,Stack_2
AM00646,MP021,2025-09-13 06:00:00,CO,35.57,ppm,Stack_5
AM00647,MP021,2025-09-13 12:00:00,Dust,43.25,ppm,Stack_1
AM00648,MP021,2025-09-13 18:00:00,PM10,40.1,μg/m3,Stack_5
AM00649,MP025,2025-09-13 00:00:00,PM10,120.1,μg/m3,Stack_4
AM00650,MP025,2025-09-13 06:00:00,Dust,33.14,ppm,Stack_3
AM00651,MP025,2025-09-13 12:00:00,PM2.5,74.15,μg/m3,Stack_5
AM00652,MP025,2025-09-13 18:00:00,VOCs,134.59,ppm,Stack_2
AM00653,MP029,2025-09-13 00:00:00,NOx,11.69,ppm,Stack_2
AM00654,MP029,2025-09-13 06:00:00,VOCs,59.27,ppm,Stack_1
AM00655,MP029,2025-09-13 12:00:00,PM10,19.86,μg/m3,Stack_3
AM00656,MP029,2025-09-13 18:00:00,NOx,105.21,ppm,Stack_1
AM00657,MP033,2025-09-13 00:00:00,CO,124.23,ppm,Stack_5
AM00658,MP033,2025-09-13 06:00:00,SOx,149.01,ppm,Stack_5
AM00659,MP033,2025-09-13 12:00:00,VOCs,14.4,ppm,Stack_3
AM00660,MP033,2025-09-13 18:00:00,SOx,88.24,ppm,Stack_1
AM00661,MP037,2025-09-13 00:00:00,VOCs,149.33,ppm,Stack_3
AM00662,MP037,2025-09-13 06:00:00,CO,122.06,ppm,Stack_4
AM00663,MP037,2025-09-13 12:00:00,Dust,91.69,ppm,Stack_5
AM00664,MP037,2025-09-13 18:00:00,CO,141.68,ppm,Stack_4
AM00665,MP041,2025-09-13 00:00:00,Dust,95.55,ppm,Stack_4
AM00666,MP041,2025-09-13 06:00:00,Dust,118.18,ppm,Stack_3
AM00667,MP041,2025-09-13 12:00:00,Dust,85.14,ppm,Stack_5
AM00668,MP041,2025-09-13 18:00:00,Dust,92.05,ppm,Stack_4
AM00669,MP045,2025-09-13 00:00:00,PM10,133.93,μg/m3,Stack_3
AM00670,MP045,2025-09-13 06:00:00,PM2.5,82.61,μg/m3,Stack_3
AM00671,MP045,2025-09-13 12:00:00,CO,60.69,ppm,Stack_5
AM00672,MP045,2025-09-13 18:00:00,PM2.5,26.31,μg/m3,Stack_5
AM00673,MP049,2025-09-13 00:00:00,PM10,47.69,μg/m3,Stack_5
AM00674,MP049,2025-09-13 06:00:00,SOx,87.57,ppm,Stack_2
AM00675,MP049,2025-09-13 12:00:00,PM2.5,134.13,μg/m3,Stack_1
AM00676,MP049,2025-09-13 18:00:00,PM2.5,126.68,μg/m3,Stack_2
AM00677,MP001,2025-09-14 00:00:00,SOx,118.18,ppm,Stack_4
AM00678,MP001,2025-09-14 06:00:00,NOx,86.77,ppm,Stack_1
AM00679,MP001,2025-09-14 12:00:00,NOx,95.22,ppm,Stack_1
AM00680,MP001,2025-09-14 18:00:00,CO,73.58,ppm,Stack_4
AM00681,MP005,2025-09-14 00:00:00,VOCs,22.07,ppm,Stack_4
AM00682,MP005,2025-09-14 06:00:00,PM10,98.08,μg/m3,Stack_2
AM00683,MP005,2025-09-14 12:00:00,VOCs,36.31,ppm,Stack_5
AM00684,MP005,2025-09-14 18:00:00,VOCs,38.08,ppm,Stack_5
AM00685,MP009,2025-09-14 00:00:00,PM2.5,52.24,μg/m3,Stack_5
AM00686,MP009,2025-09-14 06:00:00,SOx,99.28,ppm,Stack_5
AM00687,MP009,2025-09-14 12:00:00,PM2.5,100.3,μg/m3,Stack_5
AM00688,MP009,2025-09-14 18:00:00,Dust,7.54,ppm,Stack_3
AM00689,MP013,2025-09-14 00:00:00,Dust,5.45,ppm,Stack_3
AM00690,MP013,2025-09-14 06:00:00,NOx,133.66,ppm,Stack_1
AM00691,MP013,2025-09-14 12:00:00,PM2.5,135.83,μg/m3,Stack_5
AM00692,MP013,2025-09-14 18:00:00,CO,67.95,ppm,Stack_1
AM00693,MP017,2025-09-14 00:00:00,CO,121.66,ppm,Stack_2
AM00694,MP017,2025-09-14 06:00:00,NOx,90.62,ppm,Stack_3
AM00695,MP017,2025-09-14 12:00:00,CO,103.1,ppm,Stack_4
AM00696,MP017,2025-09-14 18:00:00,VOCs,43.58,ppm,Stack_5
AM00697,MP021,2025-09-14 00:00:00,NOx,88.07,ppm,Stack_3
AM00698,MP021,2025-09-14 06:00:00,NOx,96.4,ppm,Stack_2
AM00699,MP021,2025-09-14 12:00:00,PM10,86.46,μg/m3,Stack_4
AM00700,MP021,2025-09-14 18:00:00,PM10,102.44,μg/m3,Stack_2
AM00701,MP025,2025-09-14 00:00:00,Dust,32.59,ppm,Stack_5
AM00702,MP025,2025-09-14 06:00:00,SOx,87.87,ppm,Stack_1
AM00703,MP025,2025-09-14 12:00:00,SOx,127.28,ppm,Stack_3
AM00704,MP025,2025-09-14 18:00:00,NOx,83.51,ppm,Stack_2
AM00705,MP029,2025-09-14 00:00:00,CO,120.46,ppm,Stack_3
AM00706,MP029,2025-09-14 06:00:00,Dust,78.81,ppm,Stack_1
AM00707,MP029,2025-09-14 12:00:00,Dust,9.27,ppm,Stack_2
AM00708,MP029,2025-09-14 18:00:00,NOx,114.09,ppm,Stack_1
AM00709,MP033,2025-09-14 00:00:00,PM10,101.82,μg/m3,Stack_5
AM00710,MP033,2025-09-14 06:00:00,NOx,92.06,ppm,Stack_4
AM00711,MP033,2025-09-14 12:00:00,PM10,149.77,μg/m3,Stack_1
AM00712,MP033,2025-09-14 18:00:00,Dust,147.05,ppm,Stack_4
AM00713,MP037,2025-09-14 00:00:00,CO,34.3,ppm,Stack_1
AM00714,MP037,2025-09-14 06:00:00,VOCs,33.03,ppm,Stack_5
AM00715,MP037,2025-09-14 12:00:00,SOx,124.42,ppm,Stack_1
AM00716,MP037,2025-09-14 18:00:00,PM10,142.07,μg/m3,Stack_4
AM00717,MP041,2025-09-14 00:00:00,CO,13.12,ppm,Stack_3
AM00718,MP041,2025-09-14 06:00:00,PM10,47.49,μg/m3,Stack_5
AM00719,MP041,2025-09-14 12:00:00,PM10,129.39,μg/m3,Stack_3
AM00720,MP041,2025-09-14 18:00:00,PM10,70.7,μg/m3,Stack_2
AM00721,MP045,2025-09-14 00:00:00,Dust,96.28,ppm,Stack_2
AM00722,MP045,2025-09-14 06:00:00,Dust,89.46,ppm,Stack_4
AM00723,MP045,2025-09-14 12:00:00,VOCs,64.61,ppm,Stack_2
AM00724,MP045,2025-09-14 18:00:00,PM10,110.85,μg/m3,Stack_2
AM00725,MP049,2025-09-14 00:00:00,VOCs,45.57,ppm,Stack_1
AM00726,MP049,2025-09-14 06:00:00,NOx,68.89,ppm,Stack_5
AM00727,MP049,2025-09-14 12:00:00,SOx,61.66,ppm,Stack_1
AM00728,MP049,2025-09-14 18:00:00,VOCs,141.72,ppm,Stack_2
AM00729,MP001,2025-09-15 00:00:00,VOCs,63.47,ppm,Stack_4
AM00730,MP001,2025-09-15 06:00:00,VOCs,23.85,ppm,Stack_2
AM00731,MP001,2025-09-15 12:00:00,SOx,7.82,ppm,Stack_1
AM00732,MP001,2025-09-15 18:00:00,VOCs,131.51,ppm,Stack_4
AM00733,MP005,2025-09-15 00:00:00,NOx,138.85,ppm,Stack_2
AM00734,MP005,2025-09-15 06:00:00,CO,106.4,ppm,Stack_5
AM00735,MP005,2025-09-15 12:00:00,PM10,116.52,μg/m3,Stack_3
AM00736,MP005,2025-09-15 18:00:00,PM10,62.61,μg/m3,Stack_5
AM00737,MP009,2025-09-15 00:00:00,VOCs,82.36,ppm,Stack_1
AM00738,MP009,2025-09-15 06:00:00,PM2.5,33.77,μg/m3,Stack_4
AM00739,MP009,2025-09-15 12:00:00,PM2.5,17.93,μg/m3,Stack_2
AM00740,MP009,2025-09-15 18:00:00,SOx,56.89,ppm,Stack_2
AM00741,MP013,2025-09-15 00:00:00,PM2.5,54.99,μg/m3,Stack_4
AM00742,MP013,2025-09-15 06:00:00,PM10,72.74,μg/m3,Stack_1
AM00743,MP013,2025-09-15 12:00:00,NOx,6.54,ppm,Stack_2
AM00744,MP013,2025-09-15 18:00:00,VOCs,19.74,ppm,Stack_5
AM00745,MP017,2025-09-15 00:00:00,PM2.5,5.07,μg/m3,Stack_1
AM00746,MP017,2025-09-15 06:00:00,PM2.5,113.8,μg/m3,Stack_2
AM00747,MP017,2025-09-15 12:00:00,Dust,79.43,ppm,Stack_3
AM00748,MP017,2025-09-15 18:00:00,PM2.5,72.82,μg/m3,Stack_5
AM00749,MP021,2025-09-15 00:00:00,CO,146.58,ppm,Stack_4
AM00750,MP021,2025-09-15 06:00:00,PM10,32.61,μg/m3,Stack_4
AM00751,MP021,2025-09-15 12:00:00,PM10,134.25,μg/m3,Stack_5
AM00752,MP021,2025-09-15 18:00:00,SOx,49.53,ppm,Stack_5
AM00753,MP025,2025-09-15 00:00:00,PM10,110.27,μg/m3,Stack_2
AM00754,MP025,2025-09-15 06:00:00,Dust,88.93,ppm,Stack_1
AM00755,MP025,2025-09-15 12:00:00,PM2.5,130.3,μg/m3,Stack_3
AM00756,MP025,2025-09-15 18:00:00,CO,11.24,ppm,Stack_1
AM00757,MP029,2025-09-15 00:00:00,NOx,44.93,ppm,Stack_1
AM00758,MP029,2025-09-15 06:00:00,PM2.5,70.5,μg/m3,Stack_3
AM00759,MP029,2025-09-15 12:00:00,Dust,19.73,ppm,Stack_4
AM00760,MP029,2025-09-15 18:00:00,CO,20.7,ppm,Stack_2
AM00761,MP033,2025-09-15 00:00:00,NOx,112.43,ppm,Stack_4
AM00762,MP033,2025-09-15 06:00:00,VOCs,79.44,ppm,Stack_2
AM00763,MP033,2025-09-15 12:00:00,PM10,7.03,μg/m3,Stack_2
AM00764,MP033,2025-09-15 18:00:00,VOCs,18.38,ppm,Stack_4
AM00765,MP037,2025-09-15 00:00:00,Dust,90.4,ppm,Stack_2
AM00766,MP037,2025-09-15 06:00:00,PM10,96.1,μg/m3,Stack_3
AM00767,MP037,2025-09-15 12:00:00,CO,139.93,ppm,Stack_4
AM00768,MP037,2025-09-15 18:00:00,PM2.5,88.02,μg/m3,Stack_3
AM00769,MP041,2025-09-15 00:00:00,VOCs,125.31,ppm,Stack_5
AM00770,MP041,2025-09-15 06:00:00,NOx,38.91,ppm,Stack_4
AM00771,MP041,2025-09-15 12:00:00,Dust,124.82,ppm,Stack_5
AM00772,MP041,2025-09-15 18:00:00,PM2.5,132.11,μg/m3,Stack_5
AM00773,MP045,2025-09-15 00:00:00,PM2.5,83.81,μg/m3,Stack_3
AM00774,MP045,2025-09-15 06:00:00,NOx,9.23,ppm,Stack_2
AM00775,MP045,2025-09-15 12:00:00,CO,113.79,ppm,Stack_1
AM00776,MP045,2025-09-15 18:00:00,NOx,118.91,ppm,Stack_5
AM00777,MP049,2025-09-15 00:00:00,CO,109.28,ppm,Stack_4
AM00778,MP049,2025-09-15 06:00:00,NOx,103.71,ppm,Stack_1
AM00779,MP049,2025-09-15 12:00:00,NOx,74.36,ppm,Stack_1
AM00780,MP049,2025-09-15 18:00:00,NOx,129.83,ppm,Stack_4
AM00781,MP001,2025-09-16 00:00:00,PM2.5,135.55,μg/m3,Stack_5
AM00782,MP001,2025-09-16 06:00:00,Dust,122.1,ppm,Stack_1
AM00783,MP001,2025-09-16 12:00:00,SOx,115.86,ppm,Stack_4
AM00784,MP001,2025-09-16 18:00:00,CO,25.83,ppm,Stack_2
AM00785,MP005,2025-09-16 00:00:00,PM2.5,37.47,μg/m3,Stack_3
AM00786,MP005,2025-09-16 06:00:00,SOx,102.71,ppm,Stack_1
AM00787,MP005,2025-09-16 12:00:00,NOx,103.42,ppm,Stack_3
AM00788,MP005,2025-09-16 18:00:00,PM10,117.71,μg/m3,Stack_5
AM00789,MP009,2025-09-16 00:00:00,NOx,140.87,ppm,Stack_3
AM00790,MP009,2025-09-16 06:00:00,NOx,87.57,ppm,Stack_1
AM00791,MP009,2025-09-16 12:00:00,CO,99.44,ppm,Stack_2
AM00792,MP009,2025-09-16 18:00:00,PM10,147.35,μg/m3,Stack_2
AM00793,MP013,2025-09-16 00:00:00,SOx,87.34,ppm,Stack_4
AM00794,MP013,2025-09-16 06:00:00,Dust,91.15,ppm,Stack_1
AM00795,MP013,2025-09-16 12:00:00,CO,90.64,ppm,Stack_3
AM00796,MP013,2025-09-16 18:00:00,PM2.5,67.34,μg/m3,Stack_5
AM00797,MP017,2025-09-16 00:00:00,CO,46.88,ppm,Stack_5
AM00798,MP017,2025-09-16 06:00:00,Dust,7.34,ppm,Stack_2
AM00799,MP017,2025-09-16 12:00:00,PM2.5,134.37,μg/m3,Stack_1
AM00800,MP017,2025-09-16 18:00:00,Dust,52.98,ppm,Stack_1
AM00801,MP021,2025-09-16 00:00:00,CO,105.31,ppm,Stack_2
AM00802,MP021,2025-09-16 06:00:00,VOCs,127.06,ppm,Stack_4
AM00803,MP021,2025-09-16 12:00:00,VOCs,91.74,ppm,Stack_3
AM00804,MP021,2025-09-16 18:00:00,CO,145.51,ppm,Stack_2
AM00805,MP025,2025-09-16 00:00:00,SOx,132.96,ppm,Stack_3
AM00806,MP025,2025-09-16 06:00:00,Dust,111.64,ppm,Stack_5
AM00807,MP025,2025-09-16 12:00:00,CO,96.28,ppm,Stack_1
AM00808,MP025,2025-09-16 18:00:00,SOx,55.28,ppm,Stack_5
AM00809,MP029,2025-09-16 00:00:00,CO,71.39,ppm,Stack_1
AM00810,MP029,2025-09-16 06:00:00,VOCs,99.95,ppm,Stack_1
AM00811,MP029,2025-09-16 12:00:00,SOx,138.93,ppm,Stack_2
AM00812,MP029,2025-09-16 18:00:00,CO,63.24,ppm,Stack_4
AM00813,MP033,2025-09-16 00:00:00,NOx,33.42,ppm,Stack_2
AM00814,MP033,2025-09-16 06:00:00,PM10,140.42,μg/m3,Stack_4
AM00815,MP033,2025-09-16 12:00:00,SOx,60.17,ppm,Stack_1
AM00816,MP033,2025-09-16 18:00:00,CO,14.2,ppm,Stack_4
AM00817,MP037,2025-09-16 00:00:00,NOx,93.51,ppm,Stack_4
AM00818,MP037,2025-09-16 06:00:00,NOx,83.59,ppm,Stack_5
AM00819,MP037,2025-09-16 12:00:00,CO,137.72,ppm,Stack_5
AM00820,MP037,2025-09-16 18:00:00,NOx,109.19,ppm,Stack_2
AM00821,MP041,2025-09-16 00:00:00,Dust,125.94,ppm,Stack_3
AM00822,MP041,2025-09-16 06:00:00,CO,88.64,ppm,Stack_4
AM00823,MP041,2025-09-16 12:00:00,VOCs,10.54,ppm,Stack_5
AM00824,MP041,2025-09-16 18:00:00,SOx,103.83,ppm,Stack_1
AM00825,MP045,2025-09-16 00:00:00,NOx,98.31,ppm,Stack_2
AM00826,MP045,2025-09-16 06:00:00,SOx,12.52,ppm,Stack_3
AM00827,MP045,2025-09-16 12:00:00,PM10,101.22,μg/m3,Stack_3
AM00828,MP045,2025-09-16 18:00:00,Dust,149.2,ppm,Stack_4
AM00829,MP049,2025-09-16 00:00:00,VOCs,94.83,ppm,Stack_4
AM00830,MP049,2025-09-16 06:00:00,CO,10.56,ppm,Stack_1
AM00831,MP049,2025-09-16 12:00:00,PM2.5,45.54,μg/m3,Stack_5
AM00832,MP049,2025-09-16 18:00:00,PM2.5,117.86,μg/m3,Stack_3
AM00833,MP001,2025-09-17 00:00:00,Dust,59.31,ppm,Stack_3
AM00834,MP001,2025-09-17 06:00:00,PM2.5,140.46,μg/m3,Stack_4
AM00835,MP001,2025-09-17 12:00:00,NOx,91.07,ppm,Stack_2
AM00836,MP001,2025-09-17 18:00:00,PM2.5,56.19,μg/m3,Stack_5
AM00837,MP005,2025-09-17 00:00:00,SOx,31.92,ppm,Stack_2
AM00838,MP005,2025-09-17 06:00:00,VOCs,142.99,ppm,Stack_5
AM00839,MP005,2025-09-17 12:00:00,VOCs,88.53,ppm,Stack_3
AM00840,MP005,2025-09-17 18:00:00,Dust,61.75,ppm,Stack_2
AM00841,MP009,2025-09-17 00:00:00,Dust,141.39,ppm,Stack_5
AM00842,MP009,2025-09-17 06:00:00,CO,140.51,ppm,Stack_3
AM00843,MP009,2025-09-17 12:00:00,NOx,28.84,ppm,Stack_1
AM00844,MP009,2025-09-17 18:00:00,VOCs,103.68,ppm,Stack_3
AM00845,MP013,2025-09-17 00:00:00,PM2.5,82.29,μg/m3,Stack_3
AM00846,MP013,2025-09-17 06:00:00,VOCs,148.46,ppm,Stack_4
AM00847,MP013,2025-09-17 12:00:00,PM2.5,137.52,μg/m3,Stack_3
AM00848,MP013,2025-09-17 18:00:00,NOx,29.31,ppm,Stack_5
AM00849,MP017,2025-09-17 00:00:00,PM2.5,63.53,μg/m3,Stack_5
AM00850,MP017,2025-09-17 06:00:00,PM2.5,130.91,μg/m3,Stack_2
AM00851,MP017,2025-09-17 12:00:00,SOx,81.81,ppm,Stack_3
AM00852,MP017,2025-09-17 18:00:00,PM10,37.42,μg/m3,Stack_5
AM00853,MP021,2025-09-17 00:00:00,PM10,86.19,μg/m3,Stack_4
AM00854,MP021,2025-09-17 06:00:00,SOx,58.04,ppm,Stack_4
AM00855,MP021,2025-09-17 12:00:00,CO,43.11,ppm,Stack_4
AM00856,MP021,2025-09-17 18:00:00,Dust,86.01,ppm,Stack_1
AM00857,MP025,2025-09-17 00:00:00,CO,51.46,ppm,Stack_4
AM00858,MP025,2025-09-17 06:00:00,Dust,103.61,ppm,Stack_3
AM00859,MP025,2025-09-17 12:00:00,PM2.5,6.1,μg/m3,Stack_3
AM00860,MP025,2025-09-17 18:00:00,VOCs,95.36,ppm,Stack_5
AM00861,MP029,2025-09-17 00:00:00,Dust,88.66,ppm,Stack_1
AM00862,MP029,2025-09-17 06:00:00,NOx,91.86,ppm,Stack_2
AM00863,MP029,2025-09-17 12:00:00,PM10,33.88,μg/m3,Stack_3
AM00864,MP029,2025-09-17 18:00:00,CO,39.22,ppm,Stack_1
AM00865,MP033,2025-09-17 00:00:00,PM10,126.59,μg/m3,Stack_2
AM00866,MP033,2025-09-17 06:00:00,NOx,49.6,ppm,Stack_3
AM00867,MP033,2025-09-17 12:00:00,SOx,70.78,ppm,Stack_3
AM00868,MP033,2025-09-17 18:00:00,Dust,52.53,ppm,Stack_1
AM00869,MP037,2025-09-17 00:00:00,PM2.5,110.7,μg/m3,Stack_3
AM00870,MP037,2025-09-17 06:00:00,CO,133.48,ppm,Stack_4
AM00871,MP037,2025-09-17 12:00:00,NOx,110.54,ppm,Stack_5
AM00872,MP037,2025-09-17 18:00:00,PM10,39.53,μg/m3,Stack_4
AM00873,MP041,2025-09-17 00:00:00,NOx,128.48,ppm,Stack_1
AM00874,MP041,2025-09-17 06:00:00,PM10,144.17,μg/m3,Stack_3
AM00875,MP041,2025-09-17 12:00:00,Dust,26.7,ppm,Stack_1
AM00876,MP041,2025-09-17 18:00:00,SOx,142.81,ppm,Stack_1
AM00877,MP045,2025-09-17 00:00:00,PM10,117.57,μg/m3,Stack_2
AM00878,MP045,2025-09-17 06:00:00,NOx,60.53,ppm,Stack_5
AM00879,MP045,2025-09-17 12:00:00,PM10,105.93,μg/m3,Stack_5
AM00880,MP045,2025-09-17 18:00:00,NOx,86.42,ppm,Stack_5
AM00881,MP049,2025-09-17 00:00:00,VOCs,126.06,ppm,Stack_4
AM00882,MP049,2025-09-17 06:00:00,PM10,44.39,μg/m3,Stack_2
AM00883,MP049,2025-09-17 12:00:00,PM2.5,127.48,μg/m3,Stack_5
AM00884,MP049,2025-09-17 18:00:00,CO,129.19,ppm,Stack_3
AM00885,MP001,2025-09-18 00:00:00,NOx,28.6,ppm,Stack_2
AM00886,MP001,2025-09-18 06:00:00,SOx,85.82,ppm,Stack_4
AM00887,MP001,2025-09-18 12:00:00,NOx,13.46,ppm,Stack_3
AM00888,MP001,2025-09-18 18:00:00,Dust,117.07,ppm,Stack_5
AM00889,MP005,2025-09-18 00:00:00,NOx,119.88,ppm,Stack_4
AM00890,MP005,2025-09-18 06:00:00,CO,69.12,ppm,Stack_3
AM00891,MP005,2025-09-18 12:00:00,Dust,29.3,ppm,Stack_4
AM00892,MP005,2025-09-18 18:00:00,VOCs,53.99,ppm,Stack_3
AM00893,MP009,2025-09-18 00:00:00,VOCs,134.51,ppm,Stack_3
AM00894,MP009,2025-09-18 06:00:00,CO,96.66,ppm,Stack_5
AM00895,MP009,2025-09-18 12:00:00,NOx,144.86,ppm,Stack_3
AM00896,MP009,2025-09-18 18:00:00,Dust,108.34,ppm,Stack_5
AM00897,MP013,2025-09-18 00:00:00,SOx,30.78,ppm,Stack_2
AM00898,MP013,2025-09-18 06:00:00,SOx,143.91,ppm,Stack_1
AM00899,MP013,2025-09-18 12:00:00,PM10,122.8,μg/m3,Stack_4
AM00900,MP013,2025-09-18 18:00:00,SOx,8.68,ppm,Stack_1
AM00901,MP017,2025-09-18 00:00:00,PM10,11.22,μg/m3,Stack_3
AM00902,MP017,2025-09-18 06:00:00,SOx,97.68,ppm,Stack_5
AM00903,MP017,2025-09-18 12:00:00,VOCs,132.37,ppm,Stack_1
AM00904,MP017,2025-09-18 18:00:00,PM2.5,24.01,μg/m3,Stack_1
AM00905,MP021,2025-09-18 00:00:00,Dust,52.27,ppm,Stack_3
AM00906,MP021,2025-09-18 06:00:00,PM10,35.21,μg/m3,Stack_3
AM00907,MP021,2025-09-18 12:00:00,SOx,74.68,ppm,Stack_5
AM00908,MP021,2025-09-18 18:00:00,PM2.5,96.85,μg/m3,Stack_4
AM00909,MP025,2025-09-18 00:00:00,CO,112.03,ppm,Stack_1
AM00910,MP025,2025-09-18 06:00:00,SOx,48.97,ppm,Stack_5
AM00911,MP025,2025-09-18 12:00:00,CO,94.45,ppm,Stack_4
AM00912,MP025,2025-09-18 18:00:00,CO,94.89,ppm,Stack_4
AM00913,MP029,2025-09-18 00:00:00,PM2.5,77.44,μg/m3,Stack_2
AM00914,MP029,2025-09-18 06:00:00,NOx,70.11,ppm,Stack_4
AM00915,MP029,2025-09-18 12:00:00,VOCs,142.67,ppm,Stack_4
AM00916,MP029,2025-09-18 18:00:00,PM2.5,113.3,μg/m3,Stack_2
AM00917,MP033,2025-09-18 00:00:00,SOx,127.66,ppm,Stack_2
AM00918,MP033,2025-09-18 06:00:00,SOx,46.75,ppm,Stack_1
AM00919,MP033,2025-09-18 12:00:00,CO,36.67,ppm,Stack_2
AM00920,MP033,2025-09-18 18:00:00,VOCs,83.79,ppm,Stack_1
AM00921,MP037,2025-09-18 00:00:00,VOCs,24.39,ppm,Stack_1
AM00922,MP037,2025-09-18 06:00:00,PM2.5,34.03,μg/m3,Stack_2
AM00923,MP037,2025-09-18 12:00:00,Dust,98.55,ppm,Stack_3
AM00924,MP037,2025-09-18 18:00:00,CO,18.43,ppm,Stack_4
AM00925,MP041,2025-09-18 00:00:00,VOCs,6.18,ppm,Stack_1
AM00926,MP041,2025-09-18 06:00:00,CO,40.49,ppm,Stack_3
AM00927,MP041,2025-09-18 12:00:00,NOx,28.22,ppm,Stack_5
AM00928,MP041,2025-09-18 18:00:00,NOx,55.03,ppm,Stack_5
AM00929,MP045,2025-09-18 00:00:00,PM2.5,116.21,μg/m3,Stack_4
AM00930,MP045,2025-09-18 06:00:00,CO,107.39,ppm,Stack_4
AM00931,MP045,2025-09-18 12:00:00,PM2.5,119.1,μg/m3,Stack_3
AM00932,MP045,2025-09-18 18:00:00,NOx,72.32,ppm,Stack_3
AM00933,MP049,2025-09-18 00:00:00,VOCs,146.13,ppm,Stack_5
AM00934,MP049,2025-09-18 06:00:00,VOCs,43.52,ppm,Stack_2
AM00935,MP049,2025-09-18 12:00:00,NOx,27.44,ppm,Stack_5
AM00936,MP049,2025-09-18 18:00:00,PM10,52.19,μg/m3,Stack_5
AM00937,MP001,2025-09-19 00:00:00,PM10,79.08,μg/m3,Stack_4
AM00938,MP001,2025-09-19 06:00:00,NOx,135.45,ppm,Stack_5
AM00939,MP001,2025-09-19 12:00:00,PM2.5,110.79,μg/m3,Stack_4
AM00940,MP001,2025-09-19 18:00:00,PM10,84.66,μg/m3,Stack_2
AM00941,MP005,2025-09-19 00:00:00,VOCs,68.73,ppm,Stack_1
AM00942,MP005,2025-09-19 06:00:00,VOCs,72.97,ppm,Stack_1
AM00943,MP005,2025-09-19 12:00:00,NOx,104.69,ppm,Stack_2
AM00944,MP005,2025-09-19 18:00:00,NOx,119.15,ppm,Stack_2
AM00945,MP009,2025-09-19 00:00:00,CO,100.03,ppm,Stack_2
AM00946,MP009,2025-09-19 06:00:00,Dust,139.28,ppm,Stack_3
AM00947,MP009,2025-09-19 12:00:00,PM2.5,30.02,μg/m3,Stack_5
AM00948,MP009,2025-09-19 18:00:00,CO,136.9,ppm,Stack_2
AM00949,MP013,2025-09-19 00:00:00,VOCs,64.73,ppm,Stack_2
AM00950,MP013,2025-09-19 06:00:00,PM10,111.26,μg/m3,Stack_3
AM00951,MP013,2025-09-19 12:00:00,VOCs,128.81,ppm,Stack_1
AM00952,MP013,2025-09-19 18:00:00,VOCs,48.96,ppm,Stack_5
AM00953,MP017,2025-09-19 00:00:00,CO,25.86,ppm,Stack_2
AM00954,MP017,2025-09-19 06:00:00,SOx,99.73,ppm,Stack_2
AM00955,MP017,2025-09-19 12:00:00,Dust,88.75,ppm,Stack_5
AM00956,MP017,2025-09-19 18:00:00,PM2.5,51.43,μg/m3,Stack_3
AM00957,MP021,2025-09-19 00:00:00,SOx,65.59,ppm,Stack_4
AM00958,MP021,2025-09-19 06:00:00,VOCs,98.47,ppm,Stack_4
AM00959,MP021,2025-09-19 12:00:00,PM2.5,28.43,μg/m3,Stack_4
AM00960,MP021,2025-09-19 18:00:00,SOx,40.83,ppm,Stack_1
AM00961,MP025,2025-09-19 00:00:00,CO,53.23,ppm,Stack_3
AM00962,MP025,2025-09-19 06:00:00,CO,122.56,ppm,Stack_4
AM00963,MP025,2025-09-19 12:00:00,CO,108.75,ppm,Stack_1
AM00964,MP025,2025-09-19 18:00:00,PM2.5,134.52,μg/m3,Stack_5
AM00965,MP029,2025-09-19 00:00:00,Dust,127.95,ppm,Stack_5
AM00966,MP029,2025-09-19 06:00:00,NOx,5.39,ppm,Stack_5
AM00967,MP029,2025-09-19 12:00:00,PM2.5,68.82,μg/m3,Stack_2
AM00968,MP029,2025-09-19 18:00:00,PM10,53.01,μg/m3,Stack_5
AM00969,MP033,2025-09-19 00:00:00,NOx,115.16,ppm,Stack_4
AM00970,MP033,2025-09-19 06:00:00,VOCs,21.31,ppm,Stack_4
AM00971,MP033,2025-09-19 12:00:00,VOCs,134.83,ppm,Stack_3
AM00972,MP033,2025-09-19 18:00:00,PM2.5,89.04,μg/m3,Stack_5
AM00973,MP037,2025-09-19 00:00:00,CO,40.24,ppm,Stack_2
AM00974,MP037,2025-09-19 06:00:00,PM10,122.79,μg/m3,Stack_1
AM00975,MP037,2025-09-19 12:00:00,PM2.5,120.02,μg/m3,Stack_4
AM00976,MP037,2025-09-19 18:00:00,VOCs,119.63,ppm,Stack_1
AM00977,MP041,2025-09-19 00:00:00,CO,32.32,ppm,Stack_1
AM00978,MP041,2025-09-19 06:00:00,PM10,43.47,μg/m3,Stack_5
AM00979,MP041,2025-09-19 12:00:00,NOx,92.95,ppm,Stack_4
AM00980,MP041,2025-09-19 18:00:00,CO,78.0,ppm,Stack_5
AM00981,MP045,2025-09-19 00:00:00,NOx,55.65,ppm,Stack_2
AM00982,MP045,2025-09-19 06:00:00,VOCs,112.3,ppm,Stack_3
AM00983,MP045,2025-09-19 12:00:00,VOCs,79.58,ppm,Stack_2
AM00984,MP045,2025-09-19 18:00:00,PM2.5,97.43,μg/m3,Stack_4
AM00985,MP049,2025-09-19 00:00:00,PM10,120.81,μg/m3,Stack_1
AM00986,MP049,2025-09-19 06:00:00,PM2.5,7.51,μg/m3,Stack_3
AM00987,MP049,2025-09-19 12:00:00,PM2.5,138.77,μg/m3,Stack_1
AM00988,MP049,2025-09-19 18:00:00,Dust,88.04,ppm,Stack_5
AM00989,MP001,2025-09-20 00:00:00,SOx,20.87,ppm,Stack_1
AM00990,MP001,2025-09-20 06:00:00,SOx,126.1,ppm,Stack_2
AM00991,MP001,2025-09-20 12:00:00,PM2.5,131.44,μg/m3,Stack_5
AM00992,MP001,2025-09-20 18:00:00,Dust,18.57,ppm,Stack_2
AM00993,MP005,2025-09-20 00:00:00,VOCs,88.69,ppm,Stack_5
AM00994,MP005,2025-09-20 06:00:00,VOCs,55.5,ppm,Stack_1
AM00995,MP005,2025-09-20 12:00:00,PM10,48.9,μg/m3,Stack_4
AM00996,MP005,2025-09-20 18:00:00,SOx,99.79,ppm,Stack_5
AM00997,MP009,2025-09-20 00:00:00,PM2.5,13.22,μg/m3,Stack_2
AM00998,MP009,2025-09-20 06:00:00,PM10,88.6,μg/m3,Stack_4
AM00999,MP009,2025-09-20 12:00:00,PM10,35.51,μg/m3,Stack_5
AM01000,MP009,2025-09-20 18:00:00,NOx,18.47,ppm,Stack_1
AM01001,MP013,2025-09-20 00:00:00,PM2.5,62.68,μg/m3,Stack_2
AM01002,MP013,2025-09-20 06:00:00,VOCs,27.01,ppm,Stack_2
AM01003,MP013,2025-09-20 12:00:00,PM2.5,22.12,μg/m3,Stack_4
AM01004,MP013,2025-09-20 18:00:00,NOx,72.65,ppm,Stack_2
AM01005,MP017,2025-09-20 00:00:00,PM10,21.7,μg/m3,Stack_1
AM01006,MP017,2025-09-20 06:00:00,PM10,21.34,μg/m3,Stack_4
AM01007,MP017,2025-09-20 12:00:00,PM10,23.78,μg/m3,Stack_2
AM01008,MP017,2025-09-20 18:00:00,PM10,22.54,μg/m3,Stack_1
AM01009,MP021,2025-09-20 00:00:00,NOx,24.72,ppm,Stack_3
AM01010,MP021,2025-09-20 06:00:00,VOCs,112.67,ppm,Stack_5
AM01011,MP021,2025-09-20 12:00:00,Dust,68.46,ppm,Stack_2
AM01012,MP021,2025-09-20 18:00:00,PM2.5,139.2,μg/m3,Stack_2
AM01013,MP025,2025-09-20 00:00:00,PM10,47.57,μg/m3,Stack_2
AM01014,MP025,2025-09-20 06:00:00,NOx,60.14,ppm,Stack_2
AM01015,MP025,2025-09-20 12:00:00,CO,6.94,ppm,Stack_2
AM01016,MP025,2025-09-20 18:00:00,NOx,99.34,ppm,Stack_3
AM01017,MP029,2025-09-20 00:00:00,Dust,80.54,ppm,Stack_2
AM01018,MP029,2025-09-20 06:00:00,Dust,118.83,ppm,Stack_2
AM01019,MP029,2025-09-20 12:00:00,PM10,18.06,μg/m3,Stack_1
AM01020,MP029,2025-09-20 18:00:00,Dust,85.97,ppm,Stack_4
AM01021,MP033,2025-09-20 00:00:00,VOCs,81.1,ppm,Stack_3
AM01022,MP033,2025-09-20 06:00:00,Dust,6.27,ppm,Stack_3
AM01023,MP033,2025-09-20 12:00:00,PM2.5,26.77,μg/m3,Stack_3
AM01024,MP033,2025-09-20 18:00:00,NOx,23.68,ppm,Stack_5
AM01025,MP037,2025-09-20 00:00:00,PM2.5,106.59,μg/m3,Stack_3
AM01026,MP037,2025-09-20 06:00:00,SOx,109.63,ppm,Stack_1
AM01027,MP037,2025-09-20 12:00:00,Dust,112.61,ppm,Stack_1
AM01028,MP037,2025-09-20 18:00:00,Dust,139.95,ppm,Stack_5
AM01029,MP041,2025-09-20 00:00:00,CO,55.06,ppm,Stack_5
AM01030,MP041,2025-09-20 06:00:00,NOx,124.41,ppm,Stack_1
AM01031,MP041,2025-09-20 12:00:00,PM2.5,145.49,μg/m3,Stack_1
AM01032,MP041,2025-09-20 18:00:00,PM2.5,44.94,μg/m3,Stack_4
AM01033,MP045,2025-09-20 00:00:00,SOx,84.71,ppm,Stack_5
AM01034,MP045,2025-09-20 06:00:00,SOx,61.17,ppm,Stack_2
AM01035,MP045,2025-09-20 12:00:00,PM2.5,127.72,μg/m3,Stack_3
AM01036,MP045,2025-09-20 18:00:00,PM10,133.77,μg/m3,Stack_2
AM01037,MP049,2025-09-20 00:00:00,PM10,25.42,μg/m3,Stack_4
AM01038,MP049,2025-09-20 06:00:00,PM10,66.26,μg/m3,Stack_3
AM01039,MP049,2025-09-20 12:00:00,CO,28.48,ppm,Stack_2
AM01040,MP049,2025-09-20 18:00:00,CO,76.75,ppm,Stack_1
AM01041,MP001,2025-09-21 00:00:00,PM2.5,91.86,μg/m3,Stack_1
AM01042,MP001,2025-09-21 06:00:00,NOx,109.23,ppm,Stack_1
AM01043,MP001,2025-09-21 12:00:00,NOx,66.8,ppm,Stack_5
AM01044,MP001,2025-09-21 18:00:00,PM10,64.79,μg/m3,Stack_2
AM01045,MP005,2025-09-21 00:00:00,PM2.5,129.7,μg/m3,Stack_5
AM01046,MP005,2025-09-21 06:00:00,VOCs,142.05,ppm,Stack_1
AM01047,MP005,2025-09-21 12:00:00,SOx,51.32,ppm,Stack_2
AM01048,MP005,2025-09-21 18:00:00,Dust,132.4,ppm,Stack_1
AM01049,MP009,2025-09-21 00:00:00,PM2.5,106.67,μg/m3,Stack_3
AM01050,MP009,2025-09-21 06:00:00,PM10,41.21,μg/m3,Stack_1
AM01051,MP009,2025-09-21 12:00:00,PM10,94.34,μg/m3,Stack_4
AM01052,MP009,2025-09-21 18:00:00,NOx,86.84,ppm,Stack_4
AM01053,MP013,2025-09-21 00:00:00,SOx,66.36,ppm,Stack_3
AM01054,MP013,2025-09-21 06:00:00,CO,14.41,ppm,Stack_4
AM01055,MP013,2025-09-21 12:00:00,CO,103.17,ppm,Stack_3
AM01056,MP013,2025-09-21 18:00:00,SOx,46.33,ppm,Stack_2
AM01057,MP017,2025-09-21 00:00:00,PM2.5,41.44,μg/m3,Stack_1
AM01058,MP017,2025-09-21 06:00:00,PM2.5,126.33,μg/m3,Stack_3
AM01059,MP017,2025-09-21 12:00:00,NOx,67.96,ppm,Stack_1
AM01060,MP017,2025-09-21 18:00:00,PM10,85.47,μg/m3,Stack_1
AM01061,MP021,2025-09-21 00:00:00,Dust,118.62,ppm,Stack_1
AM01062,MP021,2025-09-21 06:00:00,PM10,35.05,μg/m3,Stack_4
AM01063,MP021,2025-09-21 12:00:00,CO,38.33,ppm,Stack_4
AM01064,MP021,2025-09-21 18:00:00,NOx,45.04,ppm,Stack_1
AM01065,MP025,2025-09-21 00:00:00,NOx,28.47,ppm,Stack_5
AM01066,MP025,2025-09-21 06:00:00,PM10,83.93,μg/m3,Stack_5
AM01067,MP025,2025-09-21 12:00:00,PM10,122.79,μg/m3,Stack_3
AM01068,MP025,2025-09-21 18:00:00,NOx,20.57,ppm,Stack_5
AM01069,MP029,2025-09-21 00:00:00,PM10,130.92,μg/m3,Stack_1
AM01070,MP029,2025-09-21 06:00:00,SOx,107.12,ppm,Stack_4
AM01071,MP029,2025-09-21 12:00:00,PM10,33.35,μg/m3,Stack_1
AM01072,MP029,2025-09-21 18:00:00,NOx,70.68,ppm,Stack_2
AM01073,MP033,2025-09-21 00:00:00,PM10,71.98,μg/m3,Stack_2
AM01074,MP033,2025-09-21 06:00:00,SOx,16.56,ppm,Stack_1
AM01075,MP033,2025-09-21 12:00:00,Dust,131.18,ppm,Stack_3
AM01076,MP033,2025-09-21 18:00:00,CO,143.31,ppm,Stack_4
AM01077,MP037,2025-09-21 00:00:00,SOx,33.93,ppm,Stack_4
AM01078,MP037,2025-09-21 06:00:00,PM2.5,21.56,μg/m3,Stack_2
AM01079,MP037,2025-09-21 12:00:00,PM10,7.53,μg/m3,Stack_4
AM01080,MP037,2025-09-21 18:00:00,PM2.5,55.6,μg/m3,Stack_5
AM01081,MP041,2025-09-21 00:00:00,VOCs,56.52,ppm,Stack_4
AM01082,MP041,2025-09-21 06:00:00,VOCs,67.28,ppm,Stack_3
AM01083,MP041,2025-09-21 12:00:00,NOx,9.3,ppm,Stack_1
AM01084,MP041,2025-09-21 18:00:00,CO,5.79,ppm,Stack_2
AM01085,MP045,2025-09-21 00:00:00,VOCs,121.53,ppm,Stack_2
AM01086,MP045,2025-09-21 06:00:00,CO,63.37,ppm,Stack_4
AM01087,MP045,2025-09-21 12:00:00,SOx,126.56,ppm,Stack_4
AM01088,MP045,2025-09-21 18:00:00,NOx,124.36,ppm,Stack_1
AM01089,MP049,2025-09-21 00:00:00,SOx,89.85,ppm,Stack_5
AM01090,MP049,2025-09-21 06:00:00,PM2.5,125.45,μg/m3,Stack_4
AM01091,MP049,2025-09-21 12:00:00,PM10,9.65,μg/m3,Stack_3
AM01092,MP049,2025-09-21 18:00:00,NOx,65.15,ppm,Stack_1
AM01093,MP001,2025-09-22 00:00:00,SOx,144.94,ppm,Stack_5
AM01094,MP001,2025-09-22 06:00:00,PM10,114.49,μg/m3,Stack_1
AM01095,MP001,2025-09-22 12:00:00,PM10,69.81,μg/m3,Stack_4
AM01096,MP001,2025-09-22 18:00:00,VOCs,72.77,ppm,Stack_3
AM01097,MP005,2025-09-22 00:00:00,PM10,7.85,μg/m3,Stack_3
AM01098,MP005,2025-09-22 06:00:00,CO,39.21,ppm,Stack_5
AM01099,MP005,2025-09-22 12:00:00,PM10,123.98,μg/m3,Stack_5
AM01100,MP005,2025-09-22 18:00:00,Dust,106.49,ppm,Stack_3
AM01101,MP009,2025-09-22 00:00:00,CO,5.44,ppm,Stack_2
AM01102,MP009,2025-09-22 06:00:00,VOCs,149.64,ppm,Stack_1
AM01103,MP009,2025-09-22 12:00:00,SOx,118.75,ppm,Stack_1
AM01104,MP009,2025-09-22 18:00:00,SOx,93.53,ppm,Stack_5
AM01105,MP013,2025-09-22 00:00:00,PM10,122.14,μg/m3,Stack_3
AM01106,MP013,2025-09-22 06:00:00,VOCs,125.37,ppm,Stack_4
AM01107,MP013,2025-09-22 12:00:00,NOx,118.58,ppm,Stack_5
AM01108,MP013,2025-09-22 18:00:00,NOx,97.64,ppm,Stack_1
AM01109,MP017,2025-09-22 00:00:00,PM2.5,72.17,μg/m3,Stack_4
AM01110,MP017,2025-09-22 06:00:00,VOCs,22.44,ppm,Stack_4
AM01111,MP017,2025-09-22 12:00:00,NOx,92.43,ppm,Stack_3
AM01112,MP017,2025-09-22 18:00:00,PM10,64.58,μg/m3,Stack_4
AM01113,MP021,2025-09-22 00:00:00,PM10,26.52,μg/m3,Stack_4
AM01114,MP021,2025-09-22 06:00:00,SOx,143.12,ppm,Stack_4
AM01115,MP021,2025-09-22 12:00:00,NOx,87.8,ppm,Stack_2
AM01116,MP021,2025-09-22 18:00:00,PM2.5,125.48,μg/m3,Stack_3
AM01117,MP025,2025-09-22 00:00:00,NOx,31.54,ppm,Stack_5
AM01118,MP025,2025-09-22 06:00:00,VOCs,90.69,ppm,Stack_3
AM01119,MP025,2025-09-22 12:00:00,CO,87.43,ppm,Stack_1
AM01120,MP025,2025-09-22 18:00:00,CO,69.68,ppm,Stack_1
AM01121,MP029,2025-09-22 00:00:00,PM10,108.17,μg/m3,Stack_3
AM01122,MP029,2025-09-22 06:00:00,PM2.5,133.1,μg/m3,Stack_2
AM01123,MP029,2025-09-22 12:00:00,PM10,36.08,μg/m3,Stack_1
AM01124,MP029,2025-09-22 18:00:00,CO,71.81,ppm,Stack_5
AM01125,MP033,2025-09-22 00:00:00,Dust,29.87,ppm,Stack_1
AM01126,MP033,2025-09-22 06:00:00,NOx,12.96,ppm,Stack_2
AM01127,MP033,2025-09-22 12:00:00,VOCs,101.48,ppm,Stack_1
AM01128,MP033,2025-09-22 18:00:00,VOCs,121.47,ppm,Stack_3
AM01129,MP037,2025-09-22 00:00:00,PM10,128.19,μg/m3,Stack_5
AM01130,MP037,2025-09-22 06:00:00,Dust,17.13,ppm,Stack_3
AM01131,MP037,2025-09-22 12:00:00,VOCs,106.76,ppm,Stack_5
AM01132,MP037,2025-09-22 18:00:00,CO,79.38,ppm,Stack_5
AM01133,MP041,2025-09-22 00:00:00,Dust,89.78,ppm,Stack_2
AM01134,MP041,2025-09-22 06:00:00,PM10,17.11,μg/m3,Stack_4
AM01135,MP041,2025-09-22 12:00:00,PM10,110.99,μg/m3,Stack_5
AM01136,MP041,2025-09-22 18:00:00,CO,95.76,ppm,Stack_3
AM01137,MP045,2025-09-22 00:00:00,VOCs,78.69,ppm,Stack_1
AM01138,MP045,2025-09-22 06:00:00,CO,139.57,ppm,Stack_3
AM01139,MP045,2025-09-22 12:00:00,SOx,82.59,ppm,Stack_2
AM01140,MP045,2025-09-22 18:00:00,Dust,22.44,ppm,Stack_3
AM01141,MP049,2025-09-22 00:00:00,CO,79.41,ppm,Stack_2
AM01142,MP049,2025-09-22 06:00:00,CO,147.51,ppm,Stack_5
AM01143,MP049,2025-09-22 12:00:00,SOx,68.46,ppm,Stack_1
AM01144,MP049,2025-09-22 18:00:00,CO,30.02,ppm,Stack_1
AM01145,MP001,2025-09-23 00:00:00,SOx,83.31,ppm,Stack_4
AM01146,MP001,2025-09-23 06:00:00,NOx,51.43,ppm,Stack_1
AM01147,MP001,2025-09-23 12:00:00,Dust,127.18,ppm,Stack_2
AM01148,MP001,2025-09-23 18:00:00,NOx,86.7,ppm,Stack_3
AM01149,MP005,2025-09-23 00:00:00,CO,63.47,ppm,Stack_1
AM01150,MP005,2025-09-23 06:00:00,PM2.5,79.08,μg/m3,Stack_4
AM01151,MP005,2025-09-23 12:00:00,VOCs,123.49,ppm,Stack_3
AM01152,MP005,2025-09-23 18:00:00,Dust,28.98,ppm,Stack_4
AM01153,MP009,2025-09-23 00:00:00,CO,136.05,ppm,Stack_2
AM01154,MP009,2025-09-23 06:00:00,NOx,110.3,ppm,Stack_4
AM01155,MP009,2025-09-23 12:00:00,CO,141.77,ppm,Stack_4
AM01156,MP009,2025-09-23 18:00:00,VOCs,97.13,ppm,Stack_3
AM01157,MP013,2025-09-23 00:00:00,PM10,90.38,μg/m3,Stack_2
AM01158,MP013,2025-09-23 06:00:00,VOCs,22.1,ppm,Stack_1
AM01159,MP013,2025-09-23 12:00:00,Dust,89.24,ppm,Stack_1
AM01160,MP013,2025-09-23 18:00:00,SOx,66.94,ppm,Stack_4
AM01161,MP017,2025-09-23 00:00:00,CO,98.14,ppm,Stack_2
AM01162,MP017,2025-09-23 06:00:00,NOx,46.2,ppm,Stack_5
AM01163,MP017,2025-09-23 12:00:00,CO,37.5,ppm,Stack_4
AM01164,MP017,2025-09-23 18:00:00,SOx,20.52,ppm,Stack_4
AM01165,MP021,2025-09-23 00:00:00,CO,120.69,ppm,Stack_4
AM01166,MP021,2025-09-23 06:00:00,PM2.5,47.46,μg/m3,Stack_1
AM01167,MP021,2025-09-23 12:00:00,CO,139.3,ppm,Stack_3
AM01168,MP021,2025-09-23 18:00:00,Dust,93.42,ppm,Stack_4
AM01169,MP025,2025-09-23 00:00:00,CO,41.05,ppm,Stack_3
AM01170,MP025,2025-09-23 06:00:00,CO,67.25,ppm,Stack_3
AM01171,MP025,2025-09-23 12:00:00,NOx,79.2,ppm,Stack_2
AM01172,MP025,2025-09-23 18:00:00,PM10,69.37,μg/m3,Stack_2
AM01173,MP029,2025-09-23 00:00:00,CO,54.01,ppm,Stack_4
AM01174,MP029,2025-09-23 06:00:00,PM2.5,28.17,μg/m3,Stack_3
AM01175,MP029,2025-09-23 12:00:00,CO,115.21,ppm,Stack_4
AM01176,MP029,2025-09-23 18:00:00,SOx,83.68,ppm,Stack_2
AM01177,MP033,2025-09-23 00:00:00,PM10,77.87,μg/m3,Stack_5
AM01178,MP033,2025-09-23 06:00:00,Dust,117.91,ppm,Stack_3
AM01179,MP033,2025-09-23 12:00:00,CO,63.02,ppm,Stack_5
AM01180,MP033,2025-09-23 18:00:00,PM2.5,94.04,μg/m3,Stack_4
AM01181,MP037,2025-09-23 00:00:00,PM2.5,147.83,μg/m3,Stack_4
AM01182,MP037,2025-09-23 06:00:00,NOx,26.94,ppm,Stack_5
AM01183,MP037,2025-09-23 12:00:00,NOx,92.28,ppm,Stack_1
AM01184,MP037,2025-09-23 18:00:00,NOx,8.2,ppm,Stack_1
AM01185,MP041,2025-09-23 00:00:00,PM10,48.49,μg/m3,Stack_2
AM01186,MP041,2025-09-23 06:00:00,Dust,21.38,ppm,Stack_2
AM01187,MP041,2025-09-23 12:00:00,SOx,100.87,ppm,Stack_5
AM01188,MP041,2025-09-23 18:00:00,VOCs,123.16,ppm,Stack_2
AM01189,MP045,2025-09-23 00:00:00,VOCs,64.07,ppm,Stack_2
AM01190,MP045,2025-09-23 06:00:00,PM2.5,73.89,μg/m3,Stack_4
AM01191,MP045,2025-09-23 12:00:00,PM10,54.55,μg/m3,Stack_2
AM01192,MP045,2025-09-23 18:00:00,PM10,138.16,μg/m3,Stack_3
AM01193,MP049,2025-09-23 00:00:00,CO,79.1,ppm,Stack_4
AM01194,MP049,2025-09-23 06:00:00,SOx,118.07,ppm,Stack_1
AM01195,MP049,2025-09-23 12:00:00,PM2.5,57.25,μg/m3,Stack_3
AM01196,MP049,2025-09-23 18:00:00,Dust,48.8,ppm,Stack_2
AM01197,MP001,2025-09-24 00:00:00,SOx,23.06,ppm,Stack_1
AM01198,MP001,2025-09-24 06:00:00,NOx,51.09,ppm,Stack_1
AM01199,MP001,2025-09-24 12:00:00,Dust,33.02,ppm,Stack_3
AM01200,MP001,2025-09-24 18:00:00,SOx,9.1,ppm,Stack_5
AM01201,MP005,2025-09-24 00:00:00,NOx,63.3,ppm,Stack_1
AM01202,MP005,2025-09-24 06:00:00,NOx,114.56,ppm,Stack_4
AM01203,MP005,2025-09-24 12:00:00,VOCs,14.47,ppm,Stack_5
AM01204,MP005,2025-09-24 18:00:00,PM2.5,106.53,μg/m3,Stack_5
AM01205,MP009,2025-09-24 00:00:00,CO,88.12,ppm,Stack_5
AM01206,MP009,2025-09-24 06:00:00,VOCs,11.07,ppm,Stack_5
AM01207,MP009,2025-09-24 12:00:00,VOCs,5.41,ppm,Stack_4
AM01208,MP009,2025-09-24 18:00:00,NOx,125.83,ppm,Stack_2
AM01209,MP013,2025-09-24 00:00:00,PM10,44.37,μg/m3,Stack_4
AM01210,MP013,2025-09-24 06:00:00,SOx,64.99,ppm,Stack_1
AM01211,MP013,2025-09-24 12:00:00,Dust,37.84,ppm,Stack_3
AM01212,MP013,2025-09-24 18:00:00,CO,31.78,ppm,Stack_4
AM01213,MP017,2025-09-24 00:00:00,VOCs,59.6,ppm,Stack_3
AM01214,MP017,2025-09-24 06:00:00,CO,66.22,ppm,Stack_5
AM01215,MP017,2025-09-24 12:00:00,CO,121.69,ppm,Stack_2
AM01216,MP017,2025-09-24 18:00:00,VOCs,146.41,ppm,Stack_4
AM01217,MP021,2025-09-24 00:00:00,VOCs,94.69,ppm,Stack_4
AM01218,MP021,2025-09-24 06:00:00,SOx,139.89,ppm,Stack_4
AM01219,MP021,2025-09-24 12:00:00,CO,50.29,ppm,Stack_1
AM01220,MP021,2025-09-24 18:00:00,SOx,54.34,ppm,Stack_3
AM01221,MP025,2025-09-24 00:00:00,SOx,121.52,ppm,Stack_1
AM01222,MP025,2025-09-24 06:00:00,PM10,23.0,μg/m3,Stack_2
AM01223,MP025,2025-09-24 12:00:00,VOCs,91.87,ppm,Stack_2
AM01224,MP025,2025-09-24 18:00:00,PM10,127.5,μg/m3,Stack_4
AM01225,MP029,2025-09-24 00:00:00,SOx,40.73,ppm,Stack_4
AM01226,MP029,2025-09-24 06:00:00,VOCs,11.45,ppm,Stack_1
AM01227,MP029,2025-09-24 12:00:00,PM10,73.8,μg/m3,Stack_4
AM01228,MP029,2025-09-24 18:00:00,VOCs,110.59,ppm,Stack_2
AM01229,MP033,2025-09-24 00:00:00,Dust,91.42,ppm,Stack_5
AM01230,MP033,2025-09-24 06:00:00,Dust,62.26,ppm,Stack_4
AM01231,MP033,2025-09-24 12:00:00,SOx,41.04,ppm,Stack_2
AM01232,MP033,2025-09-24 18:00:00,PM10,79.63,μg/m3,Stack_3
AM01233,MP037,2025-09-24 00:00:00,SOx,59.0,ppm,Stack_1
AM01234,MP037,2025-09-24 06:00:00,NOx,75.4,ppm,Stack_1
AM01235,MP037,2025-09-24 12:00:00,PM10,91.15,μg/m3,Stack_5
AM01236,MP037,2025-09-24 18:00:00,SOx,122.01,ppm,Stack_3
AM01237,MP041,2025-09-24 00:00:00,CO,145.83,ppm,Stack_3
AM01238,MP041,2025-09-24 06:00:00,PM2.5,11.81,μg/m3,Stack_4
AM01239,MP041,2025-09-24 12:00:00,NOx,103.95,ppm,Stack_3
AM01240,MP041,2025-09-24 18:00:00,Dust,135.94,ppm,Stack_5
AM01241,MP045,2025-09-24 00:00:00,CO,68.06,ppm,Stack_4
AM01242,MP045,2025-09-24 06:00:00,NOx,12.25,ppm,Stack_4
AM01243,MP045,2025-09-24 12:00:00,SOx,28.47,ppm,Stack_3
AM01244,MP045,2025-09-24 18:00:00,SOx,66.42,ppm,Stack_3
AM01245,MP049,2025-09-24 00:00:00,NOx,114.66,ppm,Stack_3
AM01246,MP049,2025-09-24 06:00:00,CO,134.41,ppm,Stack_5
AM01247,MP049,2025-09-24 12:00:00,NOx,118.46,ppm,Stack_3
AM01248,MP049,2025-09-24 18:00:00,Dust,51.25,ppm,Stack_2
AM01249,MP001,2025-09-25 00:00:00,PM2.5,118.28,μg/m3,Stack_5
AM01250,MP001,2025-09-25 06:00:00,PM10,66.65,μg/m3,Stack_2
AM01251,MP001,2025-09-25 12:00:00,Dust,118.42,ppm,Stack_3
AM01252,MP001,2025-09-25 18:00:00,Dust,63.64,ppm,Stack_4
AM01253,MP005,2025-09-25 00:00:00,Dust,23.97,ppm,Stack_2
AM01254,MP005,2025-09-25 06:00:00,Dust,65.72,ppm,Stack_3
AM01255,MP005,2025-09-25 12:00:00,PM10,20.72,μg/m3,Stack_3
AM01256,MP005,2025-09-25 18:00:00,CO,93.19,ppm,Stack_2
AM01257,MP009,2025-09-25 00:00:00,PM10,6.33,μg/m3,Stack_4
AM01258,MP009,2025-09-25 06:00:00,PM2.5,129.06,μg/m3,Stack_1
AM01259,MP009,2025-09-25 12:00:00,PM2.5,27.06,μg/m3,Stack_2
AM01260,MP009,2025-09-25 18:00:00,Dust,120.74,ppm,Stack_4
AM01261,MP013,2025-09-25 00:00:00,NOx,105.62,ppm,Stack_4
AM01262,MP013,2025-09-25 06:00:00,SOx,63.18,ppm,Stack_3
AM01263,MP013,2025-09-25 12:00:00,CO,14.76,ppm,Stack_1
AM01264,MP013,2025-09-25 18:00:00,PM10,16.46,μg/m3,Stack_3
AM01265,MP017,2025-09-25 00:00:00,VOCs,147.61,ppm,Stack_1
AM01266,MP017,2025-09-25 06:00:00,SOx,137.05,ppm,Stack_5
AM01267,MP017,2025-09-25 12:00:00,Dust,143.7,ppm,Stack_5
AM01268,MP017,2025-09-25 18:00:00,Dust,79.98,ppm,Stack_4
AM01269,MP021,2025-09-25 00:00:00,PM10,5.89,μg/m3,Stack_5
AM01270,MP021,2025-09-25 06:00:00,PM10,20.71,μg/m3,Stack_5
AM01271,MP021,2025-09-25 12:00:00,CO,147.39,ppm,Stack_4
AM01272,MP021,2025-09-25 18:00:00,VOCs,76.71,ppm,Stack_5
AM01273,MP025,2025-09-25 00:00:00,PM2.5,33.4,μg/m3,Stack_1
AM01274,MP025,2025-09-25 06:00:00,PM2.5,88.79,μg/m3,Stack_3
AM01275,MP025,2025-09-25 12:00:00,NOx,139.96,ppm,Stack_1
AM01276,MP025,2025-09-25 18:00:00,Dust,44.61,ppm,Stack_2
AM01277,MP029,2025-09-25 00:00:00,VOCs,64.24,ppm,Stack_3
AM01278,MP029,2025-09-25 06:00:00,Dust,28.8,ppm,Stack_4
AM01279,MP029,2025-09-25 12:00:00,PM10,26.35,μg/m3,Stack_1
AM01280,MP029,2025-09-25 18:00:00,PM2.5,12.75,μg/m3,Stack_5
AM01281,MP033,2025-09-25 00:00:00,SOx,38.18,ppm,Stack_4
AM01282,MP033,2025-09-25 06:00:00,SOx,38.06,ppm,Stack_3
AM01283,MP033,2025-09-25 12:00:00,VOCs,90.37,ppm,Stack_4
AM01284,MP033,2025-09-25 18:00:00,Dust,114.12,ppm,Stack_1
AM01285,MP037,2025-09-25 00:00:00,NOx,85.35,ppm,Stack_2
AM01286,MP037,2025-09-25 06:00:00,SOx,147.59,ppm,Stack_5
AM01287,MP037,2025-09-25 12:00:00,PM2.5,49.92,μg/m3,Stack_1
AM01288,MP037,2025-09-25 18:00:00,VOCs,85.84,ppm,Stack_2
AM01289,MP041,2025-09-25 00:00:00,CO,52.02,ppm,Stack_3
AM01290,MP041,2025-09-25 06:00:00,SOx,120.55,ppm,Stack_3
AM01291,MP041,2025-09-25 12:00:00,PM10,9.56,μg/m3,Stack_4
AM01292,MP041,2025-09-25 18:00:00,SOx,49.3,ppm,Stack_3
AM01293,MP045,2025-09-25 00:00:00,SOx,99.57,ppm,Stack_3
AM01294,MP045,2025-09-25 06:00:00,VOCs,26.12,ppm,Stack_2
AM01295,MP045,2025-09-25 12:00:00,Dust,132.61,ppm,Stack_1
AM01296,MP045,2025-09-25 18:00:00,PM2.5,141.95,μg/m3,Stack_2
AM01297,MP049,2025-09-25 00:00:00,VOCs,147.79,ppm,Stack_3
AM01298,MP049,2025-09-25 06:00:00,Dust,82.9,ppm,Stack_4
AM01299,MP049,2025-09-25 12:00:00,VOCs,141.31,ppm,Stack_1
AM01300,MP049,2025-09-25 18:00:00,NOx,68.57,ppm,Stack_4
AM01301,MP001,2025-09-26 00:00:00,Dust,34.91,ppm,Stack_3
AM01302,MP001,2025-09-26 06:00:00,VOCs,98.02,ppm,Stack_2
AM01303,MP001,2025-09-26 12:00:00,NOx,29.61,ppm,Stack_2
AM01304,MP001,2025-09-26 18:00:00,Dust,125.73,ppm,Stack_5
AM01305,MP005,2025-09-26 00:00:00,NOx,104.34,ppm,Stack_1
AM01306,MP005,2025-09-26 06:00:00,NOx,56.28,ppm,Stack_1
AM01307,MP005,2025-09-26 12:00:00,VOCs,83.72,ppm,Stack_1
AM01308,MP005,2025-09-26 18:00:00,CO,118.69,ppm,Stack_2
AM01309,MP009,2025-09-26 00:00:00,Dust,11.05,ppm,Stack_3
AM01310,MP009,2025-09-26 06:00:00,VOCs,97.12,ppm,Stack_1
AM01311,MP009,2025-09-26 12:00:00,NOx,93.29,ppm,Stack_2
AM01312,MP009,2025-09-26 18:00:00,SOx,109.28,ppm,Stack_5
AM01313,MP013,2025-09-26 00:00:00,Dust,26.0,ppm,Stack_5
AM01314,MP013,2025-09-26 06:00:00,PM2.5,53.0,μg/m3,Stack_2
AM01315,MP013,2025-09-26 12:00:00,SOx,6.71,ppm,Stack_1
AM01316,MP013,2025-09-26 18:00:00,CO,15.02,ppm,Stack_4
AM01317,MP017,2025-09-26 00:00:00,NOx,73.75,ppm,Stack_3
AM01318,MP017,2025-09-26 06:00:00,CO,136.23,ppm,Stack_4
AM01319,MP017,2025-09-26 12:00:00,SOx,148.39,ppm,Stack_3
AM01320,MP017,2025-09-26 18:00:00,SOx,41.89,ppm,Stack_3
AM01321,MP021,2025-09-26 00:00:00,SOx,42.97,ppm,Stack_1
AM01322,MP021,2025-09-26 06:00:00,Dust,82.1,ppm,Stack_5
AM01323,MP021,2025-09-26 12:00:00,SOx,104.82,ppm,Stack_4
AM01324,MP021,2025-09-26 18:00:00,CO,94.83,ppm,Stack_4
AM01325,MP025,2025-09-26 00:00:00,VOCs,118.72,ppm,Stack_1
AM01326,MP025,2025-09-26 06:00:00,PM10,98.06,μg/m3,Stack_3
AM01327,MP025,2025-09-26 12:00:00,PM2.5,98.33,μg/m3,Stack_1
AM01328,MP025,2025-09-26 18:00:00,PM2.5,82.81,μg/m3,Stack_5
AM01329,MP029,2025-09-26 00:00:00,CO,100.86,ppm,Stack_5
AM01330,MP029,2025-09-26 06:00:00,VOCs,60.97,ppm,Stack_5
AM01331,MP029,2025-09-26 12:00:00,CO,89.0,ppm,Stack_5
AM01332,MP029,2025-09-26 18:00:00,CO,79.6,ppm,Stack_2
AM01333,MP033,2025-09-26 00:00:00,Dust,105.14,ppm,Stack_1
AM01334,MP033,2025-09-26 06:00:00,SOx,149.02,ppm,Stack_3
AM01335,MP033,2025-09-26 12:00:00,NOx,88.92,ppm,Stack_2
AM01336,MP033,2025-09-26 18:00:00,Dust,74.5,ppm,Stack_3
AM01337,MP037,2025-09-26 00:00:00,Dust,70.17,ppm,Stack_2
AM01338,MP037,2025-09-26 06:00:00,SOx,59.64,ppm,Stack_1
AM01339,MP037,2025-09-26 12:00:00,Dust,17.98,ppm,Stack_5
AM01340,MP037,2025-09-26 18:00:00,CO,113.42,ppm,Stack_4
AM01341,MP041,2025-09-26 00:00:00,VOCs,41.63,ppm,Stack_3
AM01342,MP041,2025-09-26 06:00:00,PM2.5,136.16,μg/m3,Stack_5
AM01343,MP041,2025-09-26 12:00:00,VOCs,37.83,ppm,Stack_4
AM01344,MP041,2025-09-26 18:00:00,PM2.5,80.61,μg/m3,Stack_2
AM01345,MP045,2025-09-26 00:00:00,CO,119.89,ppm,Stack_2
AM01346,MP045,2025-09-26 06:00:00,PM10,147.87,μg/m3,Stack_5
AM01347,MP045,2025-09-26 12:00:00,NOx,9.36,ppm,Stack_2
AM01348,MP045,2025-09-26 18:00:00,CO,35.46,ppm,Stack_2
AM01349,MP049,2025-09-26 00:00:00,CO,130.71,ppm,Stack_1
AM01350,MP049,2025-09-26 06:00:00,VOCs,88.82,ppm,Stack_2
AM01351,MP049,2025-09-26 12:00:00,PM2.5,26.13,μg/m3,Stack_1
AM01352,MP049,2025-09-26 18:00:00,Dust,21.96,ppm,Stack_2
AM01353,MP001,2025-09-27 00:00:00,PM2.5,30.48,μg/m3,Stack_1
AM01354,MP001,2025-09-27 06:00:00,PM10,14.14,μg/m3,Stack_5
AM01355,MP001,2025-09-27 12:00:00,NOx,71.89,ppm,Stack_4
AM01356,MP001,2025-09-27 18:00:00,PM10,11.57,μg/m3,Stack_1
AM01357,MP005,2025-09-27 00:00:00,CO,126.98,ppm,Stack_5
AM01358,MP005,2025-09-27 06:00:00,VOCs,130.84,ppm,Stack_4
AM01359,MP005,2025-09-27 12:00:00,VOCs,61.0,ppm,Stack_1
AM01360,MP005,2025-09-27 18:00:00,CO,17.12,ppm,Stack_3
AM01361,MP009,2025-09-27 00:00:00,PM2.5,59.04,μg/m3,Stack_1
AM01362,MP009,2025-09-27 06:00:00,SOx,13.95,ppm,Stack_2
AM01363,MP009,2025-09-27 12:00:00,CO,46.96,ppm,Stack_3
AM01364,MP009,2025-09-27 18:00:00,VOCs,40.38,ppm,Stack_1
AM01365,MP013,2025-09-27 00:00:00,CO,79.0,ppm,Stack_1
AM01366,MP013,2025-09-27 06:00:00,Dust,74.98,ppm,Stack_4
AM01367,MP013,2025-09-27 12:00:00,Dust,113.91,ppm,Stack_5
AM01368,MP013,2025-09-27 18:00:00,VOCs,25.05,ppm,Stack_3
AM01369,MP017,2025-09-27 00:00:00,SOx,64.26,ppm,Stack_5
AM01370,MP017,2025-09-27 06:00:00,SOx,125.65,ppm,Stack_1
AM01371,MP017,2025-09-27 12:00:00,PM10,5.53,μg/m3,Stack_1
AM01372,MP017,2025-09-27 18:00:00,NOx,126.12,ppm,Stack_4
AM01373,MP021,2025-09-27 00:00:00,PM2.5,5.51,μg/m3,Stack_3
AM01374,MP021,2025-09-27 06:00:00,SOx,143.11,ppm,Stack_5
AM01375,MP021,2025-09-27 12:00:00,NOx,68.44,ppm,Stack_1
AM01376,MP021,2025-09-27 18:00:00,SOx,7.83,ppm,Stack_1
AM01377,MP025,2025-09-27 00:00:00,NOx,67.76,ppm,Stack_4
AM01378,MP025,2025-09-27 06:00:00,NOx,43.96,ppm,Stack_1
AM01379,MP025,2025-09-27 12:00:00,PM10,136.22,μg/m3,Stack_4
AM01380,MP025,2025-09-27 18:00:00,SOx,48.37,ppm,Stack_1
AM01381,MP029,2025-09-27 00:00:00,VOCs,18.09,ppm,Stack_2
AM01382,MP029,2025-09-27 06:00:00,SOx,5.23,ppm,Stack_4
AM01383,MP029,2025-09-27 12:00:00,CO,51.97,ppm,Stack_4
AM01384,MP029,2025-09-27 18:00:00,CO,123.6,ppm,Stack_5
AM01385,MP033,2025-09-27 00:00:00,SOx,117.0,ppm,Stack_4
AM01386,MP033,2025-09-27 06:00:00,PM10,80.8,μg/m3,Stack_1
AM01387,MP033,2025-09-27 12:00:00,SOx,117.09,ppm,Stack_2
AM01388,MP033,2025-09-27 18:00:00,NOx,65.86,ppm,Stack_2
AM01389,MP037,2025-09-27 00:00:00,SOx,85.32,ppm,Stack_4
AM01390,MP037,2025-09-27 06:00:00,CO,110.21,ppm,Stack_5
AM01391,MP037,2025-09-27 12:00:00,CO,63.76,ppm,Stack_4
AM01392,MP037,2025-09-27 18:00:00,CO,71.57,ppm,Stack_1
AM01393,MP041,2025-09-27 00:00:00,CO,38.94,ppm,Stack_4
AM01394,MP041,2025-09-27 06:00:00,CO,85.54,ppm,Stack_5
AM01395,MP041,2025-09-27 12:00:00,PM10,73.51,μg/m3,Stack_4
AM01396,MP041,2025-09-27 18:00:00,Dust,94.08,ppm,Stack_3
AM01397,MP045,2025-09-27 00:00:00,PM10,58.79,μg/m3,Stack_5
AM01398,MP045,2025-09-27 06:00:00,NOx,31.19,ppm,Stack_4
AM01399,MP045,2025-09-27 12:00:00,Dust,16.24,ppm,Stack_4
AM01400,MP045,2025-09-27 18:00:00,NOx,8.39,ppm,Stack_5
AM01401,MP049,2025-09-27 00:00:00,PM2.5,23.34,μg/m3,Stack_1
AM01402,MP049,2025-09-27 06:00:00,PM2.5,67.58,μg/m3,Stack_3
AM01403,MP049,2025-09-27 12:00:00,NOx,128.14,ppm,Stack_5
AM01404,MP049,2025-09-27 18:00:00,CO,86.06,ppm,Stack_2
AM01405,MP001,2025-09-28 00:00:00,NOx,7.13,ppm,Stack_1
AM01406,MP001,2025-09-28 06:00:00,CO,128.94,ppm,Stack_5
AM01407,MP001,2025-09-28 12:00:00,SOx,140.51,ppm,Stack_1
AM01408,MP001,2025-09-28 18:00:00,Dust,71.84,ppm,Stack_3
AM01409,MP005,2025-09-28 00:00:00,CO,50.58,ppm,Stack_1
AM01410,MP005,2025-09-28 06:00:00,NOx,75.57,ppm,Stack_3
AM01411,MP005,2025-09-28 12:00:00,VOCs,18.08,ppm,Stack_2
AM01412,MP005,2025-09-28 18:00:00,NOx,48.04,ppm,Stack_5
AM01413,MP009,2025-09-28 00:00:00,PM2.5,118.69,μg/m3,Stack_1
AM01414,MP009,2025-09-28 06:00:00,CO,102.58,ppm,Stack_5
AM01415,MP009,2025-09-28 12:00:00,PM2.5,45.65,μg/m3,Stack_5
AM01416,MP009,2025-09-28 18:00:00,VOCs,90.87,ppm,Stack_2
AM01417,MP013,2025-09-28 00:00:00,NOx,43.61,ppm,Stack_2
AM01418,MP013,2025-09-28 06:00:00,PM2.5,92.46,μg/m3,Stack_4
AM01419,MP013,2025-09-28 12:00:00,SOx,79.27,ppm,Stack_1
AM01420,MP013,2025-09-28 18:00:00,NOx,12.74,ppm,Stack_3
AM01421,MP017,2025-09-28 00:00:00,VOCs,111.05,ppm,Stack_3
AM01422,MP017,2025-09-28 06:00:00,PM2.5,20.26,μg/m3,Stack_5
AM01423,MP017,2025-09-28 12:00:00,SOx,103.75,ppm,Stack_3
AM01424,MP017,2025-09-28 18:00:00,NOx,125.85,ppm,Stack_1
AM01425,MP021,2025-09-28 00:00:00,SOx,68.09,ppm,Stack_5
AM01426,MP021,2025-09-28 06:00:00,PM2.5,5.42,μg/m3,Stack_5
AM01427,MP021,2025-09-28 12:00:00,PM2.5,23.32,μg/m3,Stack_3
AM01428,MP021,2025-09-28 18:00:00,NOx,125.42,ppm,Stack_5
AM01429,MP025,2025-09-28 00:00:00,PM10,141.02,μg/m3,Stack_1
AM01430,MP025,2025-09-28 06:00:00,PM10,96.66,μg/m3,Stack_2
AM01431,MP025,2025-09-28 12:00:00,VOCs,135.28,ppm,Stack_4
AM01432,MP025,2025-09-28 18:00:00,SOx,142.84,ppm,Stack_4
AM01433,MP029,2025-09-28 00:00:00,PM2.5,35.63,μg/m3,Stack_2
AM01434,MP029,2025-09-28 06:00:00,SOx,127.9,ppm,Stack_4
AM01435,MP029,2025-09-28 12:00:00,PM2.5,77.95,μg/m3,Stack_5
AM01436,MP029,2025-09-28 18:00:00,CO,52.57,ppm,Stack_3
AM01437,MP033,2025-09-28 00:00:00,PM10,13.47,μg/m3,Stack_4
AM01438,MP033,2025-09-28 06:00:00,CO,99.53,ppm,Stack_5
AM01439,MP033,2025-09-28 12:00:00,PM2.5,28.33,μg/m3,Stack_3
AM01440,MP033,2025-09-28 18:00:00,VOCs,70.63,ppm,Stack_1
AM01441,MP037,2025-09-28 00:00:00,PM2.5,149.08,μg/m3,Stack_1
AM01442,MP037,2025-09-28 06:00:00,NOx,141.53,ppm,Stack_5
AM01443,MP037,2025-09-28 12:00:00,Dust,117.0,ppm,Stack_1
AM01444,MP037,2025-09-28 18:00:00,NOx,14.56,ppm,Stack_3
AM01445,MP041,2025-09-28 00:00:00,CO,98.01,ppm,Stack_1
AM01446,MP041,2025-09-28 06:00:00,PM10,21.84,μg/m3,Stack_3
AM01447,MP041,2025-09-28 12:00:00,PM10,93.51,μg/m3,Stack_4
AM01448,MP041,2025-09-28 18:00:00,Dust,20.84,ppm,Stack_1
AM01449,MP045,2025-09-28 00:00:00,SOx,31.96,ppm,Stack_1
AM01450,MP045,2025-09-28 06:00:00,VOCs,132.62,ppm,Stack_3
AM01451,MP045,2025-09-28 12:00:00,PM2.5,142.32,μg/m3,Stack_4
AM01452,MP045,2025-09-28 18:00:00,PM10,124.02,μg/m3,Stack_2
AM01453,MP049,2025-09-28 00:00:00,PM2.5,11.36,μg/m3,Stack_4
AM01454,MP049,2025-09-28 06:00:00,PM10,122.4,μg/m3,Stack_5
AM01455,MP049,2025-09-28 12:00:00,SOx,103.67,ppm,Stack_1
AM01456,MP049,2025-09-28 18:00:00,NOx,42.18,ppm,Stack_1
AM01457,MP001,2025-09-29 00:00:00,CO,88.23,ppm,Stack_3
AM01458,MP001,2025-09-29 06:00:00,CO,108.15,ppm,Stack_3
AM01459,MP001,2025-09-29 12:00:00,PM2.5,122.56,μg/m3,Stack_2
AM01460,MP001,2025-09-29 18:00:00,Dust,87.29,ppm,Stack_4
AM01461,MP005,2025-09-29 00:00:00,NOx,91.0,ppm,Stack_5
AM01462,MP005,2025-09-29 06:00:00,PM2.5,130.45,μg/m3,Stack_4
AM01463,MP005,2025-09-29 12:00:00,SOx,24.07,ppm,Stack_3
AM01464,MP005,2025-09-29 18:00:00,SOx,143.7,ppm,Stack_1
AM01465,MP009,2025-09-29 00:00:00,NOx,126.27,ppm,Stack_1
AM01466,MP009,2025-09-29 06:00:00,CO,119.99,ppm,Stack_5
AM01467,MP009,2025-09-29 12:00:00,PM2.5,146.72,μg/m3,Stack_2
AM01468,MP009,2025-09-29 18:00:00,Dust,50.07,ppm,Stack_5
AM01469,MP013,2025-09-29 00:00:00,PM10,35.92,μg/m3,Stack_1
AM01470,MP013,2025-09-29 06:00:00,PM10,42.38,μg/m3,Stack_1
AM01471,MP013,2025-09-29 12:00:00,PM2.5,56.01,μg/m3,Stack_5
AM01472,MP013,2025-09-29 18:00:00,VOCs,93.56,ppm,Stack_2
AM01473,MP017,2025-09-29 00:00:00,VOCs,31.56,ppm,Stack_4
AM01474,MP017,2025-09-29 06:00:00,SOx,35.93,ppm,Stack_3
AM01475,MP017,2025-09-29 12:00:00,NOx,42.12,ppm,Stack_2
AM01476,MP017,2025-09-29 18:00:00,SOx,131.35,ppm,Stack_2
AM01477,MP021,2025-09-29 00:00:00,NOx,81.84,ppm,Stack_4
AM01478,MP021,2025-09-29 06:00:00,Dust,44.59,ppm,Stack_5
AM01479,MP021,2025-09-29 12:00:00,NOx,10.64,ppm,Stack_4
AM01480,MP021,2025-09-29 18:00:00,NOx,33.09,ppm,Stack_5
AM01481,MP025,2025-09-29 00:00:00,PM2.5,148.51,μg/m3,Stack_3
AM01482,MP025,2025-09-29 06:00:00,SOx,139.99,ppm,Stack_5
AM01483,MP025,2025-09-29 12:00:00,PM2.5,84.34,μg/m3,Stack_2
AM01484,MP025,2025-09-29 18:00:00,SOx,121.03,ppm,Stack_4
AM01485,MP029,2025-09-29 00:00:00,Dust,136.62,ppm,Stack_3
AM01486,MP029,2025-09-29 06:00:00,NOx,137.68,ppm,Stack_5
AM01487,MP029,2025-09-29 12:00:00,PM10,52.97,μg/m3,Stack_1
AM01488,MP029,2025-09-29 18:00:00,NOx,123.36,ppm,Stack_3
AM01489,MP033,2025-09-29 00:00:00,VOCs,12.27,ppm,Stack_3
AM01490,MP033,2025-09-29 06:00:00,NOx,94.88,ppm,Stack_3
AM01491,MP033,2025-09-29 12:00:00,PM10,57.81,μg/m3,Stack_4
AM01492,MP033,2025-09-29 18:00:00,PM2.5,34.87,μg/m3,Stack_2
AM01493,MP037,2025-09-29 00:00:00,VOCs,124.57,ppm,Stack_5
AM01494,MP037,2025-09-29 06:00:00,PM10,83.42,μg/m3,Stack_3
AM01495,MP037,2025-09-29 12:00:00,Dust,52.06,ppm,Stack_1
AM01496,MP037,2025-09-29 18:00:00,NOx,96.2,ppm,Stack_3
AM01497,MP041,2025-09-29 00:00:00,VOCs,9.0,ppm,Stack_5
AM01498,MP041,2025-09-29 06:00:00,PM10,133.98,μg/m3,Stack_1
AM01499,MP041,2025-09-29 12:00:00,PM10,149.53,μg/m3,Stack_4
AM01500,MP041,2025-09-29 18:00:00,Dust,78.59,ppm,Stack_4
AM01501,MP045,2025-09-29 00:00:00,PM10,92.15,μg/m3,Stack_1
AM01502,MP045,2025-09-29 06:00:00,PM2.5,52.64,μg/m3,Stack_3
AM01503,MP045,2025-09-29 12:00:00,VOCs,141.65,ppm,Stack_4
AM01504,MP045,2025-09-29 18:00:00,PM10,104.58,μg/m3,Stack_2
AM01505,MP049,2025-09-29 00:00:00,PM2.5,96.91,μg/m3,Stack_4
AM01506,MP049,2025-09-29 06:00:00,VOCs,95.04,ppm,Stack_2
AM01507,MP049,2025-09-29 12:00:00,SOx,123.55,ppm,Stack_3
AM01508,MP049,2025-09-29 18:00:00,VOCs,141.37,ppm,Stack_2
AM01509,MP001,2025-09-30 00:00:00,PM10,134.48,μg/m3,Stack_2
AM01510,MP001,2025-09-30 06:00:00,PM2.5,68.47,μg/m3,Stack_3
AM01511,MP001,2025-09-30 12:00:00,Dust,120.11,ppm,Stack_5
AM01512,MP001,2025-09-30 18:00:00,SOx,131.43,ppm,Stack_1
AM01513,MP005,2025-09-30 00:00:00,PM10,27.9,μg/m3,Stack_4
AM01514,MP005,2025-09-30 06:00:00,Dust,122.81,ppm,Stack_1
AM01515,MP005,2025-09-30 12:00:00,PM10,51.33,μg/m3,Stack_3
AM01516,MP005,2025-09-30 18:00:00,PM2.5,130.11,μg/m3,Stack_2
AM01517,MP009,2025-09-30 00:00:00,SOx,145.16,ppm,Stack_5
AM01518,MP009,2025-09-30 06:00:00,SOx,68.82,ppm,Stack_5
AM01519,MP009,2025-09-30 12:00:00,SOx,9.64,ppm,Stack_3
AM01520,MP009,2025-09-30 18:00:00,PM10,143.6,μg/m3,Stack_4
AM01521,MP013,2025-09-30 00:00:00,PM10,115.92,μg/m3,Stack_2
AM01522,MP013,2025-09-30 06:00:00,Dust,23.72,ppm,Stack_5
AM01523,MP013,2025-09-30 12:00:00,CO,12.18,ppm,Stack_3
AM01524,MP013,2025-09-30 18:00:00,VOCs,112.76,ppm,Stack_3
AM01525,MP017,2025-09-30 00:00:00,VOCs,9.07,ppm,Stack_2
AM01526,MP017,2025-09-30 06:00:00,VOCs,113.89,ppm,Stack_1
AM01527,MP017,2025-09-30 12:00:00,PM10,6.41,μg/m3,Stack_4
AM01528,MP017,2025-09-30 18:00:00,SOx,143.82,ppm,Stack_5
AM01529,MP021,2025-09-30 00:00:00,PM2.5,145.63,μg/m3,Stack_1
AM01530,MP021,2025-09-30 06:00:00,PM2.5,105.05,μg/m3,Stack_5
AM01531,MP021,2025-09-30 12:00:00,PM10,5.44,μg/m3,Stack_3
AM01532,MP021,2025-09-30 18:00:00,PM2.5,140.96,μg/m3,Stack_2
AM01533,MP025,2025-09-30 00:00:00,NOx,11.61,ppm,Stack_5
AM01534,MP025,2025-09-30 06:00:00,VOCs,145.98,ppm,Stack_3
AM01535,MP025,2025-09-30 12:00:00,PM10,15.44,μg/m3,Stack_3
AM01536,MP025,2025-09-30 18:00:00,VOCs,93.95,ppm,Stack_1
AM01537,MP029,2025-09-30 00:00:00,PM2.5,148.62,μg/m3,Stack_3
AM01538,MP029,2025-09-30 06:00:00,CO,94.41,ppm,Stack_2
AM01539,MP029,2025-09-30 12:00:00,CO,57.08,ppm,Stack_2
AM01540,MP029,2025-09-30 18:00:00,SOx,104.47,ppm,Stack_3
AM01541,MP033,2025-09-30 00:00:00,PM2.5,11.63,μg/m3,Stack_4
AM01542,MP033,2025-09-30 06:00:00,PM10,9.82,μg/m3,Stack_4
AM01543,MP033,2025-09-30 12:00:00,NOx,87.56,ppm,Stack_5
AM01544,MP033,2025-09-30 18:00:00,PM10,98.4,μg/m3,Stack_4
AM01545,MP037,2025-09-30 00:00:00,CO,67.13,ppm,Stack_5
AM01546,MP037,2025-09-30 06:00:00,PM10,15.68,μg/m3,Stack_4
AM01547,MP037,2025-09-30 12:00:00,VOCs,68.69,ppm,Stack_3
AM01548,MP037,2025-09-30 18:00:00,PM10,117.85,μg/m3,Stack_2
AM01549,MP041,2025-09-30 00:00:00,NOx,77.64,ppm,Stack_2
AM01550,MP041,2025-09-30 06:00:00,VOCs,134.02,ppm,Stack_2
AM01551,MP041,2025-09-30 12:00:00,VOCs,33.11,ppm,Stack_3
AM01552,MP041,2025-09-30 18:00:00,SOx,89.25,ppm,Stack_3
AM01553,MP045,2025-09-30 00:00:00,Dust,37.63,ppm,Stack_1
AM01554,MP045,2025-09-30 06:00:00,NOx,76.16,ppm,Stack_4
AM01555,MP045,2025-09-30 12:00:00,Dust,127.97,ppm,Stack_2
AM01556,MP045,2025-09-30 18:00:00,SOx,52.57,ppm,Stack_2
AM01557,MP049,2025-09-30 00:00:00,PM2.5,96.77,μg/m3,Stack_1
AM01558,MP049,2025-09-30 06:00:00,PM10,76.52,μg/m3,Stack_4
AM01559,MP049,2025-09-30 12:00:00,SOx,41.99,ppm,Stack_4
AM01560,MP049,2025-09-30 18:00:00,PM2.5,46.45,μg/m3,Stack_4
