Event_ID,Tag_ID,Timestamp,Alarm_Type,Severity,Message
EVT00001,TAG008,2025-09-01 13:55:08,Rate_of_Change,Critical,Rate_of_Change on TAG008
EVT00002,TAG024,2025-09-01 05:13:49,Sensor_Fault,Medium,Sensor_Fault on TAG024
EVT00003,TAG035,2025-09-01 12:15:46,Communication_Error,Medium,Communication_Error on TAG035
EVT00004,TAG018,2025-09-01 06:05:41,Rate_of_Change,Medium,Rate_of_Change on TAG018
EVT00005,TAG018,2025-09-01 19:03:19,Sensor_Fault,High,Sensor_Fault on TAG018
EVT00006,TAG025,2025-09-01 05:26:24,Deviation,Medium,Deviation on TAG025
EVT00007,TAG010,2025-09-01 01:42:59,Rate_of_Change,High,Rate_of_Change on TAG010
EVT00008,TAG008,2025-09-01 21:54:38,Deviation,Critical,Deviation on TAG008
EVT00009,TAG017,2025-09-01 16:43:00,High_Alarm,Medium,High_Alarm on TAG017
EVT00010,TAG015,2025-09-01 03:09:31,Low_Alarm,Low,Low_Alarm on TAG015
EVT00011,TAG045,2025-09-02 01:45:49,Deviation,Critical,Deviation on TAG045
EVT00012,TAG014,2025-09-02 22:12:23,Rate_of_Change,Medium,Rate_of_Change on TAG014
EVT00013,TAG027,2025-09-02 15:56:52,Low_Alarm,Low,Low_Alarm on TAG027
EVT00014,TAG033,2025-09-02 04:09:33,Low_Alarm,Critical,Low_Alarm on TAG033
EVT00015,TAG004,2025-09-02 19:24:41,Communication_Error,Low,Communication_Error on TAG004
EVT00016,TAG039,2025-09-02 10:52:30,Rate_of_Change,High,Rate_of_Change on TAG039
EVT00017,TAG040,2025-09-02 13:38:47,Deviation,Low,Deviation on TAG040
EVT00018,TAG023,2025-09-02 12:38:50,Rate_of_Change,Critical,Rate_of_Change on TAG023
EVT00019,TAG038,2025-09-02 03:50:14,Deviation,Medium,Deviation on TAG038
EVT00020,TAG015,2025-09-02 10:38:19,Deviation,High,Deviation on TAG015
EVT00021,TAG036,2025-09-02 14:29:50,Communication_Error,High,Communication_Error on TAG036
EVT00022,TAG024,2025-09-02 14:04:42,Low_Alarm,Critical,Low_Alarm on TAG024
EVT00023,TAG004,2025-09-02 15:12:14,Rate_of_Change,High,Rate_of_Change on TAG004
EVT00024,TAG031,2025-09-02 13:08:55,Communication_Error,Low,Communication_Error on TAG031
EVT00025,TAG005,2025-09-02 20:29:05,Rate_of_Change,Low,Rate_of_Change on TAG005
EVT00026,TAG018,2025-09-02 20:25:37,Communication_Error,High,Communication_Error on TAG018
EVT00027,TAG032,2025-09-02 02:10:27,Low_Alarm,Medium,Low_Alarm on TAG032
EVT00028,TAG014,2025-09-02 01:30:47,Low_Alarm,Low,Low_Alarm on TAG014
EVT00029,TAG031,2025-09-02 08:56:01,Deviation,High,Deviation on TAG031
EVT00030,TAG033,2025-09-02 00:00:27,Low_Alarm,High,Low_Alarm on TAG033
EVT00031,TAG012,2025-09-02 13:09:02,Rate_of_Change,Low,Rate_of_Change on TAG012
EVT00032,TAG001,2025-09-03 07:01:37,Sensor_Fault,Medium,Sensor_Fault on TAG001
EVT00033,TAG035,2025-09-03 05:01:32,Deviation,Medium,Deviation on TAG035
EVT00034,TAG022,2025-09-03 01:24:48,Communication_Error,High,Communication_Error on TAG022
EVT00035,TAG024,2025-09-03 07:14:44,Low_Alarm,Critical,Low_Alarm on TAG024
EVT00036,TAG045,2025-09-03 16:55:23,Low_Alarm,Low,Low_Alarm on TAG045
EVT00037,TAG005,2025-09-03 04:42:16,Rate_of_Change,High,Rate_of_Change on TAG005
EVT00038,TAG032,2025-09-03 13:50:20,Low_Alarm,Critical,Low_Alarm on TAG032
EVT00039,TAG001,2025-09-03 13:18:53,Low_Alarm,Low,Low_Alarm on TAG001
EVT00040,TAG004,2025-09-03 12:31:20,Sensor_Fault,High,Sensor_Fault on TAG004
EVT00041,TAG037,2025-09-03 19:47:06,Rate_of_Change,Medium,Rate_of_Change on TAG037
EVT00042,TAG020,2025-09-03 10:20:41,Rate_of_Change,High,Rate_of_Change on TAG020
EVT00043,TAG001,2025-09-03 19:52:54,Deviation,Medium,Deviation on TAG001
EVT00044,TAG038,2025-09-03 20:27:14,High_Alarm,Critical,High_Alarm on TAG038
EVT00045,TAG009,2025-09-03 22:27:22,Sensor_Fault,Medium,Sensor_Fault on TAG009
EVT00046,TAG024,2025-09-03 05:25:12,Sensor_Fault,Low,Sensor_Fault on TAG024
EVT00047,TAG030,2025-09-04 08:08:01,Deviation,Medium,Deviation on TAG030
EVT00048,TAG016,2025-09-04 12:24:04,High_Alarm,Low,High_Alarm on TAG016
EVT00049,TAG007,2025-09-04 13:41:00,Sensor_Fault,Medium,Sensor_Fault on TAG007
EVT00050,TAG006,2025-09-04 14:31:12,Sensor_Fault,Medium,Sensor_Fault on TAG006
EVT00051,TAG018,2025-09-04 04:49:09,Communication_Error,Medium,Communication_Error on TAG018
EVT00052,TAG037,2025-09-04 06:03:24,Rate_of_Change,Low,Rate_of_Change on TAG037
EVT00053,TAG022,2025-09-04 19:01:45,Rate_of_Change,Medium,Rate_of_Change on TAG022
EVT00054,TAG005,2025-09-04 21:12:33,Low_Alarm,Medium,Low_Alarm on TAG005
EVT00055,TAG012,2025-09-04 11:44:34,Sensor_Fault,Low,Sensor_Fault on TAG012
EVT00056,TAG001,2025-09-04 17:02:56,Low_Alarm,Critical,Low_Alarm on TAG001
EVT00057,TAG026,2025-09-04 03:45:10,Rate_of_Change,High,Rate_of_Change on TAG026
EVT00058,TAG020,2025-09-04 06:21:57,Low_Alarm,Medium,Low_Alarm on TAG020
EVT00059,TAG045,2025-09-04 20:58:52,Sensor_Fault,Medium,Sensor_Fault on TAG045
EVT00060,TAG021,2025-09-04 21:55:39,Sensor_Fault,Critical,Sensor_Fault on TAG021
EVT00061,TAG013,2025-09-04 01:52:04,Low_Alarm,Medium,Low_Alarm on TAG013
EVT00062,TAG038,2025-09-04 09:31:13,Sensor_Fault,Low,Sensor_Fault on TAG038
EVT00063,TAG042,2025-09-05 19:57:30,Deviation,Medium,Deviation on TAG042
EVT00064,TAG041,2025-09-05 22:58:26,Rate_of_Change,Medium,Rate_of_Change on TAG041
EVT00065,TAG043,2025-09-05 03:11:44,Sensor_Fault,High,Sensor_Fault on TAG043
EVT00066,TAG029,2025-09-05 11:58:10,Sensor_Fault,Critical,Sensor_Fault on TAG029
EVT00067,TAG025,2025-09-05 19:48:12,Communication_Error,Low,Communication_Error on TAG025
EVT00068,TAG043,2025-09-05 09:32:41,Rate_of_Change,Low,Rate_of_Change on TAG043
EVT00069,TAG015,2025-09-05 20:44:03,Rate_of_Change,Low,Rate_of_Change on TAG015
EVT00070,TAG042,2025-09-05 14:43:16,Sensor_Fault,Critical,Sensor_Fault on TAG042
EVT00071,TAG034,2025-09-05 00:18:05,Rate_of_Change,Medium,Rate_of_Change on TAG034
EVT00072,TAG025,2025-09-05 23:28:34,Low_Alarm,High,Low_Alarm on TAG025
EVT00073,TAG002,2025-09-06 16:04:33,Communication_Error,Medium,Communication_Error on TAG002
EVT00074,TAG014,2025-09-06 18:29:14,Rate_of_Change,Medium,Rate_of_Change on TAG014
EVT00075,TAG016,2025-09-06 02:19:42,Deviation,Critical,Deviation on TAG016
EVT00076,TAG029,2025-09-06 21:46:38,Low_Alarm,Critical,Low_Alarm on TAG029
EVT00077,TAG047,2025-09-06 22:13:22,High_Alarm,Low,High_Alarm on TAG047
EVT00078,TAG017,2025-09-06 11:51:09,High_Alarm,Medium,High_Alarm on TAG017
EVT00079,TAG011,2025-09-06 15:28:38,Rate_of_Change,Medium,Rate_of_Change on TAG011
EVT00080,TAG014,2025-09-06 20:45:20,High_Alarm,Critical,High_Alarm on TAG014
EVT00081,TAG025,2025-09-06 04:10:27,Deviation,Critical,Deviation on TAG025
EVT00082,TAG041,2025-09-06 16:08:47,Rate_of_Change,Low,Rate_of_Change on TAG041
EVT00083,TAG033,2025-09-06 21:58:54,High_Alarm,Critical,High_Alarm on TAG033
EVT00084,TAG039,2025-09-06 08:18:49,Low_Alarm,Low,Low_Alarm on TAG039
EVT00085,TAG022,2025-09-06 19:49:22,Communication_Error,High,Communication_Error on TAG022
EVT00086,TAG022,2025-09-06 16:43:03,Low_Alarm,High,Low_Alarm on TAG022
EVT00087,TAG049,2025-09-06 15:46:50,Sensor_Fault,High,Sensor_Fault on TAG049
EVT00088,TAG011,2025-09-06 20:07:54,Low_Alarm,Low,Low_Alarm on TAG011
EVT00089,TAG040,2025-09-06 18:23:40,Low_Alarm,High,Low_Alarm on TAG040
EVT00090,TAG027,2025-09-06 20:27:17,High_Alarm,Low,High_Alarm on TAG027
EVT00091,TAG008,2025-09-06 11:27:54,Deviation,Low,Deviation on TAG008
EVT00092,TAG036,2025-09-06 01:51:17,Sensor_Fault,Medium,Sensor_Fault on TAG036
EVT00093,TAG029,2025-09-06 18:25:21,High_Alarm,High,High_Alarm on TAG029
EVT00094,TAG018,2025-09-06 13:57:32,Rate_of_Change,High,Rate_of_Change on TAG018
EVT00095,TAG026,2025-09-06 05:32:37,Low_Alarm,Low,Low_Alarm on TAG026
EVT00096,TAG044,2025-09-06 03:08:47,Rate_of_Change,Low,Rate_of_Change on TAG044
EVT00097,TAG041,2025-09-07 14:40:15,Sensor_Fault,Medium,Sensor_Fault on TAG041
EVT00098,TAG025,2025-09-07 04:51:40,Low_Alarm,Medium,Low_Alarm on TAG025
EVT00099,TAG031,2025-09-07 21:28:11,Low_Alarm,Low,Low_Alarm on TAG031
EVT00100,TAG002,2025-09-07 20:06:18,Sensor_Fault,Medium,Sensor_Fault on TAG002
EVT00101,TAG033,2025-09-07 20:31:02,Deviation,High,Deviation on TAG033
EVT00102,TAG022,2025-09-07 14:25:28,Rate_of_Change,Low,Rate_of_Change on TAG022
EVT00103,TAG005,2025-09-07 21:57:25,High_Alarm,Critical,High_Alarm on TAG005
EVT00104,TAG029,2025-09-07 04:31:40,Sensor_Fault,Critical,Sensor_Fault on TAG029
EVT00105,TAG016,2025-09-07 16:50:21,Low_Alarm,High,Low_Alarm on TAG016
EVT00106,TAG013,2025-09-07 13:05:39,Rate_of_Change,High,Rate_of_Change on TAG013
EVT00107,TAG031,2025-09-07 02:49:02,Sensor_Fault,High,Sensor_Fault on TAG031
EVT00108,TAG030,2025-09-07 16:15:26,Sensor_Fault,Medium,Sensor_Fault on TAG030
EVT00109,TAG009,2025-09-07 22:07:55,Rate_of_Change,Low,Rate_of_Change on TAG009
EVT00110,TAG024,2025-09-07 21:31:36,Sensor_Fault,Medium,Sensor_Fault on TAG024
EVT00111,TAG011,2025-09-07 19:56:12,High_Alarm,Low,High_Alarm on TAG011
EVT00112,TAG044,2025-09-07 17:50:05,Sensor_Fault,Low,Sensor_Fault on TAG044
EVT00113,TAG040,2025-09-07 19:30:44,High_Alarm,Low,High_Alarm on TAG040
EVT00114,TAG002,2025-09-07 22:18:52,Low_Alarm,High,Low_Alarm on TAG002
EVT00115,TAG012,2025-09-07 14:11:47,Low_Alarm,Low,Low_Alarm on TAG012
EVT00116,TAG021,2025-09-07 21:41:05,Deviation,Low,Deviation on TAG021
EVT00117,TAG030,2025-09-07 01:01:52,Low_Alarm,High,Low_Alarm on TAG030
EVT00118,TAG037,2025-09-07 21:52:52,Low_Alarm,Low,Low_Alarm on TAG037
EVT00119,TAG029,2025-09-07 11:44:57,Sensor_Fault,Medium,Sensor_Fault on TAG029
EVT00120,TAG022,2025-09-08 09:27:35,Communication_Error,High,Communication_Error on TAG022
EVT00121,TAG028,2025-09-08 19:11:09,High_Alarm,Low,High_Alarm on TAG028
EVT00122,TAG024,2025-09-08 03:30:09,Rate_of_Change,Low,Rate_of_Change on TAG024
EVT00123,TAG036,2025-09-08 01:06:16,Communication_Error,Low,Communication_Error on TAG036
EVT00124,TAG016,2025-09-08 04:28:06,Rate_of_Change,High,Rate_of_Change on TAG016
EVT00125,TAG013,2025-09-08 19:01:21,Communication_Error,Low,Communication_Error on TAG013
EVT00126,TAG006,2025-09-08 02:28:31,Rate_of_Change,Low,Rate_of_Change on TAG006
EVT00127,TAG042,2025-09-08 10:13:33,Sensor_Fault,High,Sensor_Fault on TAG042
EVT00128,TAG041,2025-09-08 18:24:49,Sensor_Fault,Medium,Sensor_Fault on TAG041
EVT00129,TAG026,2025-09-08 09:41:54,Sensor_Fault,Medium,Sensor_Fault on TAG026
EVT00130,TAG020,2025-09-08 18:09:55,High_Alarm,Medium,High_Alarm on TAG020
EVT00131,TAG048,2025-09-08 21:56:03,Communication_Error,Low,Communication_Error on TAG048
EVT00132,TAG023,2025-09-08 13:58:54,Communication_Error,Low,Communication_Error on TAG023
EVT00133,TAG048,2025-09-09 20:54:28,Deviation,Low,Deviation on TAG048
EVT00134,TAG040,2025-09-09 15:44:16,Sensor_Fault,High,Sensor_Fault on TAG040
EVT00135,TAG023,2025-09-09 03:54:23,Low_Alarm,High,Low_Alarm on TAG023
EVT00136,TAG040,2025-09-09 03:22:36,Communication_Error,Low,Communication_Error on TAG040
EVT00137,TAG021,2025-09-09 09:57:14,Rate_of_Change,Critical,Rate_of_Change on TAG021
EVT00138,TAG048,2025-09-09 20:30:02,High_Alarm,High,High_Alarm on TAG048
EVT00139,TAG038,2025-09-09 19:10:48,Deviation,Low,Deviation on TAG038
EVT00140,TAG034,2025-09-09 11:54:02,Communication_Error,Critical,Communication_Error on TAG034
EVT00141,TAG039,2025-09-09 12:05:00,High_Alarm,High,High_Alarm on TAG039
EVT00142,TAG019,2025-09-09 13:23:02,Rate_of_Change,High,Rate_of_Change on TAG019
EVT00143,TAG044,2025-09-09 19:12:36,Rate_of_Change,Medium,Rate_of_Change on TAG044
EVT00144,TAG020,2025-09-09 11:00:19,Low_Alarm,Low,Low_Alarm on TAG020
EVT00145,TAG009,2025-09-09 16:20:07,High_Alarm,Low,High_Alarm on TAG009
EVT00146,TAG010,2025-09-09 20:24:53,Communication_Error,Critical,Communication_Error on TAG010
EVT00147,TAG022,2025-09-09 07:13:24,Communication_Error,Low,Communication_Error on TAG022
EVT00148,TAG042,2025-09-09 13:36:16,Low_Alarm,Low,Low_Alarm on TAG042
EVT00149,TAG010,2025-09-09 14:23:18,Deviation,Medium,Deviation on TAG010
EVT00150,TAG045,2025-09-09 07:19:46,Sensor_Fault,Critical,Sensor_Fault on TAG045
EVT00151,TAG050,2025-09-09 22:47:08,Deviation,Low,Deviation on TAG050
EVT00152,TAG036,2025-09-09 21:25:32,High_Alarm,High,High_Alarm on TAG036
EVT00153,TAG010,2025-09-09 21:46:29,Sensor_Fault,Medium,Sensor_Fault on TAG010
EVT00154,TAG015,2025-09-09 00:01:31,Sensor_Fault,Medium,Sensor_Fault on TAG015
EVT00155,TAG042,2025-09-09 10:01:41,High_Alarm,Critical,High_Alarm on TAG042
EVT00156,TAG022,2025-09-09 00:58:42,High_Alarm,Critical,High_Alarm on TAG022
EVT00157,TAG047,2025-09-09 11:07:44,High_Alarm,Medium,High_Alarm on TAG047
EVT00158,TAG046,2025-09-09 06:05:48,Deviation,Medium,Deviation on TAG046
EVT00159,TAG024,2025-09-10 03:05:40,Sensor_Fault,High,Sensor_Fault on TAG024
EVT00160,TAG021,2025-09-10 04:33:09,Sensor_Fault,Medium,Sensor_Fault on TAG021
EVT00161,TAG001,2025-09-10 22:28:53,Low_Alarm,Medium,Low_Alarm on TAG001
EVT00162,TAG046,2025-09-10 20:02:28,High_Alarm,High,High_Alarm on TAG046
EVT00163,TAG002,2025-09-10 20:23:26,Deviation,Critical,Deviation on TAG002
EVT00164,TAG024,2025-09-10 04:32:53,Rate_of_Change,High,Rate_of_Change on TAG024
EVT00165,TAG022,2025-09-10 21:24:09,Deviation,High,Deviation on TAG022
EVT00166,TAG016,2025-09-10 02:44:48,Rate_of_Change,Medium,Rate_of_Change on TAG016
EVT00167,TAG006,2025-09-10 12:26:59,Sensor_Fault,Critical,Sensor_Fault on TAG006
EVT00168,TAG042,2025-09-10 01:03:39,Rate_of_Change,Medium,Rate_of_Change on TAG042
EVT00169,TAG039,2025-09-10 08:58:23,Deviation,Critical,Deviation on TAG039
EVT00170,TAG009,2025-09-10 04:06:58,Low_Alarm,Low,Low_Alarm on TAG009
EVT00171,TAG044,2025-09-10 10:23:25,Low_Alarm,Low,Low_Alarm on TAG044
EVT00172,TAG043,2025-09-10 08:42:16,High_Alarm,Low,High_Alarm on TAG043
EVT00173,TAG017,2025-09-10 21:27:32,Communication_Error,Critical,Communication_Error on TAG017
EVT00174,TAG028,2025-09-10 14:20:53,Low_Alarm,Medium,Low_Alarm on TAG028
EVT00175,TAG047,2025-09-10 03:18:11,Low_Alarm,High,Low_Alarm on TAG047
EVT00176,TAG007,2025-09-10 18:09:29,High_Alarm,Medium,High_Alarm on TAG007
EVT00177,TAG029,2025-09-10 18:30:25,Deviation,High,Deviation on TAG029
EVT00178,TAG007,2025-09-11 20:33:15,High_Alarm,Low,High_Alarm on TAG007
EVT00179,TAG018,2025-09-11 03:10:12,Sensor_Fault,High,Sensor_Fault on TAG018
EVT00180,TAG019,2025-09-11 05:13:24,Rate_of_Change,Medium,Rate_of_Change on TAG019
EVT00181,TAG028,2025-09-11 21:07:34,Deviation,High,Deviation on TAG028
EVT00182,TAG048,2025-09-11 20:05:29,Communication_Error,Critical,Communication_Error on TAG048
EVT00183,TAG004,2025-09-11 17:46:42,Communication_Error,High,Communication_Error on TAG004
EVT00184,TAG008,2025-09-11 12:26:45,Low_Alarm,Low,Low_Alarm on TAG008
EVT00185,TAG023,2025-09-11 00:46:15,Communication_Error,Low,Communication_Error on TAG023
EVT00186,TAG013,2025-09-11 20:11:05,Deviation,Low,Deviation on TAG013
EVT00187,TAG009,2025-09-11 12:16:30,Rate_of_Change,Low,Rate_of_Change on TAG009
EVT00188,TAG035,2025-09-11 20:37:23,Communication_Error,Medium,Communication_Error on TAG035
EVT00189,TAG041,2025-09-11 21:04:44,Low_Alarm,High,Low_Alarm on TAG041
EVT00190,TAG045,2025-09-11 23:05:15,Low_Alarm,Low,Low_Alarm on TAG045
EVT00191,TAG006,2025-09-11 10:29:42,Deviation,Low,Deviation on TAG006
EVT00192,TAG013,2025-09-11 11:39:14,Communication_Error,Critical,Communication_Error on TAG013
EVT00193,TAG015,2025-09-11 11:05:13,Sensor_Fault,Medium,Sensor_Fault on TAG015
EVT00194,TAG029,2025-09-11 06:36:39,Deviation,Low,Deviation on TAG029
EVT00195,TAG013,2025-09-11 17:09:44,Sensor_Fault,Medium,Sensor_Fault on TAG013
EVT00196,TAG024,2025-09-11 06:07:08,Communication_Error,Low,Communication_Error on TAG024
EVT00197,TAG021,2025-09-11 08:02:57,Low_Alarm,Low,Low_Alarm on TAG021
EVT00198,TAG043,2025-09-12 20:00:49,Low_Alarm,Medium,Low_Alarm on TAG043
EVT00199,TAG026,2025-09-12 19:09:27,Deviation,Low,Deviation on TAG026
EVT00200,TAG031,2025-09-12 18:15:53,Low_Alarm,Critical,Low_Alarm on TAG031
EVT00201,TAG027,2025-09-12 01:03:06,Low_Alarm,Medium,Low_Alarm on TAG027
EVT00202,TAG009,2025-09-12 02:30:31,Rate_of_Change,Critical,Rate_of_Change on TAG009
EVT00203,TAG006,2025-09-12 00:51:58,High_Alarm,High,High_Alarm on TAG006
EVT00204,TAG033,2025-09-12 06:55:11,Low_Alarm,Low,Low_Alarm on TAG033
EVT00205,TAG013,2025-09-12 02:00:55,Sensor_Fault,Critical,Sensor_Fault on TAG013
EVT00206,TAG046,2025-09-12 09:30:09,Sensor_Fault,Critical,Sensor_Fault on TAG046
EVT00207,TAG019,2025-09-12 13:44:48,Communication_Error,High,Communication_Error on TAG019
EVT00208,TAG045,2025-09-12 20:18:31,High_Alarm,Low,High_Alarm on TAG045
EVT00209,TAG010,2025-09-12 01:51:29,High_Alarm,Medium,High_Alarm on TAG010
EVT00210,TAG016,2025-09-12 00:11:32,Deviation,Medium,Deviation on TAG016
EVT00211,TAG026,2025-09-12 20:00:50,Rate_of_Change,Critical,Rate_of_Change on TAG026
EVT00212,TAG018,2025-09-12 03:24:47,Rate_of_Change,Medium,Rate_of_Change on TAG018
EVT00213,TAG003,2025-09-12 03:11:12,Communication_Error,Medium,Communication_Error on TAG003
EVT00214,TAG033,2025-09-12 05:20:46,Communication_Error,Medium,Communication_Error on TAG033
EVT00215,TAG006,2025-09-12 03:41:40,Rate_of_Change,Low,Rate_of_Change on TAG006
EVT00216,TAG032,2025-09-12 04:21:11,High_Alarm,Critical,High_Alarm on TAG032
EVT00217,TAG009,2025-09-12 20:06:08,Communication_Error,High,Communication_Error on TAG009
EVT00218,TAG007,2025-09-12 21:26:44,Deviation,High,Deviation on TAG007
EVT00219,TAG028,2025-09-12 08:20:35,Deviation,Low,Deviation on TAG028
EVT00220,TAG033,2025-09-12 10:47:54,Low_Alarm,Low,Low_Alarm on TAG033
EVT00221,TAG035,2025-09-12 06:56:44,Deviation,Low,Deviation on TAG035
EVT00222,TAG013,2025-09-12 14:52:56,Low_Alarm,Low,Low_Alarm on TAG013
EVT00223,TAG030,2025-09-12 14:28:13,Deviation,Low,Deviation on TAG030
EVT00224,TAG018,2025-09-12 15:17:29,Communication_Error,Low,Communication_Error on TAG018
EVT00225,TAG023,2025-09-12 04:12:00,Deviation,High,Deviation on TAG023
EVT00226,TAG020,2025-09-13 04:07:10,Low_Alarm,Medium,Low_Alarm on TAG020
EVT00227,TAG041,2025-09-13 06:21:48,Sensor_Fault,High,Sensor_Fault on TAG041
EVT00228,TAG004,2025-09-13 12:59:04,Rate_of_Change,Medium,Rate_of_Change on TAG004
EVT00229,TAG018,2025-09-13 20:07:57,High_Alarm,Low,High_Alarm on TAG018
EVT00230,TAG038,2025-09-13 12:31:27,Rate_of_Change,Low,Rate_of_Change on TAG038
EVT00231,TAG029,2025-09-13 07:22:43,Sensor_Fault,Low,Sensor_Fault on TAG029
EVT00232,TAG013,2025-09-13 00:00:40,Low_Alarm,Low,Low_Alarm on TAG013
EVT00233,TAG024,2025-09-13 14:45:49,Rate_of_Change,High,Rate_of_Change on TAG024
EVT00234,TAG012,2025-09-13 19:00:25,High_Alarm,Medium,High_Alarm on TAG012
EVT00235,TAG034,2025-09-13 00:36:47,Communication_Error,Medium,Communication_Error on TAG034
EVT00236,TAG006,2025-09-13 21:36:21,Deviation,Low,Deviation on TAG006
EVT00237,TAG045,2025-09-13 02:25:23,Sensor_Fault,Medium,Sensor_Fault on TAG045
EVT00238,TAG020,2025-09-14 21:28:22,Deviation,Critical,Deviation on TAG020
EVT00239,TAG025,2025-09-14 03:40:47,High_Alarm,High,High_Alarm on TAG025
EVT00240,TAG048,2025-09-14 02:31:10,High_Alarm,Medium,High_Alarm on TAG048
EVT00241,TAG028,2025-09-14 13:12:37,Low_Alarm,Medium,Low_Alarm on TAG028
EVT00242,TAG040,2025-09-14 11:17:41,Low_Alarm,Low,Low_Alarm on TAG040
EVT00243,TAG048,2025-09-14 01:42:27,Deviation,Medium,Deviation on TAG048
EVT00244,TAG010,2025-09-14 14:04:00,Communication_Error,High,Communication_Error on TAG010
EVT00245,TAG043,2025-09-14 08:39:13,Rate_of_Change,Medium,Rate_of_Change on TAG043
EVT00246,TAG007,2025-09-14 21:58:17,High_Alarm,Medium,High_Alarm on TAG007
EVT00247,TAG040,2025-09-14 20:16:18,Deviation,Low,Deviation on TAG040
EVT00248,TAG027,2025-09-14 07:24:05,High_Alarm,Medium,High_Alarm on TAG027
EVT00249,TAG007,2025-09-14 18:39:07,High_Alarm,High,High_Alarm on TAG007
EVT00250,TAG005,2025-09-14 22:45:01,Low_Alarm,High,Low_Alarm on TAG005
EVT00251,TAG029,2025-09-14 17:13:41,High_Alarm,Low,High_Alarm on TAG029
EVT00252,TAG003,2025-09-14 23:26:11,Low_Alarm,Critical,Low_Alarm on TAG003
EVT00253,TAG024,2025-09-14 17:52:14,Communication_Error,Low,Communication_Error on TAG024
EVT00254,TAG015,2025-09-14 20:03:19,Rate_of_Change,Medium,Rate_of_Change on TAG015
EVT00255,TAG004,2025-09-14 20:22:03,Deviation,Low,Deviation on TAG004
EVT00256,TAG021,2025-09-14 07:04:24,Sensor_Fault,Critical,Sensor_Fault on TAG021
EVT00257,TAG010,2025-09-14 14:50:07,High_Alarm,Medium,High_Alarm on TAG010
EVT00258,TAG043,2025-09-14 03:08:09,Low_Alarm,Critical,Low_Alarm on TAG043
EVT00259,TAG015,2025-09-14 15:05:46,Low_Alarm,Low,Low_Alarm on TAG015
EVT00260,TAG025,2025-09-14 01:48:19,Communication_Error,High,Communication_Error on TAG025
EVT00261,TAG026,2025-09-14 03:08:39,Low_Alarm,Low,Low_Alarm on TAG026
EVT00262,TAG026,2025-09-14 02:59:23,Sensor_Fault,Critical,Sensor_Fault on TAG026
EVT00263,TAG045,2025-09-15 22:59:30,High_Alarm,Critical,High_Alarm on TAG045
EVT00264,TAG036,2025-09-15 04:26:31,Low_Alarm,Critical,Low_Alarm on TAG036
EVT00265,TAG042,2025-09-15 02:17:22,Communication_Error,Medium,Communication_Error on TAG042
EVT00266,TAG021,2025-09-15 09:45:28,High_Alarm,Low,High_Alarm on TAG021
EVT00267,TAG023,2025-09-15 12:07:42,Sensor_Fault,Medium,Sensor_Fault on TAG023
EVT00268,TAG005,2025-09-15 17:40:24,Rate_of_Change,High,Rate_of_Change on TAG005
EVT00269,TAG005,2025-09-15 09:56:28,Communication_Error,Medium,Communication_Error on TAG005
EVT00270,TAG029,2025-09-15 02:42:12,Sensor_Fault,Medium,Sensor_Fault on TAG029
EVT00271,TAG027,2025-09-15 17:49:46,Communication_Error,High,Communication_Error on TAG027
EVT00272,TAG050,2025-09-15 08:50:37,Deviation,Critical,Deviation on TAG050
EVT00273,TAG036,2025-09-15 15:13:28,Communication_Error,High,Communication_Error on TAG036
EVT00274,TAG038,2025-09-15 12:22:44,High_Alarm,Critical,High_Alarm on TAG038
EVT00275,TAG025,2025-09-15 15:38:39,Low_Alarm,Medium,Low_Alarm on TAG025
EVT00276,TAG042,2025-09-16 15:38:11,Low_Alarm,High,Low_Alarm on TAG042
EVT00277,TAG018,2025-09-16 16:32:14,High_Alarm,High,High_Alarm on TAG018
EVT00278,TAG033,2025-09-16 21:40:23,Communication_Error,Low,Communication_Error on TAG033
EVT00279,TAG034,2025-09-16 06:34:01,Communication_Error,High,Communication_Error on TAG034
EVT00280,TAG009,2025-09-16 14:15:57,High_Alarm,Low,High_Alarm on TAG009
EVT00281,TAG031,2025-09-16 16:29:15,Communication_Error,High,Communication_Error on TAG031
EVT00282,TAG020,2025-09-16 05:41:18,Low_Alarm,High,Low_Alarm on TAG020
EVT00283,TAG001,2025-09-16 13:19:32,Communication_Error,Medium,Communication_Error on TAG001
EVT00284,TAG009,2025-09-16 08:03:25,Communication_Error,Medium,Communication_Error on TAG009
EVT00285,TAG030,2025-09-16 01:53:21,Sensor_Fault,High,Sensor_Fault on TAG030
EVT00286,TAG036,2025-09-16 12:19:14,Sensor_Fault,Medium,Sensor_Fault on TAG036
EVT00287,TAG046,2025-09-16 06:13:18,Communication_Error,Low,Communication_Error on TAG046
EVT00288,TAG018,2025-09-17 22:25:17,Low_Alarm,Medium,Low_Alarm on TAG018
EVT00289,TAG015,2025-09-17 05:10:52,High_Alarm,Critical,High_Alarm on TAG015
EVT00290,TAG001,2025-09-17 20:12:57,Deviation,Critical,Deviation on TAG001
EVT00291,TAG022,2025-09-17 00:00:40,High_Alarm,Low,High_Alarm on TAG022
EVT00292,TAG027,2025-09-17 19:16:33,Sensor_Fault,Low,Sensor_Fault on TAG027
EVT00293,TAG023,2025-09-17 00:19:38,Low_Alarm,Medium,Low_Alarm on TAG023
EVT00294,TAG049,2025-09-17 09:03:15,Deviation,Low,Deviation on TAG049
EVT00295,TAG041,2025-09-17 01:13:43,Low_Alarm,Low,Low_Alarm on TAG041
EVT00296,TAG005,2025-09-17 13:40:47,Low_Alarm,Medium,Low_Alarm on TAG005
EVT00297,TAG037,2025-09-17 04:25:14,Sensor_Fault,Low,Sensor_Fault on TAG037
EVT00298,TAG045,2025-09-17 16:17:58,Low_Alarm,Low,Low_Alarm on TAG045
EVT00299,TAG001,2025-09-17 02:09:03,Sensor_Fault,High,Sensor_Fault on TAG001
EVT00300,TAG024,2025-09-17 08:05:14,Low_Alarm,Medium,Low_Alarm on TAG024
EVT00301,TAG046,2025-09-17 05:32:36,Sensor_Fault,Low,Sensor_Fault on TAG046
EVT00302,TAG003,2025-09-17 17:22:02,High_Alarm,High,High_Alarm on TAG003
EVT00303,TAG039,2025-09-17 19:06:46,Communication_Error,Medium,Communication_Error on TAG039
EVT00304,TAG008,2025-09-17 14:38:18,High_Alarm,High,High_Alarm on TAG008
EVT00305,TAG038,2025-09-17 01:12:06,Communication_Error,High,Communication_Error on TAG038
EVT00306,TAG030,2025-09-17 02:07:47,Rate_of_Change,Low,Rate_of_Change on TAG030
EVT00307,TAG010,2025-09-18 17:47:09,Low_Alarm,Medium,Low_Alarm on TAG010
EVT00308,TAG032,2025-09-18 10:18:53,Communication_Error,High,Communication_Error on TAG032
EVT00309,TAG031,2025-09-18 08:29:24,Deviation,Critical,Deviation on TAG031
EVT00310,TAG025,2025-09-18 01:44:40,Low_Alarm,Low,Low_Alarm on TAG025
EVT00311,TAG018,2025-09-18 14:00:37,Deviation,Low,Deviation on TAG018
EVT00312,TAG031,2025-09-18 15:16:03,Communication_Error,Medium,Communication_Error on TAG031
EVT00313,TAG004,2025-09-18 09:18:07,Communication_Error,Low,Communication_Error on TAG004
EVT00314,TAG041,2025-09-18 05:02:32,Deviation,High,Deviation on TAG041
EVT00315,TAG010,2025-09-18 22:08:09,High_Alarm,Critical,High_Alarm on TAG010
EVT00316,TAG032,2025-09-18 07:46:34,Rate_of_Change,Critical,Rate_of_Change on TAG032
EVT00317,TAG035,2025-09-18 14:13:43,Rate_of_Change,Medium,Rate_of_Change on TAG035
EVT00318,TAG033,2025-09-18 18:46:04,Deviation,Critical,Deviation on TAG033
EVT00319,TAG016,2025-09-18 03:09:08,Sensor_Fault,Low,Sensor_Fault on TAG016
EVT00320,TAG048,2025-09-18 16:08:19,Deviation,High,Deviation on TAG048
EVT00321,TAG019,2025-09-18 03:47:58,Rate_of_Change,Low,Rate_of_Change on TAG019
EVT00322,TAG024,2025-09-18 13:52:49,Low_Alarm,Low,Low_Alarm on TAG024
EVT00323,TAG012,2025-09-18 05:39:54,Communication_Error,Critical,Communication_Error on TAG012
EVT00324,TAG014,2025-09-18 15:54:43,High_Alarm,Medium,High_Alarm on TAG014
EVT00325,TAG023,2025-09-18 17:52:40,High_Alarm,Medium,High_Alarm on TAG023
EVT00326,TAG017,2025-09-18 15:56:48,Deviation,Low,Deviation on TAG017
EVT00327,TAG045,2025-09-18 23:38:28,Deviation,Low,Deviation on TAG045
EVT00328,TAG010,2025-09-18 07:37:29,Sensor_Fault,Low,Sensor_Fault on TAG010
EVT00329,TAG049,2025-09-18 03:45:47,Sensor_Fault,Medium,Sensor_Fault on TAG049
EVT00330,TAG033,2025-09-18 10:47:11,Deviation,Medium,Deviation on TAG033
EVT00331,TAG023,2025-09-18 21:05:07,Sensor_Fault,Medium,Sensor_Fault on TAG023
EVT00332,TAG044,2025-09-19 19:05:42,Deviation,Medium,Deviation on TAG044
EVT00333,TAG013,2025-09-19 03:44:43,Sensor_Fault,Medium,Sensor_Fault on TAG013
EVT00334,TAG005,2025-09-19 05:37:32,Rate_of_Change,Low,Rate_of_Change on TAG005
EVT00335,TAG020,2025-09-19 16:25:02,Deviation,High,Deviation on TAG020
EVT00336,TAG038,2025-09-19 03:22:59,Low_Alarm,Critical,Low_Alarm on TAG038
EVT00337,TAG038,2025-09-19 10:03:54,Sensor_Fault,Low,Sensor_Fault on TAG038
EVT00338,TAG025,2025-09-19 02:17:37,Rate_of_Change,Medium,Rate_of_Change on TAG025
EVT00339,TAG014,2025-09-19 08:41:23,Low_Alarm,High,Low_Alarm on TAG014
EVT00340,TAG038,2025-09-19 03:46:20,Communication_Error,High,Communication_Error on TAG038
EVT00341,TAG020,2025-09-19 07:14:12,Low_Alarm,High,Low_Alarm on TAG020
EVT00342,TAG041,2025-09-19 02:07:49,Sensor_Fault,Low,Sensor_Fault on TAG041
EVT00343,TAG024,2025-09-19 20:47:57,Rate_of_Change,Low,Rate_of_Change on TAG024
EVT00344,TAG026,2025-09-19 08:59:34,Rate_of_Change,High,Rate_of_Change on TAG026
EVT00345,TAG011,2025-09-19 00:50:09,Sensor_Fault,Low,Sensor_Fault on TAG011
EVT00346,TAG045,2025-09-19 16:15:03,Low_Alarm,Critical,Low_Alarm on TAG045
EVT00347,TAG020,2025-09-19 04:00:47,Sensor_Fault,Medium,Sensor_Fault on TAG020
EVT00348,TAG043,2025-09-19 16:28:19,Low_Alarm,High,Low_Alarm on TAG043
EVT00349,TAG023,2025-09-19 09:12:44,Sensor_Fault,Critical,Sensor_Fault on TAG023
EVT00350,TAG041,2025-09-19 04:07:15,High_Alarm,Critical,High_Alarm on TAG041
EVT00351,TAG046,2025-09-19 20:17:05,Sensor_Fault,Critical,Sensor_Fault on TAG046
EVT00352,TAG041,2025-09-19 23:30:07,Communication_Error,Critical,Communication_Error on TAG041
EVT00353,TAG035,2025-09-19 01:36:35,Communication_Error,High,Communication_Error on TAG035
EVT00354,TAG020,2025-09-19 18:33:22,High_Alarm,Critical,High_Alarm on TAG020
EVT00355,TAG019,2025-09-19 06:11:12,Rate_of_Change,Low,Rate_of_Change on TAG019
EVT00356,TAG028,2025-09-20 06:32:51,High_Alarm,Medium,High_Alarm on TAG028
EVT00357,TAG021,2025-09-20 20:20:26,High_Alarm,Medium,High_Alarm on TAG021
EVT00358,TAG040,2025-09-20 20:59:43,Deviation,Critical,Deviation on TAG040
EVT00359,TAG003,2025-09-20 12:09:47,Rate_of_Change,High,Rate_of_Change on TAG003
EVT00360,TAG007,2025-09-20 13:59:51,Sensor_Fault,Critical,Sensor_Fault on TAG007
EVT00361,TAG015,2025-09-20 09:51:47,Deviation,Medium,Deviation on TAG015
EVT00362,TAG050,2025-09-20 11:10:01,Deviation,Medium,Deviation on TAG050
EVT00363,TAG045,2025-09-20 08:29:46,Rate_of_Change,High,Rate_of_Change on TAG045
EVT00364,TAG048,2025-09-20 17:21:18,High_Alarm,High,High_Alarm on TAG048
EVT00365,TAG018,2025-09-20 04:18:45,Communication_Error,Medium,Communication_Error on TAG018
EVT00366,TAG002,2025-09-20 09:13:03,Rate_of_Change,High,Rate_of_Change on TAG002
EVT00367,TAG045,2025-09-20 21:54:21,High_Alarm,Medium,High_Alarm on TAG045
EVT00368,TAG021,2025-09-20 06:20:12,Low_Alarm,Low,Low_Alarm on TAG021
EVT00369,TAG038,2025-09-21 08:39:09,Rate_of_Change,High,Rate_of_Change on TAG038
EVT00370,TAG039,2025-09-21 10:42:30,Communication_Error,Medium,Communication_Error on TAG039
EVT00371,TAG009,2025-09-21 20:59:07,Sensor_Fault,High,Sensor_Fault on TAG009
EVT00372,TAG017,2025-09-21 00:03:13,Low_Alarm,High,Low_Alarm on TAG017
EVT00373,TAG025,2025-09-21 20:10:23,Low_Alarm,High,Low_Alarm on TAG025
EVT00374,TAG032,2025-09-21 12:45:46,Communication_Error,Medium,Communication_Error on TAG032
EVT00375,TAG027,2025-09-21 12:25:45,Low_Alarm,Low,Low_Alarm on TAG027
EVT00376,TAG010,2025-09-21 02:31:42,High_Alarm,High,High_Alarm on TAG010
EVT00377,TAG020,2025-09-21 13:10:44,Rate_of_Change,High,Rate_of_Change on TAG020
EVT00378,TAG027,2025-09-21 08:10:04,Rate_of_Change,High,Rate_of_Change on TAG027
EVT00379,TAG029,2025-09-21 12:04:43,Communication_Error,Low,Communication_Error on TAG029
EVT00380,TAG004,2025-09-21 00:40:19,Rate_of_Change,Medium,Rate_of_Change on TAG004
EVT00381,TAG037,2025-09-21 06:49:59,Low_Alarm,Medium,Low_Alarm on TAG037
EVT00382,TAG025,2025-09-21 12:43:26,Communication_Error,High,Communication_Error on TAG025
EVT00383,TAG033,2025-09-21 12:57:02,Sensor_Fault,Critical,Sensor_Fault on TAG033
EVT00384,TAG033,2025-09-21 22:21:35,Rate_of_Change,Low,Rate_of_Change on TAG033
EVT00385,TAG003,2025-09-21 15:55:07,Low_Alarm,Medium,Low_Alarm on TAG003
EVT00386,TAG023,2025-09-21 10:35:17,Low_Alarm,Critical,Low_Alarm on TAG023
EVT00387,TAG031,2025-09-21 15:40:36,Low_Alarm,Low,Low_Alarm on TAG031
EVT00388,TAG032,2025-09-22 09:00:16,High_Alarm,Critical,High_Alarm on TAG032
EVT00389,TAG008,2025-09-22 19:08:36,Low_Alarm,High,Low_Alarm on TAG008
EVT00390,TAG045,2025-09-22 07:53:52,Deviation,High,Deviation on TAG045
EVT00391,TAG002,2025-09-22 16:34:31,Deviation,Low,Deviation on TAG002
EVT00392,TAG002,2025-09-22 01:57:34,Rate_of_Change,Low,Rate_of_Change on TAG002
EVT00393,TAG047,2025-09-22 13:33:55,Sensor_Fault,High,Sensor_Fault on TAG047
EVT00394,TAG033,2025-09-22 01:51:37,Sensor_Fault,Critical,Sensor_Fault on TAG033
EVT00395,TAG031,2025-09-22 13:20:27,Low_Alarm,Low,Low_Alarm on TAG031
EVT00396,TAG024,2025-09-22 08:41:58,Sensor_Fault,Medium,Sensor_Fault on TAG024
EVT00397,TAG045,2025-09-22 08:02:47,Communication_Error,Low,Communication_Error on TAG045
EVT00398,TAG045,2025-09-22 22:29:20,Low_Alarm,Low,Low_Alarm on TAG045
EVT00399,TAG039,2025-09-22 23:55:27,Low_Alarm,High,Low_Alarm on TAG039
EVT00400,TAG010,2025-09-22 19:21:01,High_Alarm,Low,High_Alarm on TAG010
EVT00401,TAG022,2025-09-22 10:11:37,Communication_Error,High,Communication_Error on TAG022
EVT00402,TAG042,2025-09-22 08:10:25,Low_Alarm,Low,Low_Alarm on TAG042
EVT00403,TAG028,2025-09-22 21:21:34,High_Alarm,Low,High_Alarm on TAG028
EVT00404,TAG021,2025-09-22 14:24:04,Deviation,Low,Deviation on TAG021
EVT00405,TAG050,2025-09-22 03:11:32,Sensor_Fault,Low,Sensor_Fault on TAG050
EVT00406,TAG008,2025-09-22 09:15:19,Sensor_Fault,High,Sensor_Fault on TAG008
EVT00407,TAG036,2025-09-22 09:22:12,Sensor_Fault,Low,Sensor_Fault on TAG036
EVT00408,TAG010,2025-09-22 14:53:30,Low_Alarm,Low,Low_Alarm on TAG010
EVT00409,TAG026,2025-09-22 07:36:00,Sensor_Fault,Medium,Sensor_Fault on TAG026
EVT00410,TAG011,2025-09-22 09:40:10,Low_Alarm,Low,Low_Alarm on TAG011
EVT00411,TAG048,2025-09-22 02:11:58,Deviation,Low,Deviation on TAG048
EVT00412,TAG002,2025-09-23 07:14:30,Rate_of_Change,Medium,Rate_of_Change on TAG002
EVT00413,TAG004,2025-09-23 01:02:13,Low_Alarm,Low,Low_Alarm on TAG004
EVT00414,TAG030,2025-09-23 20:10:56,Sensor_Fault,High,Sensor_Fault on TAG030
EVT00415,TAG016,2025-09-23 03:25:25,Rate_of_Change,High,Rate_of_Change on TAG016
EVT00416,TAG006,2025-09-23 04:56:17,Sensor_Fault,Low,Sensor_Fault on TAG006
EVT00417,TAG018,2025-09-23 16:05:49,Communication_Error,High,Communication_Error on TAG018
EVT00418,TAG047,2025-09-23 21:47:35,Deviation,Critical,Deviation on TAG047
EVT00419,TAG016,2025-09-23 02:22:08,Deviation,Medium,Deviation on TAG016
EVT00420,TAG001,2025-09-23 04:46:32,Rate_of_Change,High,Rate_of_Change on TAG001
EVT00421,TAG048,2025-09-23 06:04:08,Deviation,Critical,Deviation on TAG048
EVT00422,TAG004,2025-09-23 06:33:30,High_Alarm,Medium,High_Alarm on TAG004
EVT00423,TAG019,2025-09-23 19:13:07,High_Alarm,Low,High_Alarm on TAG019
EVT00424,TAG047,2025-09-23 17:16:38,High_Alarm,High,High_Alarm on TAG047
EVT00425,TAG031,2025-09-23 18:12:13,Low_Alarm,High,Low_Alarm on TAG031
EVT00426,TAG023,2025-09-23 18:28:19,Rate_of_Change,Medium,Rate_of_Change on TAG023
EVT00427,TAG046,2025-09-23 11:22:01,Rate_of_Change,High,Rate_of_Change on TAG046
EVT00428,TAG038,2025-09-23 04:48:52,Deviation,Low,Deviation on TAG038
EVT00429,TAG041,2025-09-23 23:02:17,Communication_Error,Medium,Communication_Error on TAG041
EVT00430,TAG006,2025-09-23 07:00:52,High_Alarm,Low,High_Alarm on TAG006
EVT00431,TAG018,2025-09-23 00:20:07,Deviation,Critical,Deviation on TAG018
EVT00432,TAG037,2025-09-23 21:40:44,Sensor_Fault,Low,Sensor_Fault on TAG037
EVT00433,TAG036,2025-09-23 14:56:31,Sensor_Fault,Medium,Sensor_Fault on TAG036
EVT00434,TAG009,2025-09-23 02:01:07,Communication_Error,High,Communication_Error on TAG009
EVT00435,TAG050,2025-09-23 18:30:34,Communication_Error,Low,Communication_Error on TAG050
EVT00436,TAG036,2025-09-23 03:25:31,Sensor_Fault,Medium,Sensor_Fault on TAG036
EVT00437,TAG044,2025-09-23 00:23:51,High_Alarm,Medium,High_Alarm on TAG044
EVT00438,TAG004,2025-09-23 19:56:28,High_Alarm,Low,High_Alarm on TAG004
EVT00439,TAG035,2025-09-24 11:01:42,Rate_of_Change,Critical,Rate_of_Change on TAG035
EVT00440,TAG048,2025-09-24 01:27:10,Communication_Error,Low,Communication_Error on TAG048
EVT00441,TAG005,2025-09-24 18:30:19,Low_Alarm,Medium,Low_Alarm on TAG005
EVT00442,TAG012,2025-09-24 22:33:09,Low_Alarm,Low,Low_Alarm on TAG012
EVT00443,TAG010,2025-09-24 05:14:10,Rate_of_Change,Low,Rate_of_Change on TAG010
EVT00444,TAG041,2025-09-24 18:40:29,High_Alarm,High,High_Alarm on TAG041
EVT00445,TAG036,2025-09-24 22:11:24,Low_Alarm,High,Low_Alarm on TAG036
EVT00446,TAG009,2025-09-24 07:12:17,Low_Alarm,Medium,Low_Alarm on TAG009
EVT00447,TAG027,2025-09-24 22:14:49,Rate_of_Change,High,Rate_of_Change on TAG027
EVT00448,TAG038,2025-09-24 04:12:57,Sensor_Fault,Critical,Sensor_Fault on TAG038
EVT00449,TAG025,2025-09-24 15:03:01,Communication_Error,Low,Communication_Error on TAG025
EVT00450,TAG037,2025-09-24 08:12:49,Communication_Error,High,Communication_Error on TAG037
EVT00451,TAG037,2025-09-25 04:11:28,Low_Alarm,Critical,Low_Alarm on TAG037
EVT00452,TAG043,2025-09-25 23:27:10,Sensor_Fault,Low,Sensor_Fault on TAG043
EVT00453,TAG010,2025-09-25 10:51:58,Low_Alarm,Medium,Low_Alarm on TAG010
EVT00454,TAG034,2025-09-25 10:33:32,Communication_Error,Low,Communication_Error on TAG034
EVT00455,TAG022,2025-09-25 07:44:25,Low_Alarm,High,Low_Alarm on TAG022
EVT00456,TAG039,2025-09-25 06:16:29,Communication_Error,Low,Communication_Error on TAG039
EVT00457,TAG019,2025-09-25 04:33:34,Rate_of_Change,Low,Rate_of_Change on TAG019
EVT00458,TAG024,2025-09-25 09:27:55,Communication_Error,Medium,Communication_Error on TAG024
EVT00459,TAG041,2025-09-25 22:19:34,Low_Alarm,Critical,Low_Alarm on TAG041
EVT00460,TAG038,2025-09-25 12:47:30,Low_Alarm,Critical,Low_Alarm on TAG038
EVT00461,TAG047,2025-09-25 01:34:39,Deviation,Critical,Deviation on TAG047
EVT00462,TAG010,2025-09-25 12:06:44,Rate_of_Change,Low,Rate_of_Change on TAG010
EVT00463,TAG031,2025-09-25 00:30:21,Sensor_Fault,Low,Sensor_Fault on TAG031
EVT00464,TAG028,2025-09-25 17:34:09,Communication_Error,High,Communication_Error on TAG028
EVT00465,TAG041,2025-09-25 15:03:05,Low_Alarm,High,Low_Alarm on TAG041
EVT00466,TAG015,2025-09-25 07:51:22,High_Alarm,Low,High_Alarm on TAG015
EVT00467,TAG028,2025-09-25 08:41:54,Deviation,High,Deviation on TAG028
EVT00468,TAG029,2025-09-25 05:49:38,Sensor_Fault,Low,Sensor_Fault on TAG029
EVT00469,TAG023,2025-09-26 14:20:14,Rate_of_Change,Medium,Rate_of_Change on TAG023
EVT00470,TAG005,2025-09-26 16:10:31,Rate_of_Change,Critical,Rate_of_Change on TAG005
EVT00471,TAG005,2025-09-26 17:54:08,Low_Alarm,Low,Low_Alarm on TAG005
EVT00472,TAG028,2025-09-26 11:06:24,Low_Alarm,High,Low_Alarm on TAG028
EVT00473,TAG036,2025-09-26 16:16:36,Low_Alarm,Low,Low_Alarm on TAG036
EVT00474,TAG031,2025-09-26 06:19:23,High_Alarm,Medium,High_Alarm on TAG031
EVT00475,TAG031,2025-09-26 03:55:31,Deviation,High,Deviation on TAG031
EVT00476,TAG015,2025-09-26 06:18:13,Communication_Error,Low,Communication_Error on TAG015
EVT00477,TAG040,2025-09-26 15:58:49,Rate_of_Change,High,Rate_of_Change on TAG040
EVT00478,TAG018,2025-09-26 18:55:47,Deviation,Medium,Deviation on TAG018
EVT00479,TAG010,2025-09-27 00:37:23,Rate_of_Change,Medium,Rate_of_Change on TAG010
EVT00480,TAG036,2025-09-27 03:43:15,High_Alarm,High,High_Alarm on TAG036
EVT00481,TAG016,2025-09-27 22:23:26,Deviation,Medium,Deviation on TAG016
EVT00482,TAG016,2025-09-27 22:50:44,Sensor_Fault,Critical,Sensor_Fault on TAG016
EVT00483,TAG033,2025-09-27 04:35:46,Low_Alarm,Medium,Low_Alarm on TAG033
EVT00484,TAG024,2025-09-27 19:30:34,Deviation,Medium,Deviation on TAG024
EVT00485,TAG020,2025-09-27 11:20:01,High_Alarm,High,High_Alarm on TAG020
EVT00486,TAG042,2025-09-27 17:48:31,Sensor_Fault,High,Sensor_Fault on TAG042
EVT00487,TAG033,2025-09-27 00:50:17,High_Alarm,Critical,High_Alarm on TAG033
EVT00488,TAG030,2025-09-27 01:49:25,Rate_of_Change,Critical,Rate_of_Change on TAG030
EVT00489,TAG018,2025-09-27 23:11:56,Rate_of_Change,Low,Rate_of_Change on TAG018
EVT00490,TAG009,2025-09-27 22:14:39,Low_Alarm,Low,Low_Alarm on TAG009
EVT00491,TAG039,2025-09-27 04:00:21,High_Alarm,Low,High_Alarm on TAG039
EVT00492,TAG047,2025-09-27 12:34:56,Deviation,High,Deviation on TAG047
EVT00493,TAG037,2025-09-27 16:44:58,Deviation,High,Deviation on TAG037
EVT00494,TAG013,2025-09-27 19:16:56,Deviation,Medium,Deviation on TAG013
EVT00495,TAG032,2025-09-27 08:57:59,Sensor_Fault,High,Sensor_Fault on TAG032
EVT00496,TAG010,2025-09-28 18:31:33,Communication_Error,Medium,Communication_Error on TAG010
EVT00497,TAG021,2025-09-28 13:09:18,Sensor_Fault,Low,Sensor_Fault on TAG021
EVT00498,TAG037,2025-09-28 21:18:02,High_Alarm,High,High_Alarm on TAG037
EVT00499,TAG031,2025-09-28 14:07:17,Low_Alarm,Medium,Low_Alarm on TAG031
EVT00500,TAG040,2025-09-28 07:49:57,Low_Alarm,Medium,Low_Alarm on TAG040
EVT00501,TAG047,2025-09-28 08:40:37,Sensor_Fault,High,Sensor_Fault on TAG047
EVT00502,TAG015,2025-09-28 07:20:12,Communication_Error,Low,Communication_Error on TAG015
EVT00503,TAG030,2025-09-28 19:27:31,Deviation,Low,Deviation on TAG030
EVT00504,TAG031,2025-09-28 06:46:46,Rate_of_Change,High,Rate_of_Change on TAG031
EVT00505,TAG012,2025-09-28 06:48:56,Rate_of_Change,Critical,Rate_of_Change on TAG012
EVT00506,TAG037,2025-09-28 10:23:16,High_Alarm,Low,High_Alarm on TAG037
EVT00507,TAG048,2025-09-28 03:45:51,Sensor_Fault,Medium,Sensor_Fault on TAG048
EVT00508,TAG026,2025-09-28 16:47:46,Low_Alarm,Low,Low_Alarm on TAG026
EVT00509,TAG025,2025-09-28 02:12:39,Communication_Error,Medium,Communication_Error on TAG025
EVT00510,TAG041,2025-09-28 07:16:43,High_Alarm,High,High_Alarm on TAG041
EVT00511,TAG029,2025-09-28 20:17:24,High_Alarm,Medium,High_Alarm on TAG029
EVT00512,TAG028,2025-09-28 00:04:59,Deviation,Medium,Deviation on TAG028
EVT00513,TAG023,2025-09-28 23:30:13,Low_Alarm,High,Low_Alarm on TAG023
EVT00514,TAG005,2025-09-28 19:52:00,Low_Alarm,Low,Low_Alarm on TAG005
EVT00515,TAG047,2025-09-28 22:47:14,Communication_Error,Medium,Communication_Error on TAG047
EVT00516,TAG037,2025-09-28 12:18:22,Deviation,Low,Deviation on TAG037
EVT00517,TAG002,2025-09-28 01:00:19,High_Alarm,Medium,High_Alarm on TAG002
EVT00518,TAG030,2025-09-28 22:26:55,Deviation,Low,Deviation on TAG030
EVT00519,TAG020,2025-09-28 01:00:14,Sensor_Fault,High,Sensor_Fault on TAG020
EVT00520,TAG005,2025-09-28 08:43:56,High_Alarm,Medium,High_Alarm on TAG005
EVT00521,TAG019,2025-09-29 18:10:25,Deviation,Low,Deviation on TAG019
EVT00522,TAG002,2025-09-29 20:16:06,Rate_of_Change,Medium,Rate_of_Change on TAG002
EVT00523,TAG002,2025-09-29 15:09:18,Rate_of_Change,Low,Rate_of_Change on TAG002
EVT00524,TAG042,2025-09-29 10:44:42,Deviation,Medium,Deviation on TAG042
EVT00525,TAG034,2025-09-29 17:42:31,Communication_Error,High,Communication_Error on TAG034
EVT00526,TAG029,2025-09-29 20:52:46,Communication_Error,Medium,Communication_Error on TAG029
EVT00527,TAG047,2025-09-29 02:36:15,Low_Alarm,Medium,Low_Alarm on TAG047
EVT00528,TAG030,2025-09-29 13:12:11,Low_Alarm,Critical,Low_Alarm on TAG030
EVT00529,TAG039,2025-09-29 03:40:10,Sensor_Fault,Low,Sensor_Fault on TAG039
EVT00530,TAG034,2025-09-29 18:48:35,Low_Alarm,Medium,Low_Alarm on TAG034
EVT00531,TAG027,2025-09-29 22:17:07,Sensor_Fault,High,Sensor_Fault on TAG027
EVT00532,TAG040,2025-09-29 14:26:47,Communication_Error,Low,Communication_Error on TAG040
EVT00533,TAG037,2025-09-29 13:14:10,Deviation,Medium,Deviation on TAG037
EVT00534,TAG018,2025-09-29 15:21:35,Sensor_Fault,Low,Sensor_Fault on TAG018
EVT00535,TAG019,2025-09-29 18:31:45,Low_Alarm,Medium,Low_Alarm on TAG019
EVT00536,TAG007,2025-09-29 15:50:56,Deviation,Critical,Deviation on TAG007
EVT00537,TAG041,2025-09-29 03:40:54,Communication_Error,Low,Communication_Error on TAG041
EVT00538,TAG002,2025-09-29 04:35:15,Deviation,Medium,Deviation on TAG002
EVT00539,TAG050,2025-09-29 13:55:29,Sensor_Fault,Low,Sensor_Fault on TAG050
EVT00540,TAG014,2025-09-29 16:32:21,Communication_Error,High,Communication_Error on TAG014
EVT00541,TAG049,2025-09-29 07:33:40,High_Alarm,High,High_Alarm on TAG049
EVT00542,TAG045,2025-09-29 09:37:58,Communication_Error,Low,Communication_Error on TAG045
EVT00543,TAG001,2025-09-29 20:18:40,Rate_of_Change,High,Rate_of_Change on TAG001
EVT00544,TAG017,2025-09-29 05:04:24,Rate_of_Change,Medium,Rate_of_Change on TAG017
EVT00545,TAG007,2025-09-29 13:41:28,Sensor_Fault,Low,Sensor_Fault on TAG007
EVT00546,TAG039,2025-09-29 21:58:09,Sensor_Fault,Medium,Sensor_Fault on TAG039
EVT00547,TAG040,2025-09-29 09:34:08,Rate_of_Change,Low,Rate_of_Change on TAG040
EVT00548,TAG017,2025-09-29 18:53:53,Low_Alarm,Low,Low_Alarm on TAG017
EVT00549,TAG049,2025-09-29 22:55:29,High_Alarm,Critical,High_Alarm on TAG049
EVT00550,TAG014,2025-09-30 10:57:08,Rate_of_Change,Medium,Rate_of_Change on TAG014
EVT00551,TAG019,2025-09-30 15:33:04,Sensor_Fault,Low,Sensor_Fault on TAG019
EVT00552,TAG003,2025-09-30 17:03:11,Deviation,High,Deviation on TAG003
EVT00553,TAG022,2025-09-30 09:49:00,Sensor_Fault,Low,Sensor_Fault on TAG022
EVT00554,TAG005,2025-09-30 21:39:39,Deviation,Low,Deviation on TAG005
EVT00555,TAG044,2025-09-30 03:46:35,Communication_Error,High,Communication_Error on TAG044
EVT00556,TAG016,2025-09-30 01:22:25,Sensor_Fault,Low,Sensor_Fault on TAG016
EVT00557,TAG024,2025-09-30 00:01:19,Deviation,Low,Deviation on TAG024
EVT00558,TAG027,2025-09-30 11:58:09,Deviation,Low,Deviation on TAG027
EVT00559,TAG039,2025-09-30 01:25:31,Low_Alarm,Medium,Low_Alarm on TAG039
EVT00560,TAG015,2025-09-30 17:32:57,Low_Alarm,Low,Low_Alarm on TAG015
EVT00561,TAG001,2025-09-30 11:33:59,Sensor_Fault,Medium,Sensor_Fault on TAG001
