Sample_ID,Product_ID,Test_DateTime,C_Percent,Mn_Percent,Si_Percent,P_Percent,S_Percent,Cr_Percent,Ni_Percent
S0001,P001,2025-09-24 04:52:44,0.0957,1.146,0.3702,0.0289,0.0137,1.3589,4.9753
S0002,P001,2025-09-22 19:06:00,0.1264,1.0897,0.3237,0.0061,0.0058,6.7416,2.4836
S0003,P001,2025-09-11 19:24:32,0.0441,1.5497,0.3954,0.016,0.0178,8.5838,8.1059
S0004,P002,2025-09-28 13:54:56,0.0871,0.7611,0.32,0.0234,0.0099,9.834,5.4632
S0005,P002,2025-09-29 03:29:39,0.1062,1.7867,0.3015,0.028,0.006,11.5455,3.66
S0006,P002,2025-09-23 07:15:12,0.1647,1.327,0.2109,0.0105,0.0186,0.9565,4.9765
S0007,P003,2025-09-19 12:16:56,0.2265,1.4013,0.2346,0.0298,0.0135,10.072,1.9305
S0008,P003,2025-09-30 13:59:29,0.1146,1.5424,0.4131,0.0098,0.0049,2.9328,9.3035
S0009,P003,2025-09-20 22:04:34,0.1135,0.9627,0.4941,0.0239,0.0091,16.9863,7.1195
S0010,P004,2025-09-08 10:09:54,0.1131,0.4364,0.2433,0.0104,0.0129,3.9834,4.1375
S0011,P004,2025-09-27 05:28:18,0.1977,0.7997,0.1602,0.0109,0.0139,17.9876,7.5646
S0012,P004,2025-09-23 01:32:30,0.2281,0.9547,0.3263,0.0229,0.0174,0.1022,4.1364
S0013,P005,2025-09-14 08:18:28,0.1276,0.3009,0.218,0.0298,0.0118,7.2107,5.7401
S0014,P005,2025-09-12 22:27:17,0.1929,0.4565,0.4607,0.0059,0.0197,12.5103,5.6693
S0015,P005,2025-09-18 03:14:34,0.1201,1.5587,0.3258,0.0223,0.0081,9.2804,5.5123
S0016,P006,2025-09-25 02:16:00,0.0733,1.7921,0.1601,0.0202,0.0156,17.0417,9.3488
S0017,P006,2025-09-20 19:10:10,0.0794,1.0717,0.3542,0.0165,0.0078,5.4481,2.2937
S0018,P006,2025-09-11 01:11:44,0.0583,1.785,0.4249,0.0084,0.0079,9.5294,0.7321
S0019,P007,2025-09-28 20:31:47,0.1773,0.7181,0.2036,0.0232,0.0032,10.9645,1.1555
S0020,P007,2025-09-03 23:08:37,0.0442,0.3247,0.2656,0.0121,0.0119,6.3528,3.5272
S0021,P007,2025-09-30 21:19:27,0.1968,1.7723,0.1426,0.0065,0.0087,16.3118,0.0495
S0022,P008,2025-09-12 03:04:50,0.1539,1.122,0.3975,0.0234,0.0163,2.3695,1.2099
S0023,P008,2025-09-07 17:04:14,0.0471,1.1168,0.4613,0.0219,0.0073,7.36,8.7182
S0024,P008,2025-09-21 11:15:36,0.0349,1.2551,0.2925,0.0104,0.0115,16.4965,7.2628
S0025,P009,2025-09-03 23:06:16,0.1462,0.8377,0.3245,0.0249,0.0185,10.6348,1.0393
S0026,P009,2025-09-05 15:33:21,0.2413,1.3926,0.493,0.0076,0.0074,10.1391,0.614
S0027,P009,2025-09-20 06:33:40,0.1777,1.0509,0.2716,0.0053,0.0157,8.0296,7.2388
S0028,P010,2025-09-01 03:30:38,0.1263,1.4966,0.1955,0.0191,0.0167,9.5901,7.8797
S0029,P010,2025-09-12 01:54:57,0.2167,0.6386,0.2455,0.0097,0.0121,11.754,6.8092
S0030,P010,2025-09-26 02:10:18,0.1322,0.3868,0.2892,0.0086,0.0146,11.983,2.6953
S0031,P011,2025-09-17 04:34:10,0.1186,1.0403,0.1361,0.0191,0.0144,11.6546,4.9234
S0032,P011,2025-09-25 06:34:32,0.0847,0.8684,0.1631,0.0119,0.0115,5.2251,1.9754
S0033,P011,2025-09-14 20:11:07,0.1537,1.1675,0.1692,0.0279,0.0035,0.7464,4.8793
S0034,P012,2025-09-24 15:21:01,0.0586,0.4859,0.3592,0.0295,0.0138,11.5025,9.3783
S0035,P012,2025-09-10 19:11:56,0.1111,0.9361,0.2772,0.0145,0.0152,4.8402,7.2031
S0036,P012,2025-09-16 08:53:41,0.0944,1.4851,0.3359,0.0132,0.0037,0.0143,6.3521
S0037,P013,2025-09-15 19:34:35,0.0491,0.7455,0.1829,0.016,0.0189,4.8348,0.603
S0038,P013,2025-09-29 15:28:02,0.1226,0.3856,0.3371,0.0153,0.0122,16.3403,6.7357
S0039,P013,2025-09-10 16:04:36,0.0843,1.3208,0.1223,0.007,0.012,0.2449,5.7106
S0040,P014,2025-09-26 10:07:07,0.1376,1.7594,0.4369,0.0211,0.006,7.6869,0.9952
S0041,P014,2025-09-30 17:03:17,0.0468,0.3745,0.3393,0.0293,0.0046,16.9239,1.4734
S0042,P014,2025-09-14 11:25:20,0.2466,1.5881,0.3606,0.0243,0.013,15.3355,5.1686
S0043,P015,2025-09-05 20:48:20,0.0917,0.3397,0.3304,0.0081,0.0161,11.4078,2.5978
S0044,P015,2025-09-29 03:51:58,0.0746,1.4417,0.3569,0.0276,0.013,9.5995,0.0579
S0045,P015,2025-09-30 13:49:24,0.0429,1.4389,0.3799,0.0233,0.0137,0.5306,8.6855
S0046,P016,2025-09-12 22:36:19,0.0797,0.3224,0.2948,0.0061,0.0084,3.0053,5.2005
S0047,P016,2025-09-19 17:32:30,0.0712,1.7875,0.1862,0.0243,0.0172,11.7631,7.8199
S0048,P016,2025-09-03 00:48:08,0.0524,1.0946,0.4017,0.0208,0.0172,14.1577,6.7729
S0049,P017,2025-09-14 18:05:19,0.2354,1.0271,0.2925,0.0286,0.011,13.5219,4.446
S0050,P017,2025-09-08 14:09:07,0.2162,1.6263,0.1545,0.0164,0.0151,15.7123,0.146
S0051,P017,2025-09-20 06:04:41,0.2264,0.7136,0.1477,0.0181,0.0117,6.5167,2.9261
S0052,P018,2025-09-28 14:21:16,0.0361,1.0228,0.398,0.0271,0.0116,10.2851,9.4057
S0053,P018,2025-09-20 21:08:26,0.0871,1.1417,0.1794,0.0287,0.014,5.6312,4.0696
S0054,P018,2025-09-18 09:50:40,0.034,0.3899,0.3634,0.0161,0.0038,14.4815,7.1087
S0055,P019,2025-09-04 17:25:32,0.2398,1.1098,0.417,0.0189,0.0139,16.858,8.8757
S0056,P019,2025-09-23 01:17:27,0.1812,1.4976,0.415,0.0098,0.0043,10.8427,9.4879
S0057,P019,2025-09-03 11:00:26,0.0506,1.1328,0.4814,0.0283,0.0108,17.7233,5.4045
S0058,P020,2025-09-23 14:47:16,0.1029,1.23,0.3941,0.0174,0.013,3.8621,3.5737
S0059,P020,2025-09-02 19:58:10,0.1984,1.5902,0.3752,0.019,0.0144,12.7797,9.0069
S0060,P020,2025-09-28 22:28:20,0.109,1.7413,0.4907,0.0149,0.0047,8.1405,3.4287
S0061,P021,2025-09-08 08:09:35,0.0667,1.1462,0.4815,0.0091,0.0129,16.8423,6.4814
S0062,P021,2025-09-27 03:03:49,0.0895,1.2774,0.2057,0.0175,0.0057,16.2443,9.2054
S0063,P021,2025-09-10 21:06:15,0.0489,0.6288,0.487,0.0093,0.0055,16.2649,0.0476
S0064,P022,2025-09-15 00:08:27,0.1249,1.3538,0.2488,0.0288,0.0197,7.9014,1.6759
S0065,P022,2025-09-29 18:19:35,0.0613,0.5459,0.4166,0.0262,0.0131,4.8863,7.947
S0066,P022,2025-09-15 17:24:10,0.2235,0.8516,0.4091,0.0211,0.0074,17.4058,1.9122
S0067,P023,2025-09-21 03:14:43,0.0897,1.766,0.4504,0.0185,0.0166,8.0339,7.0841
S0068,P023,2025-09-10 01:03:40,0.1464,1.0815,0.2826,0.0231,0.0126,13.4065,7.1281
S0069,P023,2025-09-26 14:37:39,0.2445,0.527,0.1418,0.018,0.004,14.8794,7.6499
S0070,P024,2025-09-08 17:32:04,0.1939,0.548,0.3578,0.0208,0.0091,16.3445,7.4233
S0071,P024,2025-09-15 06:19:04,0.0347,0.4717,0.2575,0.0105,0.0187,1.5883,6.087
S0072,P024,2025-09-10 03:52:50,0.1634,1.4889,0.3182,0.0163,0.0121,13.439,8.1661
S0073,P025,2025-09-23 03:35:34,0.2254,0.857,0.3623,0.0172,0.0178,13.2503,2.4408
S0074,P025,2025-09-26 05:18:28,0.213,1.6975,0.2592,0.0213,0.0032,9.8657,2.0582
S0075,P025,2025-09-14 00:40:55,0.1589,0.9448,0.2234,0.0155,0.0138,17.8379,0.0611
S0076,P026,2025-09-01 10:46:39,0.0753,1.1038,0.4445,0.0109,0.0102,4.7739,7.3907
S0077,P026,2025-09-20 16:19:06,0.1952,1.6274,0.3565,0.0258,0.008,5.0666,7.616
S0078,P026,2025-09-05 04:40:01,0.1359,0.423,0.1784,0.0186,0.0146,13.2977,4.3877
S0079,P027,2025-09-28 22:43:34,0.1337,0.7062,0.1813,0.0281,0.0181,8.7857,2.928
S0080,P027,2025-09-28 01:17:42,0.09,1.5012,0.2763,0.0243,0.0133,16.3101,6.7359
S0081,P027,2025-09-07 06:53:08,0.2052,1.6214,0.4795,0.0055,0.0154,15.2036,7.3484
S0082,P028,2025-09-26 09:02:37,0.1895,1.2937,0.4628,0.0079,0.0047,4.7918,8.7456
S0083,P028,2025-09-21 05:55:27,0.046,1.1481,0.3306,0.0116,0.0187,8.7289,7.1661
S0084,P028,2025-09-01 06:20:43,0.2458,1.523,0.1932,0.0236,0.0068,17.604,2.0617
S0085,P029,2025-09-18 18:55:00,0.0444,0.7494,0.121,0.0068,0.0167,1.9885,9.9568
S0086,P029,2025-09-27 09:20:48,0.1066,1.5719,0.2794,0.0154,0.0148,3.2993,0.8197
S0087,P029,2025-09-03 16:35:13,0.2327,0.6051,0.4122,0.0177,0.0173,7.5818,1.6895
S0088,P030,2025-09-18 15:29:24,0.175,0.8082,0.1396,0.0216,0.0095,8.0489,9.3544
S0089,P030,2025-09-09 16:20:28,0.0718,1.3931,0.3147,0.0087,0.0086,11.2077,5.3519
S0090,P030,2025-09-25 22:26:26,0.2008,0.9834,0.1997,0.0103,0.008,8.414,1.8517
S0091,P031,2025-09-07 21:49:34,0.2378,0.9103,0.1116,0.0197,0.0194,4.4628,4.9086
S0092,P031,2025-09-04 06:14:08,0.1851,1.3463,0.2707,0.0215,0.0056,16.1223,6.6004
S0093,P031,2025-09-11 14:48:39,0.1942,0.3967,0.4883,0.0088,0.0195,12.2479,4.1122
S0094,P032,2025-09-19 19:23:08,0.1282,1.1154,0.476,0.0233,0.0114,10.774,5.7257
S0095,P032,2025-09-19 06:15:29,0.1859,0.7079,0.2087,0.0212,0.0079,2.8479,8.7932
S0096,P032,2025-09-19 16:35:05,0.1965,0.3385,0.4313,0.0244,0.0038,1.2621,7.266
S0097,P033,2025-09-20 11:05:53,0.1741,1.6728,0.1334,0.0152,0.0166,17.5384,9.5684
S0098,P033,2025-09-18 18:02:52,0.1269,0.7727,0.1513,0.0199,0.0153,11.6778,3.0448
S0099,P033,2025-09-17 15:01:07,0.0591,0.3211,0.4301,0.0277,0.0053,3.5569,7.5307
S0100,P034,2025-09-20 02:06:54,0.151,0.8676,0.4171,0.0177,0.0075,14.3653,9.2527
S0101,P034,2025-09-16 01:14:15,0.2379,0.9819,0.1287,0.0192,0.0162,5.7275,0.7158
S0102,P034,2025-09-06 19:32:49,0.0681,0.6417,0.1939,0.0154,0.0163,8.2966,4.9315
S0103,P035,2025-09-29 08:39:41,0.1956,1.3659,0.1976,0.0206,0.0058,7.8177,1.8196
S0104,P035,2025-09-11 02:33:11,0.1328,0.9544,0.245,0.0103,0.0115,12.5453,2.5945
S0105,P035,2025-09-28 18:29:30,0.1427,0.9032,0.2572,0.0223,0.0119,5.4173,5.6799
S0106,P036,2025-09-15 20:13:06,0.1546,0.5227,0.2888,0.0095,0.0038,11.2765,1.1166
S0107,P036,2025-09-14 11:53:08,0.052,1.4775,0.4265,0.0189,0.0126,3.0839,6.8588
S0108,P036,2025-09-22 10:11:21,0.0572,1.4544,0.4664,0.0191,0.0088,4.5987,0.4956
S0109,P037,2025-09-22 23:50:06,0.1664,1.1251,0.168,0.024,0.0037,17.7806,2.2632
S0110,P037,2025-09-02 14:33:44,0.1083,1.1088,0.2129,0.007,0.0085,2.225,0.6518
S0111,P037,2025-09-16 21:12:21,0.0698,0.6375,0.4089,0.0279,0.0175,13.6067,4.7734
S0112,P038,2025-09-27 02:10:37,0.1315,0.6296,0.3893,0.0089,0.0112,5.0837,4.8392
S0113,P038,2025-09-28 00:18:25,0.2319,0.7953,0.1043,0.0116,0.0158,17.4611,7.4976
S0114,P038,2025-09-28 23:36:15,0.2243,1.774,0.477,0.0183,0.014,0.9193,9.9407
S0115,P039,2025-09-04 13:42:24,0.0991,0.3182,0.4846,0.0112,0.0156,13.7696,2.1902
S0116,P039,2025-09-20 18:37:03,0.1264,0.8891,0.4884,0.0155,0.0169,17.6287,6.2275
S0117,P039,2025-09-20 18:11:41,0.119,1.0162,0.4434,0.0103,0.0095,4.5877,3.1807
S0118,P040,2025-09-08 19:05:26,0.1355,1.6525,0.1134,0.0261,0.0177,15.1943,4.1961
S0119,P040,2025-09-16 02:47:29,0.2251,1.459,0.4995,0.0206,0.0137,10.71,4.4779
S0120,P040,2025-09-01 00:59:21,0.2229,1.0732,0.2277,0.0202,0.0121,13.1499,5.4842
S0121,P041,2025-09-02 10:39:08,0.2207,1.0271,0.3973,0.0076,0.0037,5.9661,6.6282
S0122,P041,2025-09-10 03:40:56,0.0498,1.4497,0.115,0.0065,0.0184,4.5566,9.5244
S0123,P041,2025-09-23 21:47:33,0.0403,0.7125,0.438,0.0205,0.0081,10.4986,6.1691
S0124,P042,2025-09-09 08:30:12,0.1166,1.5728,0.3375,0.0229,0.0117,17.771,2.141
S0125,P042,2025-09-22 16:28:37,0.2414,0.9345,0.1983,0.0241,0.0148,10.4514,0.6901
S0126,P042,2025-09-06 11:44:30,0.2125,0.4967,0.3904,0.0183,0.0199,8.4652,4.4769
S0127,P043,2025-09-29 16:23:56,0.0373,0.7608,0.2722,0.0057,0.0062,6.8018,7.4966
S0128,P043,2025-09-22 07:13:40,0.0595,0.8724,0.3577,0.0184,0.0132,6.1901,0.5917
S0129,P043,2025-09-08 16:42:28,0.1212,1.119,0.2498,0.0165,0.0054,8.7093,5.7968
S0130,P044,2025-09-15 03:08:52,0.2248,0.9392,0.1217,0.0098,0.0154,6.1973,4.102
S0131,P044,2025-09-24 11:15:18,0.1646,0.5497,0.2343,0.0246,0.0033,12.5667,6.1315
S0132,P044,2025-09-17 08:06:54,0.0458,1.745,0.1047,0.0224,0.0176,14.9485,8.0393
S0133,P045,2025-09-10 07:40:02,0.0519,1.596,0.2356,0.0161,0.0067,8.1337,5.8881
S0134,P045,2025-09-15 14:36:20,0.1307,1.1285,0.425,0.0089,0.0082,7.4671,0.3582
S0135,P045,2025-09-01 15:31:42,0.087,0.666,0.4025,0.0223,0.0073,9.1858,7.1305
S0136,P046,2025-09-02 14:05:27,0.0846,1.3115,0.481,0.0093,0.0174,1.9192,5.5873
S0137,P046,2025-09-25 19:45:23,0.0999,0.8615,0.1808,0.0273,0.0121,15.6879,1.8389
S0138,P046,2025-09-21 14:30:05,0.1797,1.3224,0.2338,0.0171,0.0196,11.6139,2.9792
S0139,P047,2025-09-21 00:03:34,0.0921,0.7484,0.395,0.012,0.0033,6.9035,6.131
S0140,P047,2025-09-26 02:06:46,0.1927,0.5734,0.3881,0.0265,0.0125,9.6989,7.0329
S0141,P047,2025-09-14 01:00:32,0.2444,1.2092,0.4222,0.0055,0.004,7.5999,7.3905
S0142,P048,2025-09-20 00:35:06,0.2023,0.6227,0.2538,0.0058,0.0104,10.6002,9.4633
S0143,P048,2025-09-07 21:30:04,0.1101,1.2705,0.3208,0.0213,0.012,15.7138,2.3201
S0144,P048,2025-09-23 13:02:08,0.0355,0.3194,0.3527,0.0103,0.0183,11.5717,7.4365
S0145,P049,2025-09-03 00:13:13,0.1824,0.9194,0.4497,0.0249,0.0158,15.8635,0.5592
S0146,P049,2025-09-09 15:38:41,0.1416,1.5443,0.4242,0.0082,0.0055,2.4508,0.0103
S0147,P049,2025-09-10 12:20:13,0.1421,1.075,0.384,0.0283,0.0162,2.0224,7.9475
S0148,P050,2025-09-09 17:11:00,0.1874,1.5243,0.2898,0.0178,0.0057,6.892,6.2675
S0149,P050,2025-09-06 17:13:30,0.1658,0.9796,0.4033,0.0095,0.0093,15.3842,0.8403
S0150,P050,2025-09-04 06:41:42,0.2351,0.8782,0.1903,0.009,0.0061,6.6696,4.2395
