Sample_ID,Product_ID,Measurement_DateTime,Thickness_mm,Width_mm,Length_mm,Flatness_mm
D0001,P001,2025-09-05 12:32:29,9.58,1477.3,8640.3,0.66
D0002,P001,2025-09-21 05:40:15,12.27,1452.3,10775.3,1.02
D0003,P001,2025-09-16 08:57:05,23.53,909.1,4984.6,0.98
D0004,P002,2025-09-24 00:22:00,13.95,1213.4,9769.8,3.51
D0005,P002,2025-09-07 12:23:44,1.6,1337.5,9268.2,2.79
D0006,P002,2025-09-23 22:30:50,9.69,1396.9,7320.0,1.21
D0007,P003,2025-09-03 06:59:06,23.7,1134.4,4094.8,2.83
D0008,P003,2025-09-12 01:43:27,12.35,1901.0,9508.0,1.72
D0009,P003,2025-09-22 15:11:21,2.84,1115.7,11830.9,2.52
D0010,P004,2025-09-18 22:57:29,20.6,1526.8,2412.7,1.32
D0011,P004,2025-09-19 07:58:37,24.12,1419.2,4150.0,0.97
D0012,P004,2025-09-10 21:34:05,18.46,1408.4,2431.4,2.88
D0013,P005,2025-09-07 12:51:11,23.29,1739.7,7861.7,3.92
D0014,P005,2025-09-19 03:10:32,14.58,1594.4,8731.8,2.82
D0015,P005,2025-09-22 21:51:40,12.26,1504.7,6204.7,0.51
D0016,P006,2025-09-28 12:40:39,11.79,1251.8,11264.6,3.21
D0017,P006,2025-09-24 05:41:04,18.25,1625.5,3285.2,2.39
D0018,P006,2025-09-29 10:35:13,9.56,1820.6,2429.6,1.77
D0019,P007,2025-09-01 03:03:42,16.97,905.5,8437.5,3.59
D0020,P007,2025-09-14 14:10:01,5.9,1482.6,5315.6,4.33
D0021,P007,2025-09-22 11:47:45,8.12,1162.2,6709.8,2.49
D0022,P008,2025-09-29 18:42:31,19.27,1888.8,7544.8,2.86
D0023,P008,2025-09-12 04:35:34,10.08,1782.5,11194.8,2.74
D0024,P008,2025-09-14 15:04:55,19.19,1652.2,10094.9,1.66
D0025,P009,2025-09-05 16:53:38,18.14,1756.4,5680.7,1.97
D0026,P009,2025-09-05 09:27:19,11.73,1792.4,7856.2,3.82
D0027,P009,2025-09-13 01:24:41,11.05,1642.2,10992.5,4.01
D0028,P010,2025-09-23 19:36:35,6.72,1644.8,6536.4,0.58
D0029,P010,2025-09-20 11:19:13,12.84,1467.6,9782.0,4.72
D0030,P010,2025-09-01 08:22:34,21.14,1250.0,9172.5,4.88
D0031,P011,2025-09-11 08:58:49,16.85,932.5,3487.1,0.94
D0032,P011,2025-09-22 19:32:02,20.32,1110.5,8575.1,1.61
D0033,P011,2025-09-20 20:52:43,2.99,1590.3,11196.9,4.35
D0034,P012,2025-09-05 14:17:05,6.04,954.2,11717.6,3.85
D0035,P012,2025-09-10 05:42:05,7.91,1454.7,2961.4,0.51
D0036,P012,2025-09-09 19:12:37,14.64,1022.7,2137.9,3.85
D0037,P013,2025-09-22 00:33:26,18.26,1430.6,10178.4,3.23
D0038,P013,2025-09-25 21:27:27,16.97,1944.3,11428.9,3.08
D0039,P013,2025-09-20 12:12:53,3.31,1673.4,2575.9,1.19
D0040,P014,2025-09-19 13:18:31,20.55,1067.1,8794.6,3.01
D0041,P014,2025-09-13 07:33:00,11.57,1585.0,6123.5,2.25
D0042,P014,2025-09-04 01:36:49,24.45,1654.1,10977.6,3.97
D0043,P015,2025-09-29 11:32:51,23.26,1415.8,3813.5,1.58
D0044,P015,2025-09-12 17:00:33,1.79,1553.7,10321.3,4.95
D0045,P015,2025-09-10 14:48:46,12.73,1756.1,4590.4,0.91
D0046,P016,2025-09-16 23:25:14,22.99,1324.6,7500.0,1.81
D0047,P016,2025-09-09 02:42:35,18.1,1441.9,8603.6,0.34
D0048,P016,2025-09-30 13:23:39,24.46,1839.1,8551.0,1.68
D0049,P017,2025-09-08 03:18:00,14.32,1052.5,5614.6,1.57
D0050,P017,2025-09-20 09:26:51,6.98,1315.7,8327.4,3.55
D0051,P017,2025-09-08 15:17:34,10.59,956.5,4543.3,3.87
D0052,P018,2025-09-07 17:17:13,9.57,1013.1,5215.1,2.55
D0053,P018,2025-09-23 02:57:05,1.81,1082.4,2622.4,3.84
D0054,P018,2025-09-21 02:56:28,14.83,1882.1,2570.4,0.41
D0055,P019,2025-09-03 23:51:28,9.17,1392.6,4199.3,4.91
D0056,P019,2025-09-09 19:54:25,7.81,1317.8,11101.2,0.83
D0057,P019,2025-09-16 05:22:31,7.32,1633.0,4572.8,1.1
D0058,P020,2025-09-03 07:50:03,14.7,1745.6,7022.7,3.22
D0059,P020,2025-09-18 23:47:06,22.17,1467.7,7668.6,2.73
D0060,P020,2025-09-06 05:41:40,14.3,1565.4,9430.4,2.41
D0061,P021,2025-09-03 06:23:51,3.29,1337.6,6380.1,1.86
D0062,P021,2025-09-03 12:04:46,13.71,1314.7,2121.4,0.56
D0063,P021,2025-09-15 12:08:08,4.54,1070.0,9209.3,4.08
D0064,P022,2025-09-17 05:25:02,18.48,1335.1,5998.2,4.86
D0065,P022,2025-09-10 03:50:46,3.9,1806.0,11488.8,0.07
D0066,P022,2025-09-07 08:06:43,16.86,1783.4,2451.6,3.21
D0067,P023,2025-09-06 17:18:35,1.98,1415.8,4532.1,2.5
D0068,P023,2025-09-03 20:16:51,11.33,1645.6,4351.9,1.68
D0069,P023,2025-09-08 01:35:08,5.97,962.7,2116.6,0.44
D0070,P024,2025-09-06 06:01:59,20.95,1323.8,6279.0,0.29
D0071,P024,2025-09-13 01:10:20,6.24,1383.3,5775.4,1.49
D0072,P024,2025-09-27 12:53:04,2.08,1894.9,8855.5,0.31
D0073,P025,2025-09-14 03:28:04,6.31,1891.6,7455.7,3.22
D0074,P025,2025-09-10 23:58:39,15.6,1231.6,7294.2,3.23
D0075,P025,2025-09-16 17:50:29,2.85,1747.4,8745.2,2.94
D0076,P026,2025-09-03 04:29:09,13.26,1496.8,8635.4,0.85
D0077,P026,2025-09-17 01:40:15,22.56,1726.9,8799.2,0.58
D0078,P026,2025-09-19 08:43:25,12.4,955.6,4415.2,2.72
D0079,P027,2025-09-14 17:14:43,5.2,1220.5,5532.7,4.08
D0080,P027,2025-09-19 09:41:54,11.89,986.7,3552.3,0.47
D0081,P027,2025-09-17 05:10:40,21.02,1746.5,11577.7,3.45
D0082,P028,2025-09-28 12:57:59,8.31,1195.3,7814.9,3.86
D0083,P028,2025-09-05 08:12:21,8.38,1664.9,5884.4,4.29
D0084,P028,2025-09-07 18:22:11,13.41,1331.8,10919.6,1.85
D0085,P029,2025-09-08 00:46:56,11.47,1321.1,8683.7,3.47
D0086,P029,2025-09-20 11:09:28,11.01,1301.5,2294.4,2.28
D0087,P029,2025-09-18 02:47:31,22.8,1996.7,5790.5,3.89
D0088,P030,2025-09-03 06:47:02,18.53,1814.4,3396.4,3.87
D0089,P030,2025-09-07 14:14:44,8.63,1261.1,2033.5,3.03
D0090,P030,2025-09-13 15:38:42,21.22,1102.6,2871.6,4.6
D0091,P031,2025-09-20 21:23:17,18.73,901.7,8943.1,2.15
D0092,P031,2025-09-08 01:55:21,19.47,1654.5,10437.4,2.35
D0093,P031,2025-09-18 17:37:38,10.65,1166.9,8533.1,1.11
D0094,P032,2025-09-21 17:55:14,23.12,1468.1,6672.9,0.14
D0095,P032,2025-09-20 23:11:49,15.85,1220.2,7424.6,4.22
D0096,P032,2025-09-23 22:47:57,22.01,1328.4,7733.0,2.35
D0097,P033,2025-09-02 23:15:28,19.59,1557.8,9161.4,3.35
D0098,P033,2025-09-23 20:23:01,8.62,1637.2,7042.8,3.64
D0099,P033,2025-09-28 17:52:38,7.33,1122.7,10396.2,0.76
D0100,P034,2025-09-05 07:24:07,23.79,1674.1,5225.6,4.04
D0101,P034,2025-09-30 02:25:19,15.24,1880.6,10830.8,3.25
D0102,P034,2025-09-05 09:37:30,13.25,1123.7,8344.4,2.7
D0103,P035,2025-09-03 00:54:00,16.97,1400.6,4171.9,1.77
D0104,P035,2025-09-15 00:42:00,4.09,1212.6,11087.6,4.31
D0105,P035,2025-09-15 20:12:02,10.88,1385.3,4068.6,4.35
D0106,P036,2025-09-17 18:33:06,14.06,1432.7,4476.4,3.13
D0107,P036,2025-09-23 12:13:29,16.43,1853.2,11399.5,4.75
D0108,P036,2025-09-24 20:28:11,13.8,1859.8,3018.0,3.92
D0109,P037,2025-09-09 03:43:33,19.45,1325.2,10340.8,1.66
D0110,P037,2025-09-15 17:31:51,18.95,1435.6,10188.6,0.17
D0111,P037,2025-09-20 13:13:35,4.09,1634.5,8420.6,0.47
D0112,P038,2025-09-25 17:10:09,18.33,1974.7,3770.1,1.11
D0113,P038,2025-09-26 12:00:08,9.42,1856.1,6129.9,3.51
D0114,P038,2025-09-09 02:10:00,21.36,1459.4,4061.4,4.29
D0115,P039,2025-09-15 09:39:42,16.09,1867.5,2543.3,4.37
D0116,P039,2025-09-01 07:02:17,18.51,1451.5,2590.0,2.84
D0117,P039,2025-09-05 17:26:12,22.1,1380.3,7344.5,3.57
D0118,P040,2025-09-21 17:34:45,4.14,1107.7,2672.4,4.8
D0119,P040,2025-09-02 22:15:12,22.92,1327.7,9921.2,1.9
D0120,P040,2025-09-13 22:17:57,4.96,1435.7,7040.9,3.79
D0121,P041,2025-09-01 09:04:46,9.41,1200.6,4723.4,3.46
D0122,P041,2025-09-24 03:59:01,18.58,1809.9,2616.0,2.64
D0123,P041,2025-09-27 09:07:17,22.89,919.5,9784.3,2.51
D0124,P042,2025-09-18 23:56:12,6.08,1169.2,2596.6,2.34
D0125,P042,2025-09-04 22:54:05,19.43,1578.2,11232.5,3.2
D0126,P042,2025-09-19 05:49:37,23.49,1204.5,10321.2,4.92
D0127,P043,2025-09-13 04:11:25,15.52,1968.7,7539.7,1.4
D0128,P043,2025-09-11 15:29:10,18.96,925.4,7983.1,3.72
D0129,P043,2025-09-27 22:55:23,5.13,944.6,8139.6,1.83
D0130,P044,2025-09-04 11:10:05,22.98,1218.0,11906.7,2.77
D0131,P044,2025-09-05 12:59:48,13.41,1185.4,8464.3,1.19
D0132,P044,2025-09-04 16:28:32,10.89,1045.9,5845.3,0.13
D0133,P045,2025-09-03 07:23:33,13.24,1326.8,5453.1,2.46
D0134,P045,2025-09-08 08:31:59,5.22,1739.0,8107.9,1.79
D0135,P045,2025-09-27 11:19:38,16.3,1721.5,11285.5,1.99
D0136,P046,2025-09-11 21:03:16,21.16,1775.2,3969.0,4.31
D0137,P046,2025-09-19 09:29:54,9.72,1517.8,6959.5,2.99
D0138,P046,2025-09-06 13:59:39,4.85,1124.8,9171.5,3.4
D0139,P047,2025-09-28 03:53:15,7.36,1416.6,2060.9,3.76
D0140,P047,2025-09-15 23:57:12,2.34,1047.4,2093.6,2.12
D0141,P047,2025-09-09 23:48:36,23.4,1893.8,9206.9,0.37
D0142,P048,2025-09-26 04:13:41,17.0,1277.3,6502.4,2.99
D0143,P048,2025-09-04 07:42:55,12.87,1700.0,10279.4,4.04
D0144,P048,2025-09-27 09:05:49,24.32,1974.3,7351.9,0.05
D0145,P049,2025-09-08 09:01:46,16.05,1215.6,9446.8,0.29
D0146,P049,2025-09-04 00:46:55,23.65,1619.1,7826.0,3.89
D0147,P049,2025-09-29 19:57:44,3.75,1626.8,8638.1,2.7
D0148,P050,2025-09-14 02:50:38,3.69,1912.1,3171.6,4.52
D0149,P050,2025-09-11 12:47:48,10.26,1646.3,10678.7,4.23
D0150,P050,2025-09-17 16:35:42,22.82,1161.2,9535.3,1.83
