Meter_ID,Timestamp,Consumption_kWh,Demand_kW,Voltage_V,Current_A,Power_Factor,Equipment_ID
MT001,2025-09-01 00:00:00,1876.01,596.62,365.5,199.7,0.876,EQ005
MT002,2025-09-01 01:00:00,2748.08,421.64,386.7,137.9,0.915,EQ012
MT003,2025-09-01 02:00:00,1297.73,361.14,363.7,245.5,0.943,EQ019
MT004,2025-09-01 03:00:00,988.56,406.27,392.5,293.6,0.933,EQ026
MT005,2025-09-01 04:00:00,2017.92,704.48,409.1,172.1,0.925,EQ033
MT001,2025-09-01 05:00:00,2707.17,484.89,412.9,184.8,0.861,EQ040
MT002,2025-09-01 06:00:00,2786.11,628.58,390.1,278.1,0.962,EQ047
MT003,2025-09-01 07:00:00,2290.58,572.16,367.2,246.6,0.874,EQ006
MT004,2025-09-01 08:00:00,2965.61,783.3,408.5,107.8,0.909,EQ013
MT005,2025-09-01 09:00:00,2974.22,461.24,419.8,218.0,0.967,EQ020
MT001,2025-09-01 10:00:00,1367.35,746.48,414.9,94.7,0.904,EQ027
MT002,2025-09-01 11:00:00,1674.18,395.68,376.6,180.8,0.972,EQ034
MT003,2025-09-01 12:00:00,2530.41,573.83,391.4,172.3,0.908,EQ041
MT004,2025-09-01 13:00:00,1126.04,552.76,405.5,286.7,0.979,EQ048
MT005,2025-09-01 14:00:00,2037.9,260.59,377.2,197.8,0.898,EQ005
MT001,2025-09-01 15:00:00,1703.96,429.83,389.1,214.0,0.855,EQ012
MT002,2025-09-01 16:00:00,1405.91,286.31,396.5,232.6,0.855,EQ019
MT003,2025-09-01 17:00:00,2757.06,398.9,374.3,244.1,0.979,EQ026
MT004,2025-09-01 18:00:00,2773.47,212.14,409.0,146.7,0.889,EQ033
MT005,2025-09-01 19:00:00,1881.56,617.71,365.9,271.2,0.869,EQ040
MT001,2025-09-01 20:00:00,2943.28,465.87,409.5,139.3,0.908,EQ047
MT002,2025-09-01 21:00:00,2220.22,312.76,372.7,261.3,0.954,EQ006
MT003,2025-09-01 22:00:00,2470.89,720.31,409.3,193.4,0.872,EQ013
MT004,2025-09-01 23:00:00,1484.47,504.08,368.1,267.3,0.973,EQ020
MT001,2025-09-02 00:00:00,863.69,315.66,410.0,264.1,0.885,EQ027
MT002,2025-09-02 01:00:00,1804.19,750.82,402.3,140.3,0.965,EQ034
MT003,2025-09-02 02:00:00,1911.28,581.25,367.4,86.7,0.902,EQ041
MT004,2025-09-02 03:00:00,2106.9,306.55,412.2,209.1,0.899,EQ048
MT005,2025-09-02 04:00:00,1159.73,736.7,404.9,231.5,0.89,EQ005
MT001,2025-09-02 05:00:00,1650.44,297.74,394.3,292.3,0.97,EQ012
MT002,2025-09-02 06:00:00,2224.24,606.62,376.1,170.1,0.853,EQ019
MT003,2025-09-02 07:00:00,2516.67,660.54,360.5,280.5,0.941,EQ026
MT004,2025-09-02 08:00:00,2122.51,205.08,375.1,257.1,0.893,EQ033
MT005,2025-09-02 09:00:00,2927.45,585.64,385.4,162.8,0.899,EQ040
MT001,2025-09-02 10:00:00,1354.4,480.02,400.6,261.3,0.906,EQ047
MT002,2025-09-02 11:00:00,1025.09,506.91,399.7,265.5,0.902,EQ006
MT003,2025-09-02 12:00:00,2224.15,565.43,377.9,103.8,0.859,EQ013
MT004,2025-09-02 13:00:00,2974.39,584.36,411.7,137.5,0.95,EQ020
MT005,2025-09-02 14:00:00,2763.22,379.27,369.0,248.4,0.976,EQ027
MT001,2025-09-02 15:00:00,2571.95,681.42,396.0,225.3,0.945,EQ034
MT002,2025-09-02 16:00:00,2386.82,593.24,419.8,137.1,0.909,EQ041
MT003,2025-09-02 17:00:00,1654.2,221.19,402.5,205.8,0.877,EQ048
MT004,2025-09-02 18:00:00,2398.41,333.42,392.1,252.7,0.977,EQ005
MT005,2025-09-02 19:00:00,2278.11,504.39,410.7,264.9,0.973,EQ012
MT001,2025-09-02 20:00:00,1198.5,258.56,367.7,136.9,0.963,EQ019
MT002,2025-09-02 21:00:00,2478.42,309.84,400.8,153.8,0.863,EQ026
MT003,2025-09-02 22:00:00,1581.62,646.53,378.4,253.4,0.896,EQ033
MT004,2025-09-02 23:00:00,1373.23,376.43,411.1,183.5,0.971,EQ040
MT001,2025-09-03 00:00:00,2083.86,766.58,364.3,275.7,0.92,EQ047
MT002,2025-09-03 01:00:00,2708.5,429.0,377.9,91.9,0.97,EQ006
MT003,2025-09-03 02:00:00,1102.2,320.18,384.6,205.3,0.977,EQ013
MT004,2025-09-03 03:00:00,1806.66,389.83,402.9,251.4,0.918,EQ020
MT005,2025-09-03 04:00:00,2188.27,306.09,398.1,81.0,0.888,EQ027
MT001,2025-09-03 05:00:00,2474.63,301.16,405.9,187.7,0.957,EQ034
MT002,2025-09-03 06:00:00,993.69,568.69,398.0,168.7,0.985,EQ041
MT003,2025-09-03 07:00:00,1643.3,222.64,372.0,162.1,0.852,EQ048
MT004,2025-09-03 08:00:00,1508.87,699.94,371.4,228.9,0.938,EQ005
MT005,2025-09-03 09:00:00,1347.41,616.11,380.7,108.4,0.904,EQ012
MT001,2025-09-03 10:00:00,2095.08,300.21,409.4,145.6,0.891,EQ019
MT002,2025-09-03 11:00:00,2401.23,557.82,380.3,275.4,0.989,EQ026
MT003,2025-09-03 12:00:00,1554.01,740.83,381.6,121.5,0.983,EQ033
MT004,2025-09-03 13:00:00,2820.05,442.03,373.7,240.0,0.868,EQ040
MT005,2025-09-03 14:00:00,2414.97,553.82,370.1,160.7,0.941,EQ047
MT001,2025-09-03 15:00:00,882.2,725.93,375.3,197.6,0.857,EQ006
MT002,2025-09-03 16:00:00,2988.3,597.18,399.2,84.3,0.947,EQ013
MT003,2025-09-03 17:00:00,1716.91,428.15,392.8,184.4,0.871,EQ020
MT004,2025-09-03 18:00:00,2329.42,578.19,378.1,225.6,0.943,EQ027
MT005,2025-09-03 19:00:00,1393.95,563.38,368.2,262.7,0.865,EQ034
MT001,2025-09-03 20:00:00,2381.29,270.64,366.8,103.4,0.878,EQ041
MT002,2025-09-03 21:00:00,1239.45,357.8,391.4,124.4,0.948,EQ048
MT003,2025-09-03 22:00:00,1449.77,223.64,389.8,125.7,0.981,EQ005
MT004,2025-09-03 23:00:00,1527.33,201.64,400.3,279.5,0.967,EQ012
MT001,2025-09-04 00:00:00,2271.85,289.49,365.4,192.6,0.951,EQ019
MT002,2025-09-04 01:00:00,1022.84,353.54,373.9,297.5,0.891,EQ026
MT003,2025-09-04 02:00:00,1821.41,259.89,370.5,88.7,0.891,EQ033
MT004,2025-09-04 03:00:00,2563.51,387.62,404.3,100.9,0.956,EQ040
MT005,2025-09-04 04:00:00,900.96,711.2,399.8,117.5,0.9,EQ047
MT001,2025-09-04 05:00:00,1762.97,573.08,412.7,100.4,0.964,EQ006
MT002,2025-09-04 06:00:00,1202.31,440.47,417.7,139.8,0.904,EQ013
MT003,2025-09-04 07:00:00,2671.48,679.94,398.9,255.3,0.866,EQ020
MT004,2025-09-04 08:00:00,2331.57,235.19,416.5,115.1,0.908,EQ027
MT005,2025-09-04 09:00:00,2099.65,681.36,400.7,119.9,0.903,EQ034
MT001,2025-09-04 10:00:00,1588.92,217.29,401.1,264.5,0.986,EQ041
MT002,2025-09-04 11:00:00,1087.44,752.24,366.8,170.5,0.856,EQ048
MT003,2025-09-04 12:00:00,1375.55,388.54,402.3,229.1,0.957,EQ005
MT004,2025-09-04 13:00:00,2068.63,539.01,418.7,227.4,0.897,EQ012
MT005,2025-09-04 14:00:00,1950.83,620.35,365.7,225.6,0.885,EQ019
MT001,2025-09-04 15:00:00,1560.65,605.78,383.1,264.6,0.928,EQ026
MT002,2025-09-04 16:00:00,2973.14,232.74,398.6,114.5,0.969,EQ033
MT003,2025-09-04 17:00:00,2674.12,721.65,364.5,188.2,0.884,EQ040
MT004,2025-09-04 18:00:00,2934.32,230.21,373.4,221.5,0.906,EQ047
MT005,2025-09-04 19:00:00,1317.0,475.46,408.1,178.6,0.97,EQ006
MT001,2025-09-04 20:00:00,1783.55,271.22,389.8,223.7,0.864,EQ013
MT002,2025-09-04 21:00:00,1707.14,534.28,360.0,100.0,0.935,EQ020
MT003,2025-09-04 22:00:00,2161.95,382.76,390.5,125.5,0.944,EQ027
MT004,2025-09-04 23:00:00,2890.78,418.01,363.3,129.0,0.914,EQ034
MT001,2025-09-05 00:00:00,2032.33,571.85,388.4,224.6,0.95,EQ041
MT002,2025-09-05 01:00:00,1050.85,655.59,373.3,155.1,0.966,EQ048
MT003,2025-09-05 02:00:00,2921.75,375.19,391.3,234.5,0.856,EQ005
MT004,2025-09-05 03:00:00,1161.14,284.27,403.0,238.7,0.865,EQ012
MT005,2025-09-05 04:00:00,2143.87,312.53,415.8,166.4,0.914,EQ019
MT001,2025-09-05 05:00:00,2519.12,630.07,366.5,171.2,0.98,EQ026
MT002,2025-09-05 06:00:00,2642.43,553.29,406.3,179.1,0.942,EQ033
MT003,2025-09-05 07:00:00,2903.62,280.78,389.9,196.7,0.857,EQ040
MT004,2025-09-05 08:00:00,2857.68,703.29,389.0,191.8,0.979,EQ047
MT005,2025-09-05 09:00:00,1189.85,547.13,403.8,108.2,0.904,EQ006
MT001,2025-09-05 10:00:00,2121.2,729.62,390.2,164.6,0.987,EQ013
MT002,2025-09-05 11:00:00,2815.0,657.42,376.4,292.0,0.986,EQ020
MT003,2025-09-05 12:00:00,1796.26,280.02,384.8,234.0,0.955,EQ027
MT004,2025-09-05 13:00:00,1457.61,620.9,411.6,236.6,0.981,EQ034
MT005,2025-09-05 14:00:00,2191.68,320.53,397.5,143.9,0.898,EQ041
MT001,2025-09-05 15:00:00,2279.22,788.8,399.0,290.8,0.921,EQ048
MT002,2025-09-05 16:00:00,2327.49,393.43,366.9,157.5,0.917,EQ005
MT003,2025-09-05 17:00:00,2055.4,600.29,385.0,244.5,0.968,EQ012
MT004,2025-09-05 18:00:00,1429.04,708.38,408.5,195.0,0.854,EQ019
MT005,2025-09-05 19:00:00,1119.72,602.15,372.0,245.0,0.873,EQ026
MT001,2025-09-05 20:00:00,1430.55,350.34,410.4,231.9,0.891,EQ033
MT002,2025-09-05 21:00:00,2457.91,219.38,408.8,102.5,0.972,EQ040
MT003,2025-09-05 22:00:00,2426.88,718.9,404.5,203.5,0.883,EQ047
MT004,2025-09-05 23:00:00,2525.48,679.29,377.3,226.2,0.98,EQ006
MT001,2025-09-06 00:00:00,1652.62,774.02,418.5,148.8,0.927,EQ013
MT002,2025-09-06 01:00:00,828.52,350.8,397.2,251.8,0.972,EQ020
MT003,2025-09-06 02:00:00,2625.96,746.89,402.3,222.5,0.956,EQ027
MT004,2025-09-06 03:00:00,2002.55,562.03,406.6,292.1,0.891,EQ034
MT005,2025-09-06 04:00:00,1190.34,609.6,371.2,118.2,0.922,EQ041
MT001,2025-09-06 05:00:00,1629.84,457.1,393.4,108.6,0.932,EQ048
MT002,2025-09-06 06:00:00,1361.04,398.34,402.6,114.1,0.872,EQ005
MT003,2025-09-06 07:00:00,1509.79,230.51,415.9,215.4,0.943,EQ012
MT004,2025-09-06 08:00:00,1879.21,543.61,381.5,252.5,0.895,EQ019
MT005,2025-09-06 09:00:00,1283.92,310.32,364.1,191.1,0.908,EQ026
MT001,2025-09-06 10:00:00,1981.48,255.17,373.3,126.9,0.896,EQ033
MT002,2025-09-06 11:00:00,1593.76,331.07,405.2,196.7,0.99,EQ040
MT003,2025-09-06 12:00:00,2612.11,788.68,360.5,227.2,0.912,EQ047
MT004,2025-09-06 13:00:00,2789.89,568.22,397.3,291.0,0.946,EQ006
MT005,2025-09-06 14:00:00,1506.06,749.56,416.7,164.9,0.926,EQ013
MT001,2025-09-06 15:00:00,1422.22,746.8,409.3,162.5,0.962,EQ020
MT002,2025-09-06 16:00:00,1780.23,226.31,413.9,122.4,0.922,EQ027
MT003,2025-09-06 17:00:00,2886.07,300.44,417.4,198.4,0.851,EQ034
MT004,2025-09-06 18:00:00,944.04,602.2,406.4,270.3,0.909,EQ041
MT005,2025-09-06 19:00:00,1028.64,522.65,402.2,294.8,0.959,EQ048
MT001,2025-09-06 20:00:00,2222.43,763.85,404.8,113.8,0.914,EQ005
MT002,2025-09-06 21:00:00,1529.77,252.51,363.3,254.7,0.928,EQ012
MT003,2025-09-06 22:00:00,2064.92,336.59,375.5,165.4,0.938,EQ019
MT004,2025-09-06 23:00:00,1752.66,210.13,400.4,197.7,0.94,EQ026
MT001,2025-09-07 00:00:00,2160.37,653.58,395.1,234.2,0.86,EQ033
MT002,2025-09-07 01:00:00,2841.71,263.68,407.2,146.3,0.862,EQ040
MT003,2025-09-07 02:00:00,2483.6,462.61,383.7,225.4,0.916,EQ047
MT004,2025-09-07 03:00:00,1973.63,281.83,383.5,255.4,0.926,EQ006
MT005,2025-09-07 04:00:00,2912.3,286.45,400.6,281.1,0.961,EQ013
MT001,2025-09-07 05:00:00,2404.51,423.88,417.0,201.8,0.928,EQ020
MT002,2025-09-07 06:00:00,1071.12,203.02,395.8,198.2,0.983,EQ027
MT003,2025-09-07 07:00:00,1470.32,648.98,414.2,155.6,0.908,EQ034
MT004,2025-09-07 08:00:00,2221.05,507.53,369.7,128.6,0.967,EQ041
MT005,2025-09-07 09:00:00,1227.52,308.81,408.0,267.5,0.969,EQ048
MT001,2025-09-07 10:00:00,2851.21,796.59,387.7,200.9,0.891,EQ005
MT002,2025-09-07 11:00:00,948.2,258.92,403.5,187.2,0.896,EQ012
MT003,2025-09-07 12:00:00,1082.07,593.28,366.0,216.3,0.976,EQ019
MT004,2025-09-07 13:00:00,1499.13,470.39,397.0,147.2,0.932,EQ026
MT005,2025-09-07 14:00:00,2044.21,418.7,379.0,174.2,0.851,EQ033
MT001,2025-09-07 15:00:00,1341.59,332.92,404.4,175.9,0.968,EQ040
MT002,2025-09-07 16:00:00,1095.47,639.78,412.7,181.8,0.9,EQ047
MT003,2025-09-07 17:00:00,1472.04,531.0,370.5,213.5,0.968,EQ006
MT004,2025-09-07 18:00:00,2689.17,284.0,392.3,137.9,0.974,EQ013
MT005,2025-09-07 19:00:00,968.22,245.24,361.1,191.6,0.854,EQ020
MT001,2025-09-07 20:00:00,2080.16,443.08,395.4,279.4,0.927,EQ027
MT002,2025-09-07 21:00:00,1995.63,799.24,388.3,250.5,0.901,EQ034
MT003,2025-09-07 22:00:00,1291.27,663.29,404.0,144.0,0.915,EQ041
MT004,2025-09-07 23:00:00,1922.91,438.07,390.1,225.8,0.969,EQ048
MT001,2025-09-08 00:00:00,2574.39,568.42,370.0,193.1,0.912,EQ005
MT002,2025-09-08 01:00:00,1194.12,769.23,399.6,292.9,0.953,EQ012
MT003,2025-09-08 02:00:00,1863.71,415.28,373.1,187.3,0.859,EQ019
MT004,2025-09-08 03:00:00,1612.76,225.69,372.4,279.7,0.901,EQ026
MT005,2025-09-08 04:00:00,1833.28,472.79,362.8,295.7,0.895,EQ033
MT001,2025-09-08 05:00:00,2348.22,512.82,409.8,263.7,0.887,EQ040
MT002,2025-09-08 06:00:00,1997.57,304.31,399.2,160.4,0.941,EQ047
MT003,2025-09-08 07:00:00,2638.03,510.0,382.6,279.6,0.922,EQ006
MT004,2025-09-08 08:00:00,1576.38,720.63,389.2,186.1,0.935,EQ013
MT005,2025-09-08 09:00:00,1904.04,283.38,369.9,97.0,0.94,EQ020
MT001,2025-09-08 10:00:00,1265.34,312.14,381.7,237.8,0.867,EQ027
MT002,2025-09-08 11:00:00,1306.76,686.7,403.2,185.9,0.917,EQ034
MT003,2025-09-08 12:00:00,1263.55,296.75,410.0,84.9,0.856,EQ041
MT004,2025-09-08 13:00:00,2061.67,296.68,397.8,88.6,0.93,EQ048
MT005,2025-09-08 14:00:00,923.01,354.96,370.8,290.8,0.934,EQ005
MT001,2025-09-08 15:00:00,2039.93,211.17,403.2,225.6,0.89,EQ012
MT002,2025-09-08 16:00:00,988.65,469.52,419.6,270.8,0.874,EQ019
MT003,2025-09-08 17:00:00,2626.8,560.5,407.7,260.5,0.875,EQ026
MT004,2025-09-08 18:00:00,2251.23,358.71,403.5,155.4,0.913,EQ033
MT005,2025-09-08 19:00:00,2099.31,337.89,383.1,103.9,0.878,EQ040
MT001,2025-09-08 20:00:00,2691.1,502.62,385.2,112.9,0.863,EQ047
MT002,2025-09-08 21:00:00,1846.91,568.85,362.3,252.5,0.92,EQ006
MT003,2025-09-08 22:00:00,1058.54,489.34,367.8,212.8,0.966,EQ013
MT004,2025-09-08 23:00:00,2773.33,664.92,399.0,194.8,0.902,EQ020
MT001,2025-09-09 00:00:00,895.56,517.89,373.8,256.5,0.961,EQ027
MT002,2025-09-09 01:00:00,1638.72,553.43,404.5,247.5,0.948,EQ034
MT003,2025-09-09 02:00:00,1014.98,280.33,388.6,131.2,0.97,EQ041
MT004,2025-09-09 03:00:00,1423.19,726.06,384.5,121.6,0.949,EQ048
MT005,2025-09-09 04:00:00,2536.73,546.79,367.1,81.6,0.942,EQ005
MT001,2025-09-09 05:00:00,2313.09,389.54,381.7,114.1,0.941,EQ012
MT002,2025-09-09 06:00:00,1357.99,712.99,385.4,160.4,0.889,EQ019
MT003,2025-09-09 07:00:00,2297.33,652.98,384.8,252.4,0.918,EQ026
MT004,2025-09-09 08:00:00,1614.47,532.95,375.2,147.5,0.898,EQ033
MT005,2025-09-09 09:00:00,2352.09,641.47,411.3,225.0,0.955,EQ040
MT001,2025-09-09 10:00:00,1782.51,619.59,369.7,127.2,0.906,EQ047
MT002,2025-09-09 11:00:00,1544.56,530.35,401.8,235.5,0.873,EQ006
MT003,2025-09-09 12:00:00,2922.05,203.17,365.5,112.0,0.98,EQ013
MT004,2025-09-09 13:00:00,1757.83,238.45,373.3,97.6,0.855,EQ020
MT005,2025-09-09 14:00:00,1645.52,790.67,396.8,194.6,0.95,EQ027
MT001,2025-09-09 15:00:00,2114.44,767.43,409.2,220.9,0.911,EQ034
MT002,2025-09-09 16:00:00,1243.76,594.13,408.2,142.9,0.855,EQ041
MT003,2025-09-09 17:00:00,2118.93,509.49,373.9,117.3,0.855,EQ048
MT004,2025-09-09 18:00:00,1326.36,200.17,369.4,299.3,0.959,EQ005
MT005,2025-09-09 19:00:00,1576.88,437.09,395.2,193.9,0.953,EQ012
MT001,2025-09-09 20:00:00,950.96,254.1,377.1,262.5,0.978,EQ019
MT002,2025-09-09 21:00:00,1565.81,777.97,376.6,213.4,0.877,EQ026
MT003,2025-09-09 22:00:00,2845.37,544.94,375.7,169.6,0.865,EQ033
MT004,2025-09-09 23:00:00,959.25,376.55,416.8,256.6,0.984,EQ040
MT001,2025-09-10 00:00:00,2727.45,687.89,394.5,232.7,0.985,EQ047
MT002,2025-09-10 01:00:00,2038.97,661.98,405.4,291.5,0.914,EQ006
MT003,2025-09-10 02:00:00,1813.58,552.1,361.6,105.6,0.859,EQ013
MT004,2025-09-10 03:00:00,2194.06,796.52,400.6,130.6,0.894,EQ020
MT005,2025-09-10 04:00:00,2901.98,509.9,360.6,263.1,0.885,EQ027
MT001,2025-09-10 05:00:00,1004.62,604.22,409.3,96.7,0.98,EQ034
MT002,2025-09-10 06:00:00,1848.42,412.12,413.7,139.2,0.983,EQ041
MT003,2025-09-10 07:00:00,2302.84,745.96,389.9,123.9,0.953,EQ048
MT004,2025-09-10 08:00:00,2720.03,324.07,372.2,134.9,0.937,EQ005
MT005,2025-09-10 09:00:00,1143.19,264.01,415.2,228.7,0.943,EQ012
MT001,2025-09-10 10:00:00,2150.42,658.55,392.5,89.3,0.918,EQ019
MT002,2025-09-10 11:00:00,2165.47,495.4,419.1,277.3,0.972,EQ026
MT003,2025-09-10 12:00:00,1879.77,790.64,415.0,141.7,0.881,EQ033
MT004,2025-09-10 13:00:00,2068.66,232.49,408.0,185.2,0.926,EQ040
MT005,2025-09-10 14:00:00,1905.45,436.23,401.2,118.5,0.987,EQ047
MT001,2025-09-10 15:00:00,2336.14,476.04,401.4,82.6,0.88,EQ006
MT002,2025-09-10 16:00:00,2078.22,395.26,396.8,137.1,0.927,EQ013
MT003,2025-09-10 17:00:00,1321.71,482.81,396.8,160.5,0.92,EQ020
MT004,2025-09-10 18:00:00,1263.17,620.43,382.3,268.0,0.889,EQ027
MT005,2025-09-10 19:00:00,1195.76,278.68,394.6,130.3,0.864,EQ034
MT001,2025-09-10 20:00:00,1393.89,341.48,385.9,163.8,0.87,EQ041
MT002,2025-09-10 21:00:00,2910.13,289.73,408.3,118.9,0.92,EQ048
MT003,2025-09-10 22:00:00,2990.24,709.63,391.0,238.5,0.96,EQ005
MT004,2025-09-10 23:00:00,1460.08,537.28,394.1,167.6,0.947,EQ012
MT001,2025-09-11 00:00:00,932.08,688.29,388.6,218.6,0.913,EQ019
MT002,2025-09-11 01:00:00,1536.24,416.58,393.6,285.0,0.886,EQ026
MT003,2025-09-11 02:00:00,843.64,272.74,412.0,291.9,0.878,EQ033
MT004,2025-09-11 03:00:00,2066.97,589.48,370.5,251.7,0.9,EQ040
MT005,2025-09-11 04:00:00,2281.02,492.5,404.2,275.7,0.903,EQ047
MT001,2025-09-11 05:00:00,1430.35,579.03,368.7,116.9,0.963,EQ006
MT002,2025-09-11 06:00:00,1542.25,578.76,394.3,266.8,0.86,EQ013
MT003,2025-09-11 07:00:00,1156.4,336.93,379.0,144.1,0.887,EQ020
MT004,2025-09-11 08:00:00,2218.22,362.75,386.7,269.8,0.901,EQ027
MT005,2025-09-11 09:00:00,2091.22,779.32,384.8,120.5,0.853,EQ034
MT001,2025-09-11 10:00:00,2401.1,597.21,416.4,234.2,0.861,EQ041
MT002,2025-09-11 11:00:00,1167.2,261.81,363.8,273.3,0.927,EQ048
MT003,2025-09-11 12:00:00,858.0,438.21,405.9,98.3,0.887,EQ005
MT004,2025-09-11 13:00:00,1141.6,592.9,413.1,148.1,0.885,EQ012
MT005,2025-09-11 14:00:00,1425.19,575.89,367.9,264.5,0.854,EQ019
MT001,2025-09-11 15:00:00,2259.81,716.22,379.5,184.8,0.986,EQ026
MT002,2025-09-11 16:00:00,1989.29,363.45,386.7,293.3,0.948,EQ033
MT003,2025-09-11 17:00:00,1189.48,558.55,397.9,219.9,0.929,EQ040
MT004,2025-09-11 18:00:00,1951.61,583.72,378.6,156.4,0.926,EQ047
MT005,2025-09-11 19:00:00,2570.36,465.12,381.9,137.2,0.893,EQ006
MT001,2025-09-11 20:00:00,800.2,689.23,410.9,155.7,0.916,EQ013
MT002,2025-09-11 21:00:00,818.3,753.25,416.8,185.0,0.851,EQ020
MT003,2025-09-11 22:00:00,1746.96,375.75,373.9,81.6,0.902,EQ027
MT004,2025-09-11 23:00:00,1705.82,536.33,383.7,115.9,0.953,EQ034
MT001,2025-09-12 00:00:00,1657.39,427.01,375.8,172.9,0.884,EQ041
MT002,2025-09-12 01:00:00,2481.98,745.97,408.5,230.6,0.89,EQ048
MT003,2025-09-12 02:00:00,2434.44,685.29,384.8,267.8,0.876,EQ005
MT004,2025-09-12 03:00:00,1437.11,582.14,397.1,139.9,0.937,EQ012
MT005,2025-09-12 04:00:00,1213.14,211.64,363.0,197.7,0.876,EQ019
MT001,2025-09-12 05:00:00,1025.0,361.52,402.9,240.0,0.883,EQ026
MT002,2025-09-12 06:00:00,1131.5,496.15,380.5,148.5,0.962,EQ033
MT003,2025-09-12 07:00:00,2995.52,478.21,407.5,152.7,0.968,EQ040
MT004,2025-09-12 08:00:00,2893.62,233.62,406.5,95.7,0.916,EQ047
MT005,2025-09-12 09:00:00,1222.82,704.92,409.0,262.2,0.867,EQ006
MT001,2025-09-12 10:00:00,2489.92,349.38,406.3,177.5,0.953,EQ013
MT002,2025-09-12 11:00:00,873.72,476.5,406.3,194.7,0.987,EQ020
MT003,2025-09-12 12:00:00,1840.22,608.87,378.7,151.1,0.938,EQ027
MT004,2025-09-12 13:00:00,892.81,762.45,391.3,135.7,0.939,EQ034
MT005,2025-09-12 14:00:00,1237.19,732.51,411.8,127.9,0.866,EQ041
MT001,2025-09-12 15:00:00,2192.4,394.71,370.0,140.7,0.867,EQ048
MT002,2025-09-12 16:00:00,2536.12,205.36,362.5,252.4,0.917,EQ005
MT003,2025-09-12 17:00:00,2111.67,422.84,365.4,114.7,0.863,EQ012
MT004,2025-09-12 18:00:00,2161.02,758.51,419.8,217.5,0.858,EQ019
MT005,2025-09-12 19:00:00,2218.06,620.8,407.5,107.7,0.883,EQ026
MT001,2025-09-12 20:00:00,2959.69,673.14,405.4,257.2,0.911,EQ033
MT002,2025-09-12 21:00:00,1224.52,613.55,381.5,109.6,0.976,EQ040
MT003,2025-09-12 22:00:00,1867.66,462.5,377.7,233.3,0.877,EQ047
MT004,2025-09-12 23:00:00,1210.58,408.6,403.9,140.6,0.966,EQ006
MT001,2025-09-13 00:00:00,2811.84,532.71,364.1,114.1,0.891,EQ013
MT002,2025-09-13 01:00:00,1379.37,420.27,360.0,220.4,0.903,EQ020
MT003,2025-09-13 02:00:00,1208.18,211.23,411.4,250.7,0.883,EQ027
MT004,2025-09-13 03:00:00,2386.21,594.97,392.3,165.2,0.923,EQ034
MT005,2025-09-13 04:00:00,1894.61,530.88,396.8,151.0,0.94,EQ041
MT001,2025-09-13 05:00:00,1043.02,513.92,364.0,263.7,0.868,EQ048
MT002,2025-09-13 06:00:00,2721.68,321.25,389.1,101.7,0.93,EQ005
MT003,2025-09-13 07:00:00,2639.86,594.75,391.5,234.3,0.886,EQ012
MT004,2025-09-13 08:00:00,1605.98,563.57,364.3,284.6,0.879,EQ019
MT005,2025-09-13 09:00:00,1881.09,733.86,364.8,256.2,0.858,EQ026
MT001,2025-09-13 10:00:00,2027.64,762.95,385.0,161.2,0.949,EQ033
MT002,2025-09-13 11:00:00,2612.01,359.49,362.4,95.5,0.893,EQ040
MT003,2025-09-13 12:00:00,2878.13,776.35,365.8,239.5,0.924,EQ047
MT004,2025-09-13 13:00:00,1216.81,515.72,374.9,217.6,0.875,EQ006
MT005,2025-09-13 14:00:00,2448.23,449.11,366.3,220.5,0.9,EQ013
MT001,2025-09-13 15:00:00,1809.19,599.15,413.0,116.7,0.875,EQ020
MT002,2025-09-13 16:00:00,1683.43,402.51,369.5,299.7,0.912,EQ027
MT003,2025-09-13 17:00:00,1575.11,389.09,419.5,151.4,0.902,EQ034
MT004,2025-09-13 18:00:00,2481.21,458.35,403.6,213.9,0.929,EQ041
MT005,2025-09-13 19:00:00,1270.64,659.42,415.6,135.9,0.985,EQ048
MT001,2025-09-13 20:00:00,1784.5,438.25,403.6,296.3,0.933,EQ005
MT002,2025-09-13 21:00:00,1938.74,796.05,378.1,146.1,0.881,EQ012
MT003,2025-09-13 22:00:00,2682.58,213.02,409.3,231.7,0.889,EQ019
MT004,2025-09-13 23:00:00,2018.06,533.79,415.6,114.0,0.855,EQ026
MT001,2025-09-14 00:00:00,1582.44,283.04,382.0,208.1,0.883,EQ033
MT002,2025-09-14 01:00:00,2584.36,255.14,384.0,281.9,0.953,EQ040
MT003,2025-09-14 02:00:00,2391.88,675.74,370.4,261.7,0.947,EQ047
MT004,2025-09-14 03:00:00,2067.71,744.59,395.7,146.1,0.952,EQ006
MT005,2025-09-14 04:00:00,2067.82,247.09,363.4,249.6,0.899,EQ013
MT001,2025-09-14 05:00:00,2597.71,449.91,412.1,271.4,0.882,EQ020
MT002,2025-09-14 06:00:00,2236.11,561.38,360.7,251.0,0.904,EQ027
MT003,2025-09-14 07:00:00,1470.52,224.71,392.4,112.9,0.92,EQ034
MT004,2025-09-14 08:00:00,1285.75,230.31,403.9,166.4,0.912,EQ041
MT005,2025-09-14 09:00:00,2109.29,502.84,373.3,143.8,0.905,EQ048
MT001,2025-09-14 10:00:00,1090.82,249.53,394.3,90.8,0.906,EQ005
MT002,2025-09-14 11:00:00,987.17,501.09,406.4,108.7,0.869,EQ012
MT003,2025-09-14 12:00:00,2030.45,492.72,399.1,123.1,0.936,EQ019
MT004,2025-09-14 13:00:00,2418.47,347.75,364.3,250.9,0.895,EQ026
MT005,2025-09-14 14:00:00,2833.1,253.76,400.3,173.2,0.899,EQ033
MT001,2025-09-14 15:00:00,1505.62,556.33,361.5,147.1,0.988,EQ040
MT002,2025-09-14 16:00:00,2155.69,794.1,386.5,112.1,0.856,EQ047
MT003,2025-09-14 17:00:00,2599.98,319.81,382.4,246.7,0.969,EQ006
MT004,2025-09-14 18:00:00,1047.22,232.72,416.9,283.9,0.972,EQ013
MT005,2025-09-14 19:00:00,2604.29,208.24,401.6,104.5,0.913,EQ020
MT001,2025-09-14 20:00:00,850.05,325.41,392.3,124.8,0.923,EQ027
MT002,2025-09-14 21:00:00,1369.05,489.82,403.8,111.1,0.948,EQ034
MT003,2025-09-14 22:00:00,840.45,549.8,399.8,89.6,0.874,EQ041
MT004,2025-09-14 23:00:00,1424.83,673.51,397.1,91.7,0.942,EQ048
MT001,2025-09-15 00:00:00,818.34,433.19,376.3,267.5,0.942,EQ005
MT002,2025-09-15 01:00:00,2701.42,211.45,412.0,222.9,0.882,EQ012
MT003,2025-09-15 02:00:00,1637.54,785.97,366.0,149.4,0.971,EQ019
MT004,2025-09-15 03:00:00,1969.43,311.85,390.0,180.8,0.98,EQ026
MT005,2025-09-15 04:00:00,847.27,348.44,391.8,153.4,0.905,EQ033
MT001,2025-09-15 05:00:00,1145.41,408.07,381.1,217.6,0.883,EQ040
MT002,2025-09-15 06:00:00,2952.14,500.75,408.7,217.7,0.973,EQ047
MT003,2025-09-15 07:00:00,2758.88,688.92,361.8,202.1,0.889,EQ006
MT004,2025-09-15 08:00:00,1133.76,738.31,399.4,99.3,0.904,EQ013
MT005,2025-09-15 09:00:00,2913.33,567.47,397.5,130.0,0.884,EQ020
MT001,2025-09-15 10:00:00,1136.05,782.32,414.6,152.4,0.926,EQ027
MT002,2025-09-15 11:00:00,1254.87,283.15,392.5,256.0,0.971,EQ034
MT003,2025-09-15 12:00:00,1479.8,623.08,391.4,109.8,0.989,EQ041
MT004,2025-09-15 13:00:00,2946.71,287.09,416.0,281.8,0.894,EQ048
MT005,2025-09-15 14:00:00,2026.15,769.16,367.1,149.9,0.973,EQ005
MT001,2025-09-15 15:00:00,2399.57,659.26,412.8,171.1,0.908,EQ012
MT002,2025-09-15 16:00:00,1774.61,760.26,413.6,285.3,0.888,EQ019
MT003,2025-09-15 17:00:00,2514.04,264.06,371.1,247.7,0.936,EQ026
MT004,2025-09-15 18:00:00,1387.1,540.23,373.9,131.1,0.946,EQ033
MT005,2025-09-15 19:00:00,1590.37,612.88,388.6,190.5,0.935,EQ040
MT001,2025-09-15 20:00:00,2366.44,424.38,411.1,188.1,0.869,EQ047
MT002,2025-09-15 21:00:00,1225.17,219.34,405.9,83.3,0.888,EQ006
MT003,2025-09-15 22:00:00,1708.7,645.42,419.3,246.7,0.859,EQ013
MT004,2025-09-15 23:00:00,2839.63,791.38,412.0,187.8,0.895,EQ020
MT001,2025-09-16 00:00:00,1806.6,348.07,384.3,89.2,0.953,EQ027
MT002,2025-09-16 01:00:00,1636.82,387.74,396.7,243.3,0.933,EQ034
MT003,2025-09-16 02:00:00,1955.51,725.47,407.2,194.5,0.913,EQ041
MT004,2025-09-16 03:00:00,2619.42,225.45,419.8,194.1,0.905,EQ048
MT005,2025-09-16 04:00:00,2417.37,534.62,391.0,218.7,0.857,EQ005
MT001,2025-09-16 05:00:00,1440.59,438.82,378.3,262.1,0.915,EQ012
MT002,2025-09-16 06:00:00,1729.42,567.88,363.3,193.7,0.87,EQ019
MT003,2025-09-16 07:00:00,2625.77,471.02,403.4,104.9,0.959,EQ026
MT004,2025-09-16 08:00:00,2863.25,617.67,368.1,171.0,0.913,EQ033
MT005,2025-09-16 09:00:00,1193.53,554.19,402.8,124.4,0.914,EQ040
MT001,2025-09-16 10:00:00,1350.18,615.03,414.4,255.2,0.951,EQ047
MT002,2025-09-16 11:00:00,1071.8,268.5,387.0,159.8,0.923,EQ006
MT003,2025-09-16 12:00:00,1644.99,674.64,390.7,288.9,0.903,EQ013
MT004,2025-09-16 13:00:00,1637.34,660.96,414.7,204.4,0.942,EQ020
MT005,2025-09-16 14:00:00,1130.2,721.29,370.7,236.7,0.909,EQ027
MT001,2025-09-16 15:00:00,1480.94,661.18,386.8,217.8,0.866,EQ034
MT002,2025-09-16 16:00:00,1089.46,321.71,397.4,135.7,0.914,EQ041
MT003,2025-09-16 17:00:00,2681.9,526.1,360.3,274.2,0.883,EQ048
MT004,2025-09-16 18:00:00,2095.5,485.43,384.6,97.5,0.934,EQ005
MT005,2025-09-16 19:00:00,1338.37,528.4,397.2,202.7,0.966,EQ012
MT001,2025-09-16 20:00:00,907.62,288.95,399.2,88.1,0.97,EQ019
MT002,2025-09-16 21:00:00,2267.39,702.81,377.9,282.5,0.857,EQ026
MT003,2025-09-16 22:00:00,1717.31,306.95,400.3,214.4,0.947,EQ033
MT004,2025-09-16 23:00:00,2108.93,672.38,370.6,180.2,0.931,EQ040
MT001,2025-09-17 00:00:00,2849.26,255.88,378.0,161.1,0.903,EQ047
MT002,2025-09-17 01:00:00,948.87,456.39,393.0,144.4,0.869,EQ006
MT003,2025-09-17 02:00:00,2328.16,364.65,391.6,195.4,0.947,EQ013
MT004,2025-09-17 03:00:00,2146.52,265.58,403.8,218.4,0.988,EQ020
MT005,2025-09-17 04:00:00,1864.06,613.19,416.0,297.0,0.89,EQ027
MT001,2025-09-17 05:00:00,2139.46,389.89,391.5,298.9,0.9,EQ034
MT002,2025-09-17 06:00:00,1085.37,537.58,391.2,219.0,0.919,EQ041
MT003,2025-09-17 07:00:00,1195.8,565.64,402.5,295.4,0.85,EQ048
MT004,2025-09-17 08:00:00,852.77,575.28,367.1,266.6,0.962,EQ005
MT005,2025-09-17 09:00:00,2997.77,448.42,380.0,203.3,0.939,EQ012
MT001,2025-09-17 10:00:00,824.85,320.71,376.9,253.8,0.893,EQ019
MT002,2025-09-17 11:00:00,1914.72,394.35,360.4,230.9,0.898,EQ026
MT003,2025-09-17 12:00:00,2393.67,569.6,361.7,118.6,0.896,EQ033
MT004,2025-09-17 13:00:00,1543.46,603.48,415.0,255.4,0.94,EQ040
MT005,2025-09-17 14:00:00,1859.29,576.32,413.5,198.1,0.897,EQ047
MT001,2025-09-17 15:00:00,2524.78,448.37,404.6,263.7,0.892,EQ006
MT002,2025-09-17 16:00:00,2394.92,389.3,392.2,125.8,0.946,EQ013
MT003,2025-09-17 17:00:00,2558.98,732.82,381.2,293.3,0.889,EQ020
MT004,2025-09-17 18:00:00,868.58,790.17,397.6,265.3,0.93,EQ027
MT005,2025-09-17 19:00:00,1657.05,557.12,411.9,245.3,0.949,EQ034
MT001,2025-09-17 20:00:00,1491.9,218.98,384.8,189.4,0.883,EQ041
MT002,2025-09-17 21:00:00,1794.19,770.44,373.0,146.5,0.866,EQ048
MT003,2025-09-17 22:00:00,2526.88,666.67,414.8,177.6,0.853,EQ005
MT004,2025-09-17 23:00:00,1861.86,500.03,371.4,283.2,0.953,EQ012
MT001,2025-09-18 00:00:00,1951.98,665.32,368.6,271.8,0.965,EQ019
MT002,2025-09-18 01:00:00,2863.65,606.03,368.0,239.4,0.914,EQ026
MT003,2025-09-18 02:00:00,2370.09,513.41,360.2,285.1,0.946,EQ033
MT004,2025-09-18 03:00:00,2107.43,252.25,388.0,90.2,0.923,EQ040
MT005,2025-09-18 04:00:00,2249.77,387.49,394.7,148.7,0.975,EQ047
MT001,2025-09-18 05:00:00,1505.94,315.53,376.6,150.2,0.912,EQ006
MT002,2025-09-18 06:00:00,1058.83,289.59,376.4,83.4,0.937,EQ013
MT003,2025-09-18 07:00:00,1930.93,323.95,381.0,150.1,0.87,EQ020
MT004,2025-09-18 08:00:00,2349.58,369.96,374.7,95.7,0.936,EQ027
MT005,2025-09-18 09:00:00,1545.23,466.19,367.8,183.6,0.945,EQ034
MT001,2025-09-18 10:00:00,1033.04,232.28,385.6,119.4,0.933,EQ041
MT002,2025-09-18 11:00:00,2104.06,701.7,402.0,215.6,0.894,EQ048
MT003,2025-09-18 12:00:00,2598.37,627.74,400.3,197.4,0.986,EQ005
MT004,2025-09-18 13:00:00,2462.63,479.42,367.9,258.8,0.979,EQ012
MT005,2025-09-18 14:00:00,1830.21,473.35,401.1,236.2,0.915,EQ019
MT001,2025-09-18 15:00:00,1309.73,334.28,411.7,215.7,0.978,EQ026
MT002,2025-09-18 16:00:00,1662.57,619.77,399.9,253.5,0.974,EQ033
MT003,2025-09-18 17:00:00,1797.22,218.16,388.5,157.3,0.915,EQ040
MT004,2025-09-18 18:00:00,1175.76,660.76,396.3,108.0,0.864,EQ047
MT005,2025-09-18 19:00:00,2598.62,678.05,379.6,222.9,0.961,EQ006
MT001,2025-09-18 20:00:00,1972.04,440.49,384.8,216.6,0.927,EQ013
MT002,2025-09-18 21:00:00,2942.56,430.29,380.4,259.1,0.933,EQ020
MT003,2025-09-18 22:00:00,2525.49,461.21,407.2,199.8,0.883,EQ027
MT004,2025-09-18 23:00:00,2257.75,246.74,415.9,206.3,0.918,EQ034
MT001,2025-09-19 00:00:00,2102.76,477.75,393.3,260.8,0.875,EQ041
MT002,2025-09-19 01:00:00,2902.94,241.76,366.5,259.1,0.958,EQ048
MT003,2025-09-19 02:00:00,1633.6,496.58,399.6,99.9,0.964,EQ005
MT004,2025-09-19 03:00:00,2751.98,741.95,398.2,80.0,0.871,EQ012
MT005,2025-09-19 04:00:00,1128.28,518.75,383.4,207.1,0.877,EQ019
MT001,2025-09-19 05:00:00,2299.34,389.96,394.2,280.9,0.893,EQ026
MT002,2025-09-19 06:00:00,2875.33,460.84,419.0,155.7,0.863,EQ033
MT003,2025-09-19 07:00:00,817.86,791.85,384.3,108.1,0.891,EQ040
MT004,2025-09-19 08:00:00,1612.29,529.33,363.2,234.7,0.965,EQ047
MT005,2025-09-19 09:00:00,1590.34,716.75,411.9,131.8,0.948,EQ006
MT001,2025-09-19 10:00:00,1667.39,390.88,383.0,163.9,0.926,EQ013
MT002,2025-09-19 11:00:00,2257.47,484.92,371.3,164.6,0.979,EQ020
MT003,2025-09-19 12:00:00,2647.92,292.56,419.8,227.4,0.869,EQ027
MT004,2025-09-19 13:00:00,957.84,209.42,403.3,187.1,0.911,EQ034
MT005,2025-09-19 14:00:00,2978.48,250.8,398.5,171.5,0.914,EQ041
MT001,2025-09-19 15:00:00,2535.64,562.66,385.5,119.6,0.921,EQ048
MT002,2025-09-19 16:00:00,2014.51,470.03,381.3,120.9,0.935,EQ005
MT003,2025-09-19 17:00:00,2071.46,708.08,374.2,190.4,0.908,EQ012
MT004,2025-09-19 18:00:00,2001.57,420.18,418.7,205.0,0.949,EQ019
MT005,2025-09-19 19:00:00,1048.96,488.92,401.4,111.3,0.952,EQ026
MT001,2025-09-19 20:00:00,2963.87,790.2,406.7,182.3,0.861,EQ033
MT002,2025-09-19 21:00:00,2757.81,253.07,388.3,243.2,0.984,EQ040
MT003,2025-09-19 22:00:00,971.78,580.21,407.9,148.7,0.857,EQ047
MT004,2025-09-19 23:00:00,1555.8,667.12,388.1,192.8,0.916,EQ006
MT001,2025-09-20 00:00:00,2414.39,452.61,417.6,255.6,0.89,EQ013
MT002,2025-09-20 01:00:00,877.72,753.72,405.0,239.9,0.929,EQ020
MT003,2025-09-20 02:00:00,935.12,483.9,370.1,91.4,0.989,EQ027
MT004,2025-09-20 03:00:00,2579.57,574.59,377.2,98.2,0.921,EQ034
MT005,2025-09-20 04:00:00,2673.18,366.71,368.0,141.8,0.97,EQ041
MT001,2025-09-20 05:00:00,831.25,266.93,370.5,210.2,0.871,EQ048
MT002,2025-09-20 06:00:00,1782.64,684.7,375.7,234.2,0.918,EQ005
MT003,2025-09-20 07:00:00,2558.62,717.21,380.6,98.6,0.87,EQ012
MT004,2025-09-20 08:00:00,2854.67,292.49,389.8,298.6,0.958,EQ019
MT005,2025-09-20 09:00:00,1323.48,464.11,398.3,126.4,0.953,EQ026
MT001,2025-09-20 10:00:00,1559.17,585.36,405.3,105.5,0.873,EQ033
MT002,2025-09-20 11:00:00,1677.24,380.82,404.8,245.5,0.925,EQ040
MT003,2025-09-20 12:00:00,1635.56,623.36,388.5,111.9,0.972,EQ047
MT004,2025-09-20 13:00:00,826.1,756.33,386.9,229.3,0.985,EQ006
MT005,2025-09-20 14:00:00,2302.33,224.61,415.1,220.2,0.984,EQ013
MT001,2025-09-20 15:00:00,1749.93,750.83,411.5,153.7,0.887,EQ020
MT002,2025-09-20 16:00:00,1016.21,592.61,383.5,250.1,0.955,EQ027
MT003,2025-09-20 17:00:00,2415.49,553.23,371.7,154.2,0.947,EQ034
MT004,2025-09-20 18:00:00,1195.82,528.57,400.4,263.0,0.852,EQ041
MT005,2025-09-20 19:00:00,1014.94,262.34,386.8,128.3,0.89,EQ048
MT001,2025-09-20 20:00:00,1224.77,214.22,365.5,286.5,0.942,EQ005
MT002,2025-09-20 21:00:00,2638.01,770.29,398.3,235.8,0.867,EQ012
MT003,2025-09-20 22:00:00,2684.17,277.94,399.4,278.0,0.929,EQ019
MT004,2025-09-20 23:00:00,2927.76,737.6,401.7,135.7,0.915,EQ026
MT001,2025-09-21 00:00:00,2859.6,583.27,415.4,140.8,0.91,EQ033
MT002,2025-09-21 01:00:00,2787.46,661.93,379.4,115.6,0.86,EQ040
MT003,2025-09-21 02:00:00,2509.63,429.68,380.0,93.2,0.984,EQ047
MT004,2025-09-21 03:00:00,1382.26,464.34,389.5,284.3,0.935,EQ006
MT005,2025-09-21 04:00:00,1192.57,495.23,368.6,249.1,0.881,EQ013
MT001,2025-09-21 05:00:00,2215.34,747.57,402.9,102.7,0.86,EQ020
MT002,2025-09-21 06:00:00,2056.96,350.36,386.8,277.2,0.871,EQ027
MT003,2025-09-21 07:00:00,2208.74,759.74,399.9,138.6,0.948,EQ034
MT004,2025-09-21 08:00:00,2790.16,544.78,390.9,286.8,0.919,EQ041
MT005,2025-09-21 09:00:00,1759.33,706.43,406.9,252.8,0.926,EQ048
MT001,2025-09-21 10:00:00,807.28,772.49,409.1,186.1,0.929,EQ005
MT002,2025-09-21 11:00:00,2857.09,415.35,400.9,168.1,0.939,EQ012
MT003,2025-09-21 12:00:00,2909.41,254.4,392.1,291.4,0.861,EQ019
MT004,2025-09-21 13:00:00,1811.21,659.9,398.9,118.9,0.856,EQ026
MT005,2025-09-21 14:00:00,1645.16,314.6,401.8,277.2,0.938,EQ033
MT001,2025-09-21 15:00:00,1590.37,250.92,398.0,241.8,0.87,EQ040
MT002,2025-09-21 16:00:00,1224.8,631.84,395.6,187.6,0.859,EQ047
MT003,2025-09-21 17:00:00,1989.21,384.64,392.0,263.5,0.913,EQ006
MT004,2025-09-21 18:00:00,2990.83,222.23,363.4,253.3,0.856,EQ013
MT005,2025-09-21 19:00:00,1060.01,684.26,400.0,180.8,0.945,EQ020
MT001,2025-09-21 20:00:00,2723.36,289.37,394.8,283.5,0.855,EQ027
MT002,2025-09-21 21:00:00,1111.5,592.3,388.3,282.0,0.856,EQ034
MT003,2025-09-21 22:00:00,2342.85,278.32,370.3,91.0,0.893,EQ041
MT004,2025-09-21 23:00:00,2546.13,473.71,370.2,210.0,0.964,EQ048
MT001,2025-09-22 00:00:00,1033.93,498.29,408.0,128.5,0.963,EQ005
MT002,2025-09-22 01:00:00,1737.67,686.91,418.9,229.2,0.895,EQ012
MT003,2025-09-22 02:00:00,2946.88,545.58,368.2,264.0,0.961,EQ019
MT004,2025-09-22 03:00:00,2481.3,555.85,380.1,106.6,0.87,EQ026
MT005,2025-09-22 04:00:00,1713.34,617.78,393.2,176.5,0.98,EQ033
MT001,2025-09-22 05:00:00,889.54,259.98,410.8,214.7,0.959,EQ040
MT002,2025-09-22 06:00:00,834.39,492.18,360.4,119.5,0.862,EQ047
MT003,2025-09-22 07:00:00,2233.86,732.15,385.0,257.6,0.958,EQ006
MT004,2025-09-22 08:00:00,2323.19,323.7,398.4,195.1,0.908,EQ013
MT005,2025-09-22 09:00:00,2863.8,566.32,362.3,119.6,0.92,EQ020
MT001,2025-09-22 10:00:00,2890.66,576.31,407.0,156.5,0.851,EQ027
MT002,2025-09-22 11:00:00,1318.41,270.5,391.8,101.1,0.901,EQ034
MT003,2025-09-22 12:00:00,2474.48,523.83,373.2,249.5,0.942,EQ041
MT004,2025-09-22 13:00:00,1408.14,316.23,407.8,230.8,0.986,EQ048
MT005,2025-09-22 14:00:00,1843.71,305.79,400.2,89.5,0.94,EQ005
MT001,2025-09-22 15:00:00,1427.14,460.8,380.1,257.1,0.956,EQ012
MT002,2025-09-22 16:00:00,895.3,644.25,415.5,118.7,0.96,EQ019
MT003,2025-09-22 17:00:00,1867.14,269.64,413.7,238.7,0.933,EQ026
MT004,2025-09-22 18:00:00,1517.14,319.25,400.6,151.7,0.959,EQ033
MT005,2025-09-22 19:00:00,1517.49,258.84,404.3,271.4,0.903,EQ040
MT001,2025-09-22 20:00:00,1285.46,482.59,389.1,275.9,0.87,EQ047
MT002,2025-09-22 21:00:00,2841.35,472.99,383.2,110.0,0.951,EQ006
MT003,2025-09-22 22:00:00,2190.45,785.33,372.1,108.0,0.947,EQ013
MT004,2025-09-22 23:00:00,931.23,281.9,411.1,180.9,0.874,EQ020
MT001,2025-09-23 00:00:00,1555.87,731.85,396.2,253.7,0.939,EQ027
MT002,2025-09-23 01:00:00,2145.36,301.96,418.2,268.1,0.862,EQ034
MT003,2025-09-23 02:00:00,2685.34,493.53,419.7,210.1,0.967,EQ041
MT004,2025-09-23 03:00:00,1414.18,638.01,404.2,134.3,0.896,EQ048
MT005,2025-09-23 04:00:00,2074.83,735.09,395.5,112.8,0.93,EQ005
MT001,2025-09-23 05:00:00,811.17,788.11,362.4,183.5,0.958,EQ012
MT002,2025-09-23 06:00:00,873.97,518.67,388.8,255.6,0.965,EQ019
MT003,2025-09-23 07:00:00,1795.37,344.31,393.5,82.7,0.952,EQ026
MT004,2025-09-23 08:00:00,2889.85,279.63,377.7,222.5,0.863,EQ033
MT005,2025-09-23 09:00:00,1855.52,382.9,402.2,268.7,0.955,EQ040
MT001,2025-09-23 10:00:00,853.71,472.9,406.3,272.3,0.907,EQ047
MT002,2025-09-23 11:00:00,2537.69,422.25,387.9,219.3,0.97,EQ006
MT003,2025-09-23 12:00:00,955.54,736.06,380.0,87.2,0.91,EQ013
MT004,2025-09-23 13:00:00,1393.54,767.66,392.5,254.8,0.96,EQ020
MT005,2025-09-23 14:00:00,978.11,728.51,404.1,92.1,0.982,EQ027
MT001,2025-09-23 15:00:00,2284.24,732.79,366.7,160.4,0.937,EQ034
MT002,2025-09-23 16:00:00,1604.26,305.16,393.5,94.7,0.949,EQ041
MT003,2025-09-23 17:00:00,1250.37,788.75,374.3,105.0,0.917,EQ048
MT004,2025-09-23 18:00:00,2866.13,548.07,417.5,126.2,0.954,EQ005
MT005,2025-09-23 19:00:00,1295.96,411.63,376.0,229.6,0.889,EQ012
MT001,2025-09-23 20:00:00,939.41,407.14,389.2,195.9,0.867,EQ019
MT002,2025-09-23 21:00:00,2361.62,606.98,392.0,144.3,0.937,EQ026
MT003,2025-09-23 22:00:00,2559.79,767.22,408.5,287.0,0.859,EQ033
MT004,2025-09-23 23:00:00,2762.19,474.72,364.8,277.5,0.89,EQ040
MT001,2025-09-24 00:00:00,2904.58,265.62,376.6,233.4,0.919,EQ047
MT002,2025-09-24 01:00:00,2724.98,512.41,397.6,144.5,0.986,EQ006
MT003,2025-09-24 02:00:00,1991.16,279.22,380.8,177.6,0.94,EQ013
MT004,2025-09-24 03:00:00,1441.34,237.77,412.3,131.1,0.983,EQ020
MT005,2025-09-24 04:00:00,2218.28,447.02,380.6,222.1,0.896,EQ027
MT001,2025-09-24 05:00:00,2105.39,618.12,410.5,178.0,0.893,EQ034
MT002,2025-09-24 06:00:00,1090.3,673.61,370.3,137.2,0.918,EQ041
MT003,2025-09-24 07:00:00,2935.59,661.85,362.8,157.7,0.914,EQ048
MT004,2025-09-24 08:00:00,1166.0,754.48,402.7,142.8,0.986,EQ005
MT005,2025-09-24 09:00:00,2646.53,615.72,400.0,113.8,0.883,EQ012
MT001,2025-09-24 10:00:00,890.53,389.98,367.6,137.3,0.876,EQ019
MT002,2025-09-24 11:00:00,2037.47,220.81,379.0,155.6,0.902,EQ026
MT003,2025-09-24 12:00:00,1987.71,297.56,378.1,282.5,0.907,EQ033
MT004,2025-09-24 13:00:00,1898.72,287.23,387.5,150.4,0.851,EQ040
MT005,2025-09-24 14:00:00,2424.69,785.36,379.9,235.2,0.916,EQ047
MT001,2025-09-24 15:00:00,1437.62,766.41,418.8,206.2,0.871,EQ006
MT002,2025-09-24 16:00:00,2043.51,744.13,386.5,231.6,0.952,EQ013
MT003,2025-09-24 17:00:00,2780.38,283.65,393.1,147.8,0.906,EQ020
MT004,2025-09-24 18:00:00,2649.93,467.58,365.5,92.1,0.94,EQ027
MT005,2025-09-24 19:00:00,2083.55,333.29,416.1,141.1,0.853,EQ034
MT001,2025-09-24 20:00:00,1984.51,467.27,400.3,99.2,0.922,EQ041
MT002,2025-09-24 21:00:00,1227.79,390.65,396.3,287.5,0.977,EQ048
MT003,2025-09-24 22:00:00,1594.34,288.77,411.2,161.3,0.902,EQ005
MT004,2025-09-24 23:00:00,1426.23,410.81,418.7,272.3,0.862,EQ012
MT001,2025-09-25 00:00:00,2401.28,466.53,419.6,256.8,0.89,EQ019
MT002,2025-09-25 01:00:00,2572.48,782.22,385.4,277.2,0.87,EQ026
MT003,2025-09-25 02:00:00,2091.8,251.65,372.5,184.4,0.971,EQ033
MT004,2025-09-25 03:00:00,2970.6,239.67,417.6,246.3,0.862,EQ040
MT005,2025-09-25 04:00:00,1700.81,748.65,384.9,202.3,0.949,EQ047
MT001,2025-09-25 05:00:00,2461.54,282.16,371.2,164.0,0.928,EQ006
MT002,2025-09-25 06:00:00,892.91,695.75,410.1,146.9,0.928,EQ013
MT003,2025-09-25 07:00:00,1819.59,216.1,360.1,137.8,0.984,EQ020
MT004,2025-09-25 08:00:00,2635.33,483.52,399.2,276.4,0.908,EQ027
MT005,2025-09-25 09:00:00,1882.15,612.71,374.7,106.3,0.889,EQ034
MT001,2025-09-25 10:00:00,2987.53,240.03,404.7,207.8,0.929,EQ041
MT002,2025-09-25 11:00:00,2710.36,576.8,388.6,232.7,0.867,EQ048
MT003,2025-09-25 12:00:00,1927.56,545.16,410.7,115.8,0.858,EQ005
MT004,2025-09-25 13:00:00,1503.3,726.99,368.1,115.9,0.888,EQ012
MT005,2025-09-25 14:00:00,1722.93,747.26,381.4,143.8,0.924,EQ019
MT001,2025-09-25 15:00:00,2859.9,508.32,406.0,120.3,0.863,EQ026
MT002,2025-09-25 16:00:00,2455.78,526.23,412.3,261.9,0.946,EQ033
MT003,2025-09-25 17:00:00,1462.36,611.27,401.3,101.1,0.931,EQ040
MT004,2025-09-25 18:00:00,2611.29,207.74,391.1,162.1,0.918,EQ047
MT005,2025-09-25 19:00:00,1548.69,746.47,366.1,114.0,0.881,EQ006
MT001,2025-09-25 20:00:00,1214.52,738.23,396.8,262.9,0.924,EQ013
MT002,2025-09-25 21:00:00,1970.61,530.67,405.4,105.1,0.914,EQ020
MT003,2025-09-25 22:00:00,968.08,691.31,415.4,185.5,0.894,EQ027
MT004,2025-09-25 23:00:00,1597.65,690.22,413.4,211.5,0.957,EQ034
MT001,2025-09-26 00:00:00,1552.5,625.94,361.7,259.2,0.881,EQ041
MT002,2025-09-26 01:00:00,2684.99,285.42,373.6,107.6,0.868,EQ048
MT003,2025-09-26 02:00:00,972.93,614.49,407.0,97.1,0.958,EQ005
MT004,2025-09-26 03:00:00,2466.13,225.51,366.5,254.5,0.922,EQ012
MT005,2025-09-26 04:00:00,930.38,271.35,375.2,94.6,0.943,EQ019
MT001,2025-09-26 05:00:00,2460.01,669.42,415.2,125.2,0.976,EQ026
MT002,2025-09-26 06:00:00,1206.52,410.92,365.4,266.1,0.982,EQ033
MT003,2025-09-26 07:00:00,2887.34,408.7,369.6,190.1,0.952,EQ040
MT004,2025-09-26 08:00:00,1332.01,542.14,365.9,207.2,0.852,EQ047
MT005,2025-09-26 09:00:00,1277.4,314.93,376.9,278.4,0.925,EQ006
MT001,2025-09-26 10:00:00,2941.88,259.21,372.8,190.9,0.949,EQ013
MT002,2025-09-26 11:00:00,1606.22,553.63,386.4,290.7,0.875,EQ020
MT003,2025-09-26 12:00:00,1580.61,427.77,372.9,130.1,0.866,EQ027
MT004,2025-09-26 13:00:00,2966.15,274.17,366.6,109.9,0.957,EQ034
MT005,2025-09-26 14:00:00,2350.41,534.28,362.4,152.2,0.866,EQ041
MT001,2025-09-26 15:00:00,1423.95,560.23,378.7,294.8,0.912,EQ048
MT002,2025-09-26 16:00:00,2018.61,374.35,411.3,121.5,0.86,EQ005
MT003,2025-09-26 17:00:00,2650.33,485.41,400.7,119.4,0.99,EQ012
MT004,2025-09-26 18:00:00,1881.63,263.1,386.3,224.9,0.862,EQ019
MT005,2025-09-26 19:00:00,1115.41,440.37,395.4,102.4,0.98,EQ026
MT001,2025-09-26 20:00:00,2951.28,238.83,418.5,154.5,0.933,EQ033
MT002,2025-09-26 21:00:00,2979.45,273.66,410.3,239.5,0.889,EQ040
MT003,2025-09-26 22:00:00,2369.69,549.15,376.4,253.7,0.94,EQ047
MT004,2025-09-26 23:00:00,1680.52,485.5,396.2,169.0,0.918,EQ006
MT001,2025-09-27 00:00:00,1413.56,660.8,366.5,135.2,0.92,EQ013
MT002,2025-09-27 01:00:00,2182.42,280.77,366.0,91.6,0.86,EQ020
MT003,2025-09-27 02:00:00,2291.84,783.24,383.0,229.4,0.871,EQ027
MT004,2025-09-27 03:00:00,2168.33,257.8,364.6,245.4,0.957,EQ034
MT005,2025-09-27 04:00:00,2544.01,321.16,399.7,187.9,0.887,EQ041
MT001,2025-09-27 05:00:00,1555.95,715.8,392.8,289.6,0.854,EQ048
MT002,2025-09-27 06:00:00,1746.89,748.96,383.0,149.2,0.903,EQ005
MT003,2025-09-27 07:00:00,1811.24,219.72,393.4,269.3,0.892,EQ012
MT004,2025-09-27 08:00:00,2353.33,494.89,368.1,237.5,0.918,EQ019
MT005,2025-09-27 09:00:00,1040.64,605.01,399.6,230.8,0.93,EQ026
MT001,2025-09-27 10:00:00,1847.0,712.61,390.4,166.1,0.919,EQ033
MT002,2025-09-27 11:00:00,2935.92,570.16,381.2,295.1,0.895,EQ040
MT003,2025-09-27 12:00:00,861.92,227.07,410.2,156.8,0.954,EQ047
MT004,2025-09-27 13:00:00,859.18,734.81,380.5,101.4,0.898,EQ006
MT005,2025-09-27 14:00:00,1586.21,410.76,399.7,134.5,0.941,EQ013
MT001,2025-09-27 15:00:00,2103.57,746.23,363.9,147.1,0.897,EQ020
MT002,2025-09-27 16:00:00,843.37,395.67,387.7,269.9,0.93,EQ027
MT003,2025-09-27 17:00:00,2783.1,359.97,401.8,209.4,0.988,EQ034
MT004,2025-09-27 18:00:00,1631.02,434.18,394.4,257.8,0.864,EQ041
MT005,2025-09-27 19:00:00,2285.24,401.58,390.2,248.3,0.898,EQ048
MT001,2025-09-27 20:00:00,2152.62,418.0,386.2,189.3,0.969,EQ005
MT002,2025-09-27 21:00:00,2531.73,704.23,392.2,143.2,0.857,EQ012
MT003,2025-09-27 22:00:00,2991.7,441.22,373.6,243.4,0.863,EQ019
MT004,2025-09-27 23:00:00,2657.21,256.84,380.2,94.8,0.962,EQ026
MT001,2025-09-28 00:00:00,1845.59,325.84,407.7,223.3,0.892,EQ033
MT002,2025-09-28 01:00:00,2569.08,459.75,392.4,124.0,0.906,EQ040
MT003,2025-09-28 02:00:00,2174.92,471.94,405.8,119.7,0.853,EQ047
MT004,2025-09-28 03:00:00,2347.33,717.63,394.6,126.8,0.985,EQ006
MT005,2025-09-28 04:00:00,2432.86,480.38,416.2,197.2,0.936,EQ013
MT001,2025-09-28 05:00:00,2492.06,460.23,394.0,217.9,0.923,EQ020
MT002,2025-09-28 06:00:00,1601.4,288.65,369.0,230.8,0.892,EQ027
MT003,2025-09-28 07:00:00,1757.86,391.19,409.8,94.2,0.878,EQ034
MT004,2025-09-28 08:00:00,1707.36,694.23,398.8,136.4,0.934,EQ041
MT005,2025-09-28 09:00:00,1692.91,268.14,371.5,134.0,0.966,EQ048
MT001,2025-09-28 10:00:00,1821.15,535.9,386.2,222.3,0.855,EQ005
MT002,2025-09-28 11:00:00,1150.59,281.86,375.5,256.8,0.942,EQ012
MT003,2025-09-28 12:00:00,1187.17,711.51,417.8,186.9,0.853,EQ019
MT004,2025-09-28 13:00:00,2691.08,250.36,396.1,270.8,0.976,EQ026
MT005,2025-09-28 14:00:00,1695.42,418.06,399.4,99.9,0.982,EQ033
MT001,2025-09-28 15:00:00,2393.32,284.34,366.7,241.6,0.981,EQ040
MT002,2025-09-28 16:00:00,1948.31,697.39,417.0,284.9,0.885,EQ047
MT003,2025-09-28 17:00:00,2746.04,342.85,367.3,257.5,0.896,EQ006
MT004,2025-09-28 18:00:00,2085.52,433.97,404.9,131.9,0.909,EQ013
MT005,2025-09-28 19:00:00,1117.41,305.09,418.2,176.7,0.886,EQ020
MT001,2025-09-28 20:00:00,2096.86,494.22,382.5,288.7,0.894,EQ027
MT002,2025-09-28 21:00:00,1732.32,609.64,417.8,273.5,0.981,EQ034
MT003,2025-09-28 22:00:00,1598.6,629.4,409.3,84.6,0.985,EQ041
MT004,2025-09-28 23:00:00,2132.79,704.88,399.7,287.0,0.947,EQ048
MT001,2025-09-29 00:00:00,2535.37,343.81,393.2,148.0,0.984,EQ005
MT002,2025-09-29 01:00:00,1598.28,687.35,367.3,270.7,0.97,EQ012
MT003,2025-09-29 02:00:00,1654.64,745.87,383.6,295.2,0.886,EQ019
MT004,2025-09-29 03:00:00,998.55,693.62,374.1,126.3,0.975,EQ026
MT005,2025-09-29 04:00:00,2814.96,578.81,412.8,248.7,0.907,EQ033
MT001,2025-09-29 05:00:00,874.54,719.87,409.4,286.9,0.916,EQ040
MT002,2025-09-29 06:00:00,1708.51,704.7,403.0,272.9,0.965,EQ047
MT003,2025-09-29 07:00:00,2613.68,619.09,390.4,157.4,0.934,EQ006
MT004,2025-09-29 08:00:00,2589.54,642.67,387.2,86.0,0.857,EQ013
MT005,2025-09-29 09:00:00,2211.5,578.09,407.5,109.9,0.906,EQ020
MT001,2025-09-29 10:00:00,2182.25,388.23,364.9,114.7,0.922,EQ027
MT002,2025-09-29 11:00:00,2933.26,698.37,405.8,266.3,0.946,EQ034
MT003,2025-09-29 12:00:00,2543.81,391.64,388.7,241.7,0.886,EQ041
MT004,2025-09-29 13:00:00,2312.43,696.06,408.0,123.7,0.908,EQ048
MT005,2025-09-29 14:00:00,1200.16,725.83,416.7,274.6,0.881,EQ005
MT001,2025-09-29 15:00:00,2885.84,753.87,398.8,217.9,0.977,EQ012
MT002,2025-09-29 16:00:00,2943.08,318.96,402.1,117.1,0.906,EQ019
MT003,2025-09-29 17:00:00,1743.59,356.09,365.3,160.9,0.983,EQ026
MT004,2025-09-29 18:00:00,1058.17,631.15,386.1,282.4,0.914,EQ033
MT005,2025-09-29 19:00:00,2281.94,271.11,402.8,121.9,0.971,EQ040
MT001,2025-09-29 20:00:00,2520.67,372.78,389.7,108.6,0.97,EQ047
MT002,2025-09-29 21:00:00,2120.18,797.12,377.0,229.0,0.909,EQ006
MT003,2025-09-29 22:00:00,1698.75,287.57,377.4,137.6,0.936,EQ013
MT004,2025-09-29 23:00:00,2796.12,421.78,401.1,180.8,0.851,EQ020
MT001,2025-09-30 00:00:00,1093.05,393.95,401.6,231.1,0.95,EQ027
MT002,2025-09-30 01:00:00,2358.6,641.66,375.4,101.0,0.858,EQ034
MT003,2025-09-30 02:00:00,1532.3,340.9,414.5,299.3,0.982,EQ041
MT004,2025-09-30 03:00:00,2927.86,558.94,404.9,90.0,0.886,EQ048
MT005,2025-09-30 04:00:00,2163.25,381.5,383.7,161.6,0.986,EQ005
MT001,2025-09-30 05:00:00,2031.03,548.29,375.6,190.8,0.98,EQ012
MT002,2025-09-30 06:00:00,2731.37,279.15,379.0,196.7,0.87,EQ019
MT003,2025-09-30 07:00:00,1057.05,226.5,367.7,271.8,0.967,EQ026
MT004,2025-09-30 08:00:00,2445.21,755.74,377.0,272.9,0.936,EQ033
MT005,2025-09-30 09:00:00,2475.44,358.25,378.8,276.4,0.894,EQ040
MT001,2025-09-30 10:00:00,2988.04,658.21,369.1,267.7,0.942,EQ047
MT002,2025-09-30 11:00:00,2556.08,231.93,368.9,130.6,0.855,EQ006
MT003,2025-09-30 12:00:00,1372.49,623.58,386.2,298.9,0.98,EQ013
MT004,2025-09-30 13:00:00,889.74,413.91,402.5,186.7,0.919,EQ020
MT005,2025-09-30 14:00:00,2660.84,720.13,367.4,100.6,0.972,EQ027
MT001,2025-09-30 15:00:00,1197.44,300.98,390.5,140.0,0.975,EQ034
MT002,2025-09-30 16:00:00,2088.49,550.13,418.3,195.7,0.93,EQ041
MT003,2025-09-30 17:00:00,1716.12,246.1,406.1,228.9,0.974,EQ048
MT004,2025-09-30 18:00:00,857.12,608.79,400.8,166.7,0.933,EQ005
MT005,2025-09-30 19:00:00,2892.68,702.19,369.2,97.8,0.966,EQ012
MT001,2025-09-30 20:00:00,2250.99,472.43,417.3,210.7,0.851,EQ019
MT002,2025-09-30 21:00:00,2933.5,593.7,417.1,151.5,0.952,EQ026
MT003,2025-09-30 22:00:00,2415.5,774.44,394.1,126.5,0.857,EQ033
MT004,2025-09-30 23:00:00,2216.02,393.9,363.3,95.6,0.983,EQ040
