Equipment_ID,Timestamp,Energy_Input,Energy_Output,Efficiency_Percent
EQ001,2025-09-01 08:00:00,612.55,524.65,85.65
EQ001,2025-09-02 08:00:00,3814.12,3359.86,88.09
EQ001,2025-09-03 08:00:00,3545.15,3083.57,86.98
EQ001,2025-09-04 08:00:00,2398.65,2043.17,85.18
EQ001,2025-09-05 08:00:00,634.09,549.63,86.68
EQ001,2025-09-06 08:00:00,619.41,554.25,89.48
EQ001,2025-09-07 08:00:00,1394.77,1168.4,83.77
EQ001,2025-09-08 08:00:00,1491.98,1237.45,82.94
EQ001,2025-09-09 08:00:00,3151.7,2713.93,86.11
EQ001,2025-09-10 08:00:00,4126.19,3534.91,85.67
EQ001,2025-09-11 08:00:00,3641.63,3097.21,85.05
EQ001,2025-09-12 08:00:00,4807.46,4204.6,87.46
EQ001,2025-09-13 08:00:00,2014.68,1755.19,87.12
EQ001,2025-09-14 08:00:00,4313.72,3741.29,86.73
EQ001,2025-09-15 08:00:00,3216.77,2820.79,87.69
EQ001,2025-09-16 08:00:00,2913.03,2372.37,81.44
EQ001,2025-09-17 08:00:00,4879.02,4061.3,83.24
EQ001,2025-09-18 08:00:00,4232.32,3750.26,88.61
EQ001,2025-09-19 08:00:00,3283.34,2906.74,88.53
EQ001,2025-09-20 08:00:00,3670.57,3045.84,82.98
EQ001,2025-09-21 08:00:00,706.21,609.67,86.33
EQ001,2025-09-22 08:00:00,859.06,759.75,88.44
EQ001,2025-09-23 08:00:00,1547.56,1360.92,87.94
EQ001,2025-09-24 08:00:00,3360.58,2937.82,87.42
EQ001,2025-09-25 08:00:00,2141.74,1811.48,84.58
EQ001,2025-09-26 08:00:00,1701.4,1488.38,87.48
EQ001,2025-09-27 08:00:00,4714.95,3938.4,83.53
EQ001,2025-09-28 08:00:00,1270.12,1050.26,82.69
EQ001,2025-09-29 08:00:00,3781.07,3308.44,87.5
EQ001,2025-09-30 08:00:00,4952.86,4382.79,88.49
EQ002,2025-09-01 08:00:00,3006.27,2516.25,83.7
EQ002,2025-09-02 08:00:00,3992.0,3221.94,80.71
EQ002,2025-09-03 08:00:00,1530.72,1355.61,88.56
EQ002,2025-09-04 08:00:00,1704.83,1475.02,86.52
EQ002,2025-09-05 08:00:00,1449.42,1329.7,91.74
EQ002,2025-09-06 08:00:00,1916.05,1606.61,83.85
EQ002,2025-09-07 08:00:00,3449.47,2784.76,80.73
EQ002,2025-09-08 08:00:00,2564.83,2309.89,90.06
EQ002,2025-09-09 08:00:00,1691.96,1456.44,86.08
EQ002,2025-09-10 08:00:00,1682.34,1511.58,89.85
EQ002,2025-09-11 08:00:00,3130.64,2768.42,88.43
EQ002,2025-09-12 08:00:00,1486.94,1251.85,84.19
EQ002,2025-09-13 08:00:00,4988.92,4225.12,84.69
EQ002,2025-09-14 08:00:00,712.02,611.77,85.92
EQ002,2025-09-15 08:00:00,993.42,817.58,82.3
EQ002,2025-09-16 08:00:00,2399.72,1972.09,82.18
EQ002,2025-09-17 08:00:00,785.87,618.01,78.64
EQ002,2025-09-18 08:00:00,2881.01,2672.71,92.77
EQ002,2025-09-19 08:00:00,4869.85,4202.19,86.29
EQ002,2025-09-20 08:00:00,3743.25,3206.09,85.65
EQ002,2025-09-21 08:00:00,3567.7,2986.16,83.7
EQ002,2025-09-22 08:00:00,3384.33,2892.25,85.46
EQ002,2025-09-23 08:00:00,1001.98,831.34,82.97
EQ002,2025-09-24 08:00:00,4792.17,4184.04,87.31
EQ002,2025-09-25 08:00:00,4441.34,3806.23,85.7
EQ002,2025-09-26 08:00:00,1303.93,1167.28,89.52
EQ002,2025-09-27 08:00:00,4606.83,4042.03,87.74
EQ002,2025-09-28 08:00:00,3375.27,2840.63,84.16
EQ002,2025-09-29 08:00:00,3240.37,2881.34,88.92
EQ002,2025-09-30 08:00:00,2927.21,2639.47,90.17
EQ003,2025-09-01 08:00:00,2886.59,2659.13,92.12
EQ003,2025-09-02 08:00:00,587.65,525.83,89.48
EQ003,2025-09-03 08:00:00,4680.94,4379.49,93.56
EQ003,2025-09-04 08:00:00,1883.81,1611.79,85.56
EQ003,2025-09-05 08:00:00,760.66,720.35,94.7
EQ003,2025-09-06 08:00:00,885.44,747.49,84.42
EQ003,2025-09-07 08:00:00,2686.96,2527.62,94.07
EQ003,2025-09-08 08:00:00,3946.25,3614.76,91.6
EQ003,2025-09-09 08:00:00,1077.76,923.86,85.72
EQ003,2025-09-10 08:00:00,1692.75,1524.32,90.05
EQ003,2025-09-11 08:00:00,4425.95,3878.46,87.63
EQ003,2025-09-12 08:00:00,2926.83,2646.73,90.43
EQ003,2025-09-13 08:00:00,3784.69,3415.68,90.25
EQ003,2025-09-14 08:00:00,4978.17,4576.93,91.94
EQ003,2025-09-15 08:00:00,3424.45,2948.79,86.11
EQ003,2025-09-16 08:00:00,1044.52,948.84,90.84
EQ003,2025-09-17 08:00:00,1511.14,1320.13,87.36
EQ003,2025-09-18 08:00:00,1535.52,1426.04,92.87
EQ003,2025-09-19 08:00:00,1490.98,1390.94,93.29
EQ003,2025-09-20 08:00:00,1530.24,1396.96,91.29
EQ003,2025-09-21 08:00:00,4574.39,4126.1,90.2
EQ003,2025-09-22 08:00:00,1571.02,1391.61,88.58
EQ003,2025-09-23 08:00:00,3510.4,3153.04,89.82
EQ003,2025-09-24 08:00:00,4709.81,4286.87,91.02
EQ003,2025-09-25 08:00:00,3069.69,2587.44,84.29
EQ003,2025-09-26 08:00:00,4133.74,3735.25,90.36
EQ003,2025-09-27 08:00:00,1356.84,1249.38,92.08
EQ003,2025-09-28 08:00:00,2406.1,2196.53,91.29
EQ003,2025-09-29 08:00:00,2601.61,2312.31,88.88
EQ003,2025-09-30 08:00:00,4928.74,4190.41,85.02
EQ004,2025-09-01 08:00:00,2311.8,1601.85,69.29
EQ004,2025-09-02 08:00:00,1618.95,1254.85,77.51
EQ004,2025-09-03 08:00:00,1355.94,942.11,69.48
EQ004,2025-09-04 08:00:00,1753.45,1288.08,73.46
EQ004,2025-09-05 08:00:00,1624.13,1223.62,75.34
EQ004,2025-09-06 08:00:00,4376.07,3105.26,70.96
EQ004,2025-09-07 08:00:00,2976.46,2479.39,83.3
EQ004,2025-09-08 08:00:00,4262.12,3240.49,76.03
EQ004,2025-09-09 08:00:00,4860.48,3775.62,77.68
EQ004,2025-09-10 08:00:00,1248.4,872.13,69.86
EQ004,2025-09-11 08:00:00,2685.39,1964.36,73.15
EQ004,2025-09-12 08:00:00,763.86,576.1,75.42
EQ004,2025-09-13 08:00:00,2205.38,1649.84,74.81
EQ004,2025-09-14 08:00:00,4028.32,2910.06,72.24
EQ004,2025-09-15 08:00:00,2547.54,1676.03,65.79
EQ004,2025-09-16 08:00:00,4979.4,3782.35,75.96
EQ004,2025-09-17 08:00:00,3000.96,2164.29,72.12
EQ004,2025-09-18 08:00:00,1835.19,1298.4,70.75
EQ004,2025-09-19 08:00:00,4859.19,3360.62,69.16
EQ004,2025-09-20 08:00:00,3865.89,2732.02,70.67
EQ004,2025-09-21 08:00:00,757.24,525.52,69.4
EQ004,2025-09-22 08:00:00,4337.24,3065.13,70.67
EQ004,2025-09-23 08:00:00,1208.45,890.02,73.65
EQ004,2025-09-24 08:00:00,1336.21,964.21,72.16
EQ004,2025-09-25 08:00:00,3177.66,2271.07,71.47
EQ004,2025-09-26 08:00:00,1039.49,732.84,70.5
EQ004,2025-09-27 08:00:00,4506.29,3269.76,72.56
EQ004,2025-09-28 08:00:00,3287.22,2514.39,76.49
EQ004,2025-09-29 08:00:00,2386.51,1653.85,69.3
EQ004,2025-09-30 08:00:00,4706.18,3323.97,70.63
EQ005,2025-09-01 08:00:00,3722.86,2804.06,75.32
EQ005,2025-09-02 08:00:00,3522.61,2751.51,78.11
EQ005,2025-09-03 08:00:00,1849.99,1351.97,73.08
EQ005,2025-09-04 08:00:00,826.44,658.59,79.69
EQ005,2025-09-05 08:00:00,2562.28,2180.5,85.1
EQ005,2025-09-06 08:00:00,829.67,622.34,75.01
EQ005,2025-09-07 08:00:00,1459.19,1086.22,74.44
EQ005,2025-09-08 08:00:00,4463.89,3662.62,82.05
EQ005,2025-09-09 08:00:00,4456.72,3293.96,73.91
EQ005,2025-09-10 08:00:00,4251.85,3247.99,76.39
EQ005,2025-09-11 08:00:00,3665.93,2505.3,68.34
EQ005,2025-09-12 08:00:00,3442.89,2389.02,69.39
EQ005,2025-09-13 08:00:00,535.2,407.5,76.14
EQ005,2025-09-14 08:00:00,3485.25,2537.26,72.8
EQ005,2025-09-15 08:00:00,4725.19,3595.4,76.09
EQ005,2025-09-16 08:00:00,981.66,748.22,76.22
EQ005,2025-09-17 08:00:00,2989.51,2228.08,74.53
EQ005,2025-09-18 08:00:00,3729.25,2951.7,79.15
EQ005,2025-09-19 08:00:00,1416.19,1041.47,73.54
EQ005,2025-09-20 08:00:00,2698.39,1979.27,73.35
EQ005,2025-09-21 08:00:00,4574.01,3469.84,75.86
EQ005,2025-09-22 08:00:00,2406.09,1780.99,74.02
EQ005,2025-09-23 08:00:00,1745.06,1400.59,80.26
EQ005,2025-09-24 08:00:00,3367.01,2532.66,75.22
EQ005,2025-09-25 08:00:00,1678.8,1257.42,74.9
EQ005,2025-09-26 08:00:00,2424.59,1728.98,71.31
EQ005,2025-09-27 08:00:00,543.51,438.29,80.64
EQ005,2025-09-28 08:00:00,4567.68,3560.05,77.94
EQ005,2025-09-29 08:00:00,2955.16,2279.02,77.12
EQ005,2025-09-30 08:00:00,1166.42,836.21,71.69
EQ006,2025-09-01 08:00:00,1887.16,1462.36,77.49
EQ006,2025-09-02 08:00:00,4373.16,3061.65,70.01
EQ006,2025-09-03 08:00:00,4545.16,3352.06,73.75
EQ006,2025-09-04 08:00:00,962.57,725.68,75.39
EQ006,2025-09-05 08:00:00,4010.52,3026.74,75.47
EQ006,2025-09-06 08:00:00,3292.98,2342.96,71.15
EQ006,2025-09-07 08:00:00,1195.49,939.77,78.61
EQ006,2025-09-08 08:00:00,4892.93,3455.88,70.63
EQ006,2025-09-09 08:00:00,4148.47,3056.59,73.68
EQ006,2025-09-10 08:00:00,3814.54,2774.31,72.73
EQ006,2025-09-11 08:00:00,1994.83,1557.56,78.08
EQ006,2025-09-12 08:00:00,4388.29,3111.74,70.91
EQ006,2025-09-13 08:00:00,4148.37,3012.96,72.63
EQ006,2025-09-14 08:00:00,986.43,773.76,78.44
EQ006,2025-09-15 08:00:00,4424.75,3297.77,74.53
EQ006,2025-09-16 08:00:00,4174.64,2986.12,71.53
EQ006,2025-09-17 08:00:00,2571.36,1835.18,71.37
EQ006,2025-09-18 08:00:00,1524.18,1192.06,78.21
EQ006,2025-09-19 08:00:00,606.49,449.53,74.12
EQ006,2025-09-20 08:00:00,4389.59,3322.48,75.69
EQ006,2025-09-21 08:00:00,4851.0,3512.12,72.4
EQ006,2025-09-22 08:00:00,2298.55,1779.31,77.41
EQ006,2025-09-23 08:00:00,4915.17,3257.28,66.27
EQ006,2025-09-24 08:00:00,1019.04,729.43,71.58
EQ006,2025-09-25 08:00:00,4866.8,3724.08,76.52
EQ006,2025-09-26 08:00:00,1694.6,1357.54,80.11
EQ006,2025-09-27 08:00:00,987.81,679.12,68.75
EQ006,2025-09-28 08:00:00,1911.55,1435.96,75.12
EQ006,2025-09-29 08:00:00,3227.94,2266.98,70.23
EQ006,2025-09-30 08:00:00,3094.65,2258.17,72.97
EQ007,2025-09-01 08:00:00,3689.53,3070.06,83.21
EQ007,2025-09-02 08:00:00,2923.03,2234.36,76.44
EQ007,2025-09-03 08:00:00,3737.43,2845.68,76.14
EQ007,2025-09-04 08:00:00,2139.0,1537.94,71.9
EQ007,2025-09-05 08:00:00,814.88,611.08,74.99
EQ007,2025-09-06 08:00:00,1912.62,1416.49,74.06
EQ007,2025-09-07 08:00:00,4316.07,3275.47,75.89
EQ007,2025-09-08 08:00:00,1891.78,1397.65,73.88
EQ007,2025-09-09 08:00:00,2337.77,1737.2,74.31
EQ007,2025-09-10 08:00:00,1072.8,834.75,77.81
EQ007,2025-09-11 08:00:00,2392.01,1927.24,80.57
EQ007,2025-09-12 08:00:00,4562.62,3409.19,74.72
EQ007,2025-09-13 08:00:00,3269.82,2458.25,75.18
EQ007,2025-09-14 08:00:00,501.83,401.26,79.96
EQ007,2025-09-15 08:00:00,1791.11,1303.75,72.79
EQ007,2025-09-16 08:00:00,3446.18,2689.74,78.05
EQ007,2025-09-17 08:00:00,2592.45,1929.3,74.42
EQ007,2025-09-18 08:00:00,2629.34,2027.48,77.11
EQ007,2025-09-19 08:00:00,4555.31,3502.58,76.89
EQ007,2025-09-20 08:00:00,881.58,657.75,74.61
EQ007,2025-09-21 08:00:00,2819.53,2101.96,74.55
EQ007,2025-09-22 08:00:00,4182.91,3110.41,74.36
EQ007,2025-09-23 08:00:00,3880.12,2924.45,75.37
EQ007,2025-09-24 08:00:00,1396.08,1039.66,74.47
EQ007,2025-09-25 08:00:00,609.91,466.46,76.48
EQ007,2025-09-26 08:00:00,4323.82,3449.11,79.77
EQ007,2025-09-27 08:00:00,827.73,602.09,72.74
EQ007,2025-09-28 08:00:00,1374.96,1079.76,78.53
EQ007,2025-09-29 08:00:00,3633.59,2693.58,74.13
EQ007,2025-09-30 08:00:00,3452.26,2639.25,76.45
EQ008,2025-09-01 08:00:00,3879.34,2727.95,70.32
EQ008,2025-09-02 08:00:00,2413.16,1658.56,68.73
EQ008,2025-09-03 08:00:00,1291.49,951.05,73.64
EQ008,2025-09-04 08:00:00,725.98,502.31,69.19
EQ008,2025-09-05 08:00:00,1621.39,1168.37,72.06
EQ008,2025-09-06 08:00:00,4106.37,2769.34,67.44
EQ008,2025-09-07 08:00:00,3504.1,2598.64,74.16
EQ008,2025-09-08 08:00:00,4775.18,3334.51,69.83
EQ008,2025-09-09 08:00:00,4511.42,3000.55,66.51
EQ008,2025-09-10 08:00:00,2771.5,1857.74,67.03
EQ008,2025-09-11 08:00:00,4237.56,2713.31,64.03
EQ008,2025-09-12 08:00:00,3846.45,2624.82,68.24
EQ008,2025-09-13 08:00:00,2636.03,1845.48,70.01
EQ008,2025-09-14 08:00:00,3369.48,2439.5,72.4
EQ008,2025-09-15 08:00:00,3946.16,2602.89,65.96
EQ008,2025-09-16 08:00:00,1735.69,1207.69,69.58
EQ008,2025-09-17 08:00:00,848.68,590.77,69.61
EQ008,2025-09-18 08:00:00,1938.69,1404.97,72.47
EQ008,2025-09-19 08:00:00,2930.69,2096.62,71.54
EQ008,2025-09-20 08:00:00,3622.77,2601.15,71.8
EQ008,2025-09-21 08:00:00,3678.89,2684.12,72.96
EQ008,2025-09-22 08:00:00,2941.75,2098.64,71.34
EQ008,2025-09-23 08:00:00,2370.98,1682.92,70.98
EQ008,2025-09-24 08:00:00,4571.77,3344.71,73.16
EQ008,2025-09-25 08:00:00,3128.36,2131.98,68.15
EQ008,2025-09-26 08:00:00,3945.18,2547.4,64.57
EQ008,2025-09-27 08:00:00,2211.71,1613.0,72.93
EQ008,2025-09-28 08:00:00,3890.64,2732.79,70.24
EQ008,2025-09-29 08:00:00,4340.52,3174.22,73.13
EQ008,2025-09-30 08:00:00,3863.82,2675.31,69.24
EQ009,2025-09-01 08:00:00,3214.64,2701.58,84.04
EQ009,2025-09-02 08:00:00,2461.26,2110.04,85.73
EQ009,2025-09-03 08:00:00,630.61,512.81,81.32
EQ009,2025-09-04 08:00:00,2319.43,2030.2,87.53
EQ009,2025-09-05 08:00:00,1242.7,1020.51,82.12
EQ009,2025-09-06 08:00:00,3300.16,2771.14,83.97
EQ009,2025-09-07 08:00:00,621.35,500.87,80.61
EQ009,2025-09-08 08:00:00,621.96,535.13,86.04
EQ009,2025-09-09 08:00:00,3392.37,2912.35,85.85
EQ009,2025-09-10 08:00:00,726.28,625.84,86.17
EQ009,2025-09-11 08:00:00,2205.97,1859.41,84.29
EQ009,2025-09-12 08:00:00,3925.53,3385.77,86.25
EQ009,2025-09-13 08:00:00,2206.07,1846.92,83.72
EQ009,2025-09-14 08:00:00,1635.22,1275.31,77.99
EQ009,2025-09-15 08:00:00,868.58,758.79,87.36
EQ009,2025-09-16 08:00:00,4999.59,4205.16,84.11
EQ009,2025-09-17 08:00:00,2074.82,1671.89,80.58
EQ009,2025-09-18 08:00:00,3432.9,2726.41,79.42
EQ009,2025-09-19 08:00:00,3894.05,3331.36,85.55
EQ009,2025-09-20 08:00:00,591.71,491.3,83.03
EQ009,2025-09-21 08:00:00,1185.72,1029.09,86.79
EQ009,2025-09-22 08:00:00,3037.86,2637.77,86.83
EQ009,2025-09-23 08:00:00,1480.84,1215.03,82.05
EQ009,2025-09-24 08:00:00,1255.05,988.85,78.79
EQ009,2025-09-25 08:00:00,3232.61,2703.43,83.63
EQ009,2025-09-26 08:00:00,4186.86,3440.34,82.17
EQ009,2025-09-27 08:00:00,4841.24,4075.84,84.19
EQ009,2025-09-28 08:00:00,1903.81,1600.72,84.08
EQ009,2025-09-29 08:00:00,3548.06,3071.56,86.57
EQ009,2025-09-30 08:00:00,3717.57,3080.75,82.87
EQ010,2025-09-01 08:00:00,3607.76,2558.98,70.93
EQ010,2025-09-02 08:00:00,3976.16,2819.1,70.9
EQ010,2025-09-03 08:00:00,4326.32,3057.41,70.67
EQ010,2025-09-04 08:00:00,4927.3,3498.38,71.0
EQ010,2025-09-05 08:00:00,4021.86,2818.52,70.08
EQ010,2025-09-06 08:00:00,2167.57,1614.84,74.5
EQ010,2025-09-07 08:00:00,2776.82,1908.51,68.73
EQ010,2025-09-08 08:00:00,4200.49,3226.4,76.81
EQ010,2025-09-09 08:00:00,974.92,741.23,76.03
EQ010,2025-09-10 08:00:00,4229.18,2996.8,70.86
EQ010,2025-09-11 08:00:00,3682.89,2482.64,67.41
EQ010,2025-09-12 08:00:00,4844.63,3576.31,73.82
EQ010,2025-09-13 08:00:00,1715.37,1256.17,73.23
EQ010,2025-09-14 08:00:00,2675.74,1830.74,68.42
EQ010,2025-09-15 08:00:00,2460.09,1761.92,71.62
EQ010,2025-09-16 08:00:00,4332.71,3012.97,69.54
EQ010,2025-09-17 08:00:00,4238.29,3271.96,77.2
EQ010,2025-09-18 08:00:00,1597.39,1199.8,75.11
EQ010,2025-09-19 08:00:00,2591.19,1804.76,69.65
EQ010,2025-09-20 08:00:00,629.15,440.59,70.03
EQ010,2025-09-21 08:00:00,4329.29,3149.99,72.76
EQ010,2025-09-22 08:00:00,4090.25,3017.79,73.78
EQ010,2025-09-23 08:00:00,2031.52,1529.94,75.31
EQ010,2025-09-24 08:00:00,1743.21,1197.76,68.71
EQ010,2025-09-25 08:00:00,545.68,398.89,73.1
EQ010,2025-09-26 08:00:00,3740.34,2673.97,71.49
EQ010,2025-09-27 08:00:00,2698.6,1946.77,72.14
EQ010,2025-09-28 08:00:00,3406.56,2292.96,67.31
EQ010,2025-09-29 08:00:00,2708.7,1957.04,72.25
EQ010,2025-09-30 08:00:00,1497.18,1057.31,70.62
EQ011,2025-09-01 08:00:00,1877.93,1583.66,84.33
EQ011,2025-09-02 08:00:00,2889.15,2473.98,85.63
EQ011,2025-09-03 08:00:00,2414.77,2106.4,87.23
EQ011,2025-09-04 08:00:00,3662.85,3099.14,84.61
EQ011,2025-09-05 08:00:00,1719.12,1500.45,87.28
EQ011,2025-09-06 08:00:00,1366.63,1213.84,88.82
EQ011,2025-09-07 08:00:00,1038.0,854.69,82.34
EQ011,2025-09-08 08:00:00,1333.17,1148.66,86.16
EQ011,2025-09-09 08:00:00,1473.73,1215.83,82.5
EQ011,2025-09-10 08:00:00,4894.73,4296.1,87.77
EQ011,2025-09-11 08:00:00,2860.87,2489.24,87.01
EQ011,2025-09-12 08:00:00,1373.53,1217.63,88.65
EQ011,2025-09-13 08:00:00,1523.67,1333.36,87.51
EQ011,2025-09-14 08:00:00,2903.61,2547.92,87.75
EQ011,2025-09-15 08:00:00,1734.4,1579.17,91.05
EQ011,2025-09-16 08:00:00,3638.38,3153.75,86.68
EQ011,2025-09-17 08:00:00,1068.26,957.8,89.66
EQ011,2025-09-18 08:00:00,4427.24,3751.2,84.73
EQ011,2025-09-19 08:00:00,3083.29,2593.66,84.12
EQ011,2025-09-20 08:00:00,1329.64,1168.89,87.91
EQ011,2025-09-21 08:00:00,731.2,661.59,90.48
EQ011,2025-09-22 08:00:00,4199.52,3614.11,86.06
EQ011,2025-09-23 08:00:00,2303.18,2097.51,91.07
EQ011,2025-09-24 08:00:00,741.24,661.11,89.19
EQ011,2025-09-25 08:00:00,1171.39,994.98,84.94
EQ011,2025-09-26 08:00:00,4972.63,4291.88,86.31
EQ011,2025-09-27 08:00:00,1033.03,905.66,87.67
EQ011,2025-09-28 08:00:00,4058.33,3377.34,83.22
EQ011,2025-09-29 08:00:00,1515.59,1273.7,84.04
EQ011,2025-09-30 08:00:00,2492.24,2164.01,86.83
EQ012,2025-09-01 08:00:00,4955.14,4463.59,90.08
EQ012,2025-09-02 08:00:00,3243.34,3095.12,95.43
EQ012,2025-09-03 08:00:00,3830.4,3579.13,93.44
EQ012,2025-09-04 08:00:00,1449.61,1316.83,90.84
EQ012,2025-09-05 08:00:00,3471.93,3212.58,92.53
EQ012,2025-09-06 08:00:00,837.79,779.56,93.05
EQ012,2025-09-07 08:00:00,512.04,448.91,87.67
EQ012,2025-09-08 08:00:00,1810.67,1679.22,92.74
EQ012,2025-09-09 08:00:00,1541.64,1391.48,90.26
EQ012,2025-09-10 08:00:00,2543.14,2212.53,87.0
EQ012,2025-09-11 08:00:00,3593.23,3456.33,96.19
EQ012,2025-09-12 08:00:00,3312.76,2950.68,89.07
EQ012,2025-09-13 08:00:00,3475.32,3280.35,94.39
EQ012,2025-09-14 08:00:00,2950.53,2662.26,90.23
EQ012,2025-09-15 08:00:00,3414.36,3285.3,96.22
EQ012,2025-09-16 08:00:00,821.34,726.48,88.45
EQ012,2025-09-17 08:00:00,1246.65,1118.74,89.74
EQ012,2025-09-18 08:00:00,3061.43,2944.18,96.17
EQ012,2025-09-19 08:00:00,1798.75,1704.5,94.76
EQ012,2025-09-20 08:00:00,3648.8,3456.51,94.73
EQ012,2025-09-21 08:00:00,4742.04,4173.0,88.0
EQ012,2025-09-22 08:00:00,861.99,788.63,91.49
EQ012,2025-09-23 08:00:00,679.37,605.32,89.1
EQ012,2025-09-24 08:00:00,1626.66,1506.29,92.6
EQ012,2025-09-25 08:00:00,910.97,884.1,97.05
EQ012,2025-09-26 08:00:00,3088.4,2784.19,90.15
EQ012,2025-09-27 08:00:00,4778.54,4586.92,95.99
EQ012,2025-09-28 08:00:00,1712.8,1567.04,91.49
EQ012,2025-09-29 08:00:00,681.04,624.11,91.64
EQ012,2025-09-30 08:00:00,3431.79,3024.09,88.12
EQ013,2025-09-01 08:00:00,1316.7,1175.02,89.24
EQ013,2025-09-02 08:00:00,2712.77,2461.3,90.73
EQ013,2025-09-03 08:00:00,910.59,831.73,91.34
EQ013,2025-09-04 08:00:00,3515.6,3343.69,95.11
EQ013,2025-09-05 08:00:00,4359.8,3953.47,90.68
EQ013,2025-09-06 08:00:00,1796.98,1742.17,96.95
EQ013,2025-09-07 08:00:00,4753.37,4486.23,94.38
EQ013,2025-09-08 08:00:00,2546.72,2277.02,89.41
EQ013,2025-09-09 08:00:00,1915.33,1711.73,89.37
EQ013,2025-09-10 08:00:00,2318.79,2295.6,99
EQ013,2025-09-11 08:00:00,2815.68,2739.09,97.28
EQ013,2025-09-12 08:00:00,2941.67,2723.1,92.57
EQ013,2025-09-13 08:00:00,2359.61,2217.8,93.99
EQ013,2025-09-14 08:00:00,3903.99,3729.48,95.53
EQ013,2025-09-15 08:00:00,3314.34,3083.33,93.03
EQ013,2025-09-16 08:00:00,2971.49,2700.49,90.88
EQ013,2025-09-17 08:00:00,4674.53,4141.63,88.6
EQ013,2025-09-18 08:00:00,1046.42,990.54,94.66
EQ013,2025-09-19 08:00:00,4879.16,4448.82,91.18
EQ013,2025-09-20 08:00:00,1212.7,1109.62,91.5
EQ013,2025-09-21 08:00:00,2978.78,2730.05,91.65
EQ013,2025-09-22 08:00:00,4965.16,4591.28,92.47
EQ013,2025-09-23 08:00:00,4608.18,4214.18,91.45
EQ013,2025-09-24 08:00:00,4244.64,3958.55,93.26
EQ013,2025-09-25 08:00:00,2742.69,2527.66,92.16
EQ013,2025-09-26 08:00:00,1730.41,1546.99,89.4
EQ013,2025-09-27 08:00:00,4256.26,4048.98,95.13
EQ013,2025-09-28 08:00:00,2980.69,2760.72,92.62
EQ013,2025-09-29 08:00:00,2226.14,2138.21,96.05
EQ013,2025-09-30 08:00:00,4456.97,4065.65,91.22
EQ014,2025-09-01 08:00:00,1743.11,1610.11,92.37
EQ014,2025-09-02 08:00:00,4704.12,4167.38,88.59
EQ014,2025-09-03 08:00:00,2784.82,2580.14,92.65
EQ014,2025-09-04 08:00:00,1843.5,1647.9,89.39
EQ014,2025-09-05 08:00:00,3141.22,2986.67,95.08
EQ014,2025-09-06 08:00:00,1168.68,1070.28,91.58
EQ014,2025-09-07 08:00:00,2923.61,2615.46,89.46
EQ014,2025-09-08 08:00:00,2945.44,2790.51,94.74
EQ014,2025-09-09 08:00:00,2549.05,2313.52,90.76
EQ014,2025-09-10 08:00:00,3638.74,3396.76,93.35
EQ014,2025-09-11 08:00:00,3073.09,2831.55,92.14
EQ014,2025-09-12 08:00:00,696.41,673.85,96.76
EQ014,2025-09-13 08:00:00,3851.17,3469.13,90.08
EQ014,2025-09-14 08:00:00,2237.35,1931.73,86.34
EQ014,2025-09-15 08:00:00,3486.6,3320.29,95.23
EQ014,2025-09-16 08:00:00,2728.98,2291.8,83.98
EQ014,2025-09-17 08:00:00,666.59,583.87,87.59
EQ014,2025-09-18 08:00:00,4413.65,4040.26,91.54
EQ014,2025-09-19 08:00:00,4433.86,3910.22,88.19
EQ014,2025-09-20 08:00:00,2556.18,2375.71,92.94
EQ014,2025-09-21 08:00:00,3751.0,3297.5,87.91
EQ014,2025-09-22 08:00:00,1194.63,1122.35,93.95
EQ014,2025-09-23 08:00:00,2612.71,2463.26,94.28
EQ014,2025-09-24 08:00:00,3617.17,3294.52,91.08
EQ014,2025-09-25 08:00:00,3424.26,3256.47,95.1
EQ014,2025-09-26 08:00:00,4367.04,3794.52,86.89
EQ014,2025-09-27 08:00:00,2210.04,1981.52,89.66
EQ014,2025-09-28 08:00:00,3917.31,3759.44,95.97
EQ014,2025-09-29 08:00:00,4425.72,4102.64,92.7
EQ014,2025-09-30 08:00:00,3340.22,3067.99,91.85
EQ015,2025-09-01 08:00:00,4988.42,4637.24,92.96
EQ015,2025-09-02 08:00:00,942.99,846.99,89.82
EQ015,2025-09-03 08:00:00,3351.87,3194.0,95.29
EQ015,2025-09-04 08:00:00,3623.01,3285.71,90.69
EQ015,2025-09-05 08:00:00,4565.41,4480.95,98.15
EQ015,2025-09-06 08:00:00,1820.15,1720.95,94.55
EQ015,2025-09-07 08:00:00,2186.78,2083.56,95.28
EQ015,2025-09-08 08:00:00,3046.68,2923.29,95.95
EQ015,2025-09-09 08:00:00,4066.34,3806.5,93.61
EQ015,2025-09-10 08:00:00,4418.78,4157.63,94.09
EQ015,2025-09-11 08:00:00,3288.7,3071.65,93.4
EQ015,2025-09-12 08:00:00,1144.03,1132.59,99
EQ015,2025-09-13 08:00:00,2575.17,2394.14,92.97
EQ015,2025-09-14 08:00:00,542.29,516.97,95.33
EQ015,2025-09-15 08:00:00,4120.85,3984.86,96.7
EQ015,2025-09-16 08:00:00,1210.89,1094.64,90.4
EQ015,2025-09-17 08:00:00,2487.78,2258.16,90.77
EQ015,2025-09-18 08:00:00,3375.22,3251.01,96.32
EQ015,2025-09-19 08:00:00,2409.39,2241.21,93.02
EQ015,2025-09-20 08:00:00,1396.48,1380.0,98.82
EQ015,2025-09-21 08:00:00,2231.12,2026.53,90.83
EQ015,2025-09-22 08:00:00,3073.65,2866.49,93.26
EQ015,2025-09-23 08:00:00,3086.65,2948.68,95.53
EQ015,2025-09-24 08:00:00,4900.75,4553.29,92.91
EQ015,2025-09-25 08:00:00,3462.03,3199.95,92.43
EQ015,2025-09-26 08:00:00,3586.1,3473.14,96.85
EQ015,2025-09-27 08:00:00,3851.01,3732.78,96.93
EQ015,2025-09-28 08:00:00,2735.27,2578.54,94.27
EQ015,2025-09-29 08:00:00,4568.7,4194.52,91.81
EQ015,2025-09-30 08:00:00,3231.79,3175.56,98.26
EQ016,2025-09-01 08:00:00,3364.78,2541.42,75.53
EQ016,2025-09-02 08:00:00,3744.18,2834.34,75.7
EQ016,2025-09-03 08:00:00,3466.32,2808.76,81.03
EQ016,2025-09-04 08:00:00,4565.32,3434.03,75.22
EQ016,2025-09-05 08:00:00,3408.53,2646.38,77.64
EQ016,2025-09-06 08:00:00,3108.08,2543.03,81.82
EQ016,2025-09-07 08:00:00,3795.62,3071.8,80.93
EQ016,2025-09-08 08:00:00,3863.66,3096.72,80.15
EQ016,2025-09-09 08:00:00,1290.38,1049.47,81.33
EQ016,2025-09-10 08:00:00,4871.7,3973.85,81.57
EQ016,2025-09-11 08:00:00,2888.84,2416.51,83.65
EQ016,2025-09-12 08:00:00,1656.37,1256.85,75.88
EQ016,2025-09-13 08:00:00,4211.1,3091.37,73.41
EQ016,2025-09-14 08:00:00,3859.52,3065.62,79.43
EQ016,2025-09-15 08:00:00,2024.22,1712.09,84.58
EQ016,2025-09-16 08:00:00,1133.41,951.04,83.91
EQ016,2025-09-17 08:00:00,4849.25,3970.57,81.88
EQ016,2025-09-18 08:00:00,4909.74,3687.21,75.1
EQ016,2025-09-19 08:00:00,4852.71,3871.01,79.77
EQ016,2025-09-20 08:00:00,4058.07,3088.6,76.11
EQ016,2025-09-21 08:00:00,562.63,425.29,75.59
EQ016,2025-09-22 08:00:00,3527.73,2753.75,78.06
EQ016,2025-09-23 08:00:00,3525.53,2608.89,74.0
EQ016,2025-09-24 08:00:00,4731.31,3594.85,75.98
EQ016,2025-09-25 08:00:00,987.56,778.99,78.88
EQ016,2025-09-26 08:00:00,4479.06,3559.96,79.48
EQ016,2025-09-27 08:00:00,3026.33,2440.43,80.64
EQ016,2025-09-28 08:00:00,784.48,609.78,77.73
EQ016,2025-09-29 08:00:00,4207.35,3405.85,80.95
EQ016,2025-09-30 08:00:00,2337.33,1810.03,77.44
EQ017,2025-09-01 08:00:00,4758.18,3441.12,72.32
EQ017,2025-09-02 08:00:00,937.36,719.8,76.79
EQ017,2025-09-03 08:00:00,4492.67,3399.6,75.67
EQ017,2025-09-04 08:00:00,3517.19,2672.36,75.98
EQ017,2025-09-05 08:00:00,3844.13,2938.45,76.44
EQ017,2025-09-06 08:00:00,3840.21,2782.23,72.45
EQ017,2025-09-07 08:00:00,1195.35,864.48,72.32
EQ017,2025-09-08 08:00:00,2702.06,2004.66,74.19
EQ017,2025-09-09 08:00:00,2336.52,1734.4,74.23
EQ017,2025-09-10 08:00:00,2167.38,1587.82,73.26
EQ017,2025-09-11 08:00:00,2495.22,1973.97,79.11
EQ017,2025-09-12 08:00:00,947.1,678.98,71.69
EQ017,2025-09-13 08:00:00,3585.56,2349.62,65.53
EQ017,2025-09-14 08:00:00,2114.03,1505.4,71.21
EQ017,2025-09-15 08:00:00,2291.63,1697.18,74.06
EQ017,2025-09-16 08:00:00,4316.15,3233.66,74.92
EQ017,2025-09-17 08:00:00,2546.23,1814.19,71.25
EQ017,2025-09-18 08:00:00,3187.16,2225.59,69.83
EQ017,2025-09-19 08:00:00,596.11,441.18,74.01
EQ017,2025-09-20 08:00:00,1066.66,760.64,71.31
EQ017,2025-09-21 08:00:00,3040.6,2375.62,78.13
EQ017,2025-09-22 08:00:00,1432.21,1083.18,75.63
EQ017,2025-09-23 08:00:00,1471.78,1108.54,75.32
EQ017,2025-09-24 08:00:00,1163.99,832.72,71.54
EQ017,2025-09-25 08:00:00,4552.39,3615.96,79.43
EQ017,2025-09-26 08:00:00,1151.1,847.21,73.6
EQ017,2025-09-27 08:00:00,1084.96,797.34,73.49
EQ017,2025-09-28 08:00:00,3474.76,2618.23,75.35
EQ017,2025-09-29 08:00:00,616.01,485.23,78.77
EQ017,2025-09-30 08:00:00,1570.69,1162.15,73.99
EQ018,2025-09-01 08:00:00,1284.11,1062.86,82.77
EQ018,2025-09-02 08:00:00,2867.38,2285.02,79.69
EQ018,2025-09-03 08:00:00,3855.49,2812.58,72.95
EQ018,2025-09-04 08:00:00,2809.57,2215.91,78.87
EQ018,2025-09-05 08:00:00,990.74,702.04,70.86
EQ018,2025-09-06 08:00:00,695.14,541.65,77.92
EQ018,2025-09-07 08:00:00,4024.52,3241.35,80.54
EQ018,2025-09-08 08:00:00,2561.19,1930.88,75.39
EQ018,2025-09-09 08:00:00,4838.12,3931.94,81.27
EQ018,2025-09-10 08:00:00,2307.28,1831.29,79.37
EQ018,2025-09-11 08:00:00,3587.44,2566.1,71.53
EQ018,2025-09-12 08:00:00,830.71,652.11,78.5
EQ018,2025-09-13 08:00:00,863.56,666.93,77.23
EQ018,2025-09-14 08:00:00,1737.57,1344.88,77.4
EQ018,2025-09-15 08:00:00,3348.85,2530.39,75.56
EQ018,2025-09-16 08:00:00,4975.82,3846.31,77.3
EQ018,2025-09-17 08:00:00,2887.51,2141.67,74.17
EQ018,2025-09-18 08:00:00,946.3,750.13,79.27
EQ018,2025-09-19 08:00:00,3658.01,2952.38,80.71
EQ018,2025-09-20 08:00:00,3960.33,2955.2,74.62
EQ018,2025-09-21 08:00:00,3743.78,2950.47,78.81
EQ018,2025-09-22 08:00:00,1528.22,1242.44,81.3
EQ018,2025-09-23 08:00:00,2025.19,1521.12,75.11
EQ018,2025-09-24 08:00:00,927.89,732.94,78.99
EQ018,2025-09-25 08:00:00,2420.44,1854.54,76.62
EQ018,2025-09-26 08:00:00,1186.88,897.16,75.59
EQ018,2025-09-27 08:00:00,4653.43,3874.45,83.26
EQ018,2025-09-28 08:00:00,919.54,739.4,80.41
EQ018,2025-09-29 08:00:00,934.54,726.23,77.71
EQ018,2025-09-30 08:00:00,3003.67,2181.57,72.63
EQ019,2025-09-01 08:00:00,3027.14,2540.68,83.93
EQ019,2025-09-02 08:00:00,2091.19,1798.63,86.01
EQ019,2025-09-03 08:00:00,3494.03,2958.4,84.67
EQ019,2025-09-04 08:00:00,3744.77,2944.14,78.62
EQ019,2025-09-05 08:00:00,4857.79,4003.3,82.41
EQ019,2025-09-06 08:00:00,3100.63,2573.83,83.01
EQ019,2025-09-07 08:00:00,1457.32,1216.57,83.48
EQ019,2025-09-08 08:00:00,986.98,818.01,82.88
EQ019,2025-09-09 08:00:00,4304.18,3496.72,81.24
EQ019,2025-09-10 08:00:00,3083.45,2726.39,88.42
EQ019,2025-09-11 08:00:00,4132.5,3687.84,89.24
EQ019,2025-09-12 08:00:00,4182.92,3260.17,77.94
EQ019,2025-09-13 08:00:00,3261.08,2746.81,84.23
EQ019,2025-09-14 08:00:00,4680.88,3937.56,84.12
EQ019,2025-09-15 08:00:00,4232.57,3574.41,84.45
EQ019,2025-09-16 08:00:00,3662.14,3169.22,86.54
EQ019,2025-09-17 08:00:00,1890.43,1597.04,84.48
EQ019,2025-09-18 08:00:00,4414.38,3749.57,84.94
EQ019,2025-09-19 08:00:00,3048.44,2539.66,83.31
EQ019,2025-09-20 08:00:00,3349.27,2867.98,85.63
EQ019,2025-09-21 08:00:00,637.96,539.78,84.61
EQ019,2025-09-22 08:00:00,2389.25,1972.8,82.57
EQ019,2025-09-23 08:00:00,2034.03,1655.29,81.38
EQ019,2025-09-24 08:00:00,3995.76,3522.66,88.16
EQ019,2025-09-25 08:00:00,3054.17,2611.62,85.51
EQ019,2025-09-26 08:00:00,1208.34,1029.02,85.16
EQ019,2025-09-27 08:00:00,3280.27,2740.99,83.56
EQ019,2025-09-28 08:00:00,3478.72,2871.34,82.54
EQ019,2025-09-29 08:00:00,2685.48,2213.37,82.42
EQ019,2025-09-30 08:00:00,3897.24,3332.92,85.52
EQ020,2025-09-01 08:00:00,2434.61,1750.73,71.91
EQ020,2025-09-02 08:00:00,2689.85,2078.45,77.27
EQ020,2025-09-03 08:00:00,3502.1,2652.14,75.73
EQ020,2025-09-04 08:00:00,3196.96,2355.84,73.69
EQ020,2025-09-05 08:00:00,534.59,385.92,72.19
EQ020,2025-09-06 08:00:00,1117.56,836.05,74.81
EQ020,2025-09-07 08:00:00,1649.84,1198.94,72.67
EQ020,2025-09-08 08:00:00,3861.56,2825.89,73.18
EQ020,2025-09-09 08:00:00,1290.63,896.08,69.43
EQ020,2025-09-10 08:00:00,2751.18,2092.0,76.04
EQ020,2025-09-11 08:00:00,4250.09,3113.19,73.25
EQ020,2025-09-12 08:00:00,4377.94,3141.61,71.76
EQ020,2025-09-13 08:00:00,690.36,549.25,79.56
EQ020,2025-09-14 08:00:00,4379.5,3225.06,73.64
EQ020,2025-09-15 08:00:00,3090.92,2120.99,68.62
EQ020,2025-09-16 08:00:00,2379.62,1683.58,70.75
EQ020,2025-09-17 08:00:00,1018.28,768.6,75.48
EQ020,2025-09-18 08:00:00,4105.95,3005.14,73.19
EQ020,2025-09-19 08:00:00,3281.56,2499.56,76.17
EQ020,2025-09-20 08:00:00,896.58,600.53,66.98
EQ020,2025-09-21 08:00:00,4300.18,3139.56,73.01
EQ020,2025-09-22 08:00:00,2857.83,2195.96,76.84
EQ020,2025-09-23 08:00:00,2280.95,1638.63,71.84
EQ020,2025-09-24 08:00:00,1998.81,1506.7,75.38
EQ020,2025-09-25 08:00:00,1256.6,896.84,71.37
EQ020,2025-09-26 08:00:00,2794.78,2033.2,72.75
EQ020,2025-09-27 08:00:00,4576.65,3204.57,70.02
EQ020,2025-09-28 08:00:00,4185.27,3213.03,76.77
EQ020,2025-09-29 08:00:00,4167.67,3041.98,72.99
EQ020,2025-09-30 08:00:00,1387.72,1034.27,74.53
EQ021,2025-09-01 08:00:00,3920.97,3294.01,84.01
EQ021,2025-09-02 08:00:00,3977.82,3321.88,83.51
EQ021,2025-09-03 08:00:00,2723.53,2320.45,85.2
EQ021,2025-09-04 08:00:00,2520.07,2015.8,79.99
EQ021,2025-09-05 08:00:00,4658.69,3780.06,81.14
EQ021,2025-09-06 08:00:00,3310.35,2760.17,83.38
EQ021,2025-09-07 08:00:00,4389.11,3680.71,83.86
EQ021,2025-09-08 08:00:00,807.29,676.75,83.83
EQ021,2025-09-09 08:00:00,2489.94,2098.52,84.28
EQ021,2025-09-10 08:00:00,752.77,657.39,87.33
EQ021,2025-09-11 08:00:00,2783.02,2333.28,83.84
EQ021,2025-09-12 08:00:00,756.01,666.2,88.12
EQ021,2025-09-13 08:00:00,4242.63,3834.06,90.37
EQ021,2025-09-14 08:00:00,4348.82,3820.0,87.84
EQ021,2025-09-15 08:00:00,3267.54,2670.23,81.72
EQ021,2025-09-16 08:00:00,2994.42,2542.56,84.91
EQ021,2025-09-17 08:00:00,4063.18,3561.78,87.66
EQ021,2025-09-18 08:00:00,4144.17,3442.15,83.06
EQ021,2025-09-19 08:00:00,3433.27,2869.53,83.58
EQ021,2025-09-20 08:00:00,1178.87,1038.94,88.13
EQ021,2025-09-21 08:00:00,778.43,701.91,90.17
EQ021,2025-09-22 08:00:00,2045.47,1819.45,88.95
EQ021,2025-09-23 08:00:00,3714.42,3090.77,83.21
EQ021,2025-09-24 08:00:00,1614.85,1372.78,85.01
EQ021,2025-09-25 08:00:00,2469.91,2017.18,81.67
EQ021,2025-09-26 08:00:00,1214.36,1049.45,86.42
EQ021,2025-09-27 08:00:00,2177.83,1838.74,84.43
EQ021,2025-09-28 08:00:00,2022.65,1781.35,88.07
EQ021,2025-09-29 08:00:00,3190.49,2747.65,86.12
EQ021,2025-09-30 08:00:00,796.6,644.13,80.86
EQ022,2025-09-01 08:00:00,3552.71,2534.5,71.34
EQ022,2025-09-02 08:00:00,3454.54,2662.07,77.06
EQ022,2025-09-03 08:00:00,4578.54,3399.57,74.25
EQ022,2025-09-04 08:00:00,3122.33,2199.06,70.43
EQ022,2025-09-05 08:00:00,1136.43,769.93,67.75
EQ022,2025-09-06 08:00:00,3643.16,2868.26,78.73
EQ022,2025-09-07 08:00:00,2263.81,1505.66,66.51
EQ022,2025-09-08 08:00:00,1893.12,1294.52,68.38
EQ022,2025-09-09 08:00:00,2195.06,1619.52,73.78
EQ022,2025-09-10 08:00:00,3515.52,2357.16,67.05
EQ022,2025-09-11 08:00:00,4230.32,3047.52,72.04
EQ022,2025-09-12 08:00:00,2868.77,1945.31,67.81
EQ022,2025-09-13 08:00:00,3407.11,2379.53,69.84
EQ022,2025-09-14 08:00:00,2131.69,1570.63,73.68
EQ022,2025-09-15 08:00:00,1311.18,970.14,73.99
EQ022,2025-09-16 08:00:00,2688.22,2136.33,79.47
EQ022,2025-09-17 08:00:00,1519.44,1111.32,73.14
EQ022,2025-09-18 08:00:00,4299.93,3150.99,73.28
EQ022,2025-09-19 08:00:00,955.13,698.3,73.11
EQ022,2025-09-20 08:00:00,4476.57,2986.77,66.72
EQ022,2025-09-21 08:00:00,669.86,466.96,69.71
EQ022,2025-09-22 08:00:00,1089.72,836.25,76.74
EQ022,2025-09-23 08:00:00,2195.24,1653.67,75.33
EQ022,2025-09-24 08:00:00,3969.94,3064.0,77.18
EQ022,2025-09-25 08:00:00,4140.7,3063.7,73.99
EQ022,2025-09-26 08:00:00,2348.86,1764.93,75.14
EQ022,2025-09-27 08:00:00,3543.63,2573.38,72.62
EQ022,2025-09-28 08:00:00,1782.18,1347.33,75.6
EQ022,2025-09-29 08:00:00,3868.41,2663.01,68.84
EQ022,2025-09-30 08:00:00,1892.61,1391.64,73.53
EQ023,2025-09-01 08:00:00,2610.57,2393.37,91.68
EQ023,2025-09-02 08:00:00,4762.09,4178.26,87.74
EQ023,2025-09-03 08:00:00,4929.98,4330.99,87.85
EQ023,2025-09-04 08:00:00,2218.43,2014.33,90.8
EQ023,2025-09-05 08:00:00,2873.57,2747.71,95.62
EQ023,2025-09-06 08:00:00,4105.67,3656.1,89.05
EQ023,2025-09-07 08:00:00,1122.79,1012.98,90.22
EQ023,2025-09-08 08:00:00,4433.53,4190.13,94.51
EQ023,2025-09-09 08:00:00,2995.43,2841.17,94.85
EQ023,2025-09-10 08:00:00,4330.25,4057.44,93.7
EQ023,2025-09-11 08:00:00,1782.78,1611.81,90.41
EQ023,2025-09-12 08:00:00,4573.88,4017.24,87.83
EQ023,2025-09-13 08:00:00,1163.07,971.28,83.51
EQ023,2025-09-14 08:00:00,1499.17,1394.08,92.99
EQ023,2025-09-15 08:00:00,2530.08,2272.26,89.81
EQ023,2025-09-16 08:00:00,739.66,671.46,90.78
EQ023,2025-09-17 08:00:00,2759.03,2512.92,91.08
EQ023,2025-09-18 08:00:00,2187.11,2165.24,99
EQ023,2025-09-19 08:00:00,626.84,598.13,95.42
EQ023,2025-09-20 08:00:00,3424.82,3006.99,87.8
EQ023,2025-09-21 08:00:00,4061.21,3729.0,91.82
EQ023,2025-09-22 08:00:00,4233.93,3899.03,92.09
EQ023,2025-09-23 08:00:00,3632.32,3386.41,93.23
EQ023,2025-09-24 08:00:00,2518.71,2362.8,93.81
EQ023,2025-09-25 08:00:00,523.63,483.0,92.24
EQ023,2025-09-26 08:00:00,4257.33,3887.79,91.32
EQ023,2025-09-27 08:00:00,2969.62,2663.45,89.69
EQ023,2025-09-28 08:00:00,1000.34,866.09,86.58
EQ023,2025-09-29 08:00:00,1796.46,1615.38,89.92
EQ023,2025-09-30 08:00:00,2389.21,2176.81,91.11
EQ024,2025-09-01 08:00:00,2557.01,2425.07,94.84
EQ024,2025-09-02 08:00:00,3185.33,2994.85,94.02
EQ024,2025-09-03 08:00:00,573.96,502.9,87.62
EQ024,2025-09-04 08:00:00,1146.1,1027.25,89.63
EQ024,2025-09-05 08:00:00,2431.58,2144.17,88.18
EQ024,2025-09-06 08:00:00,2374.55,2098.63,88.38
EQ024,2025-09-07 08:00:00,3489.67,3379.05,96.83
EQ024,2025-09-08 08:00:00,804.56,756.37,94.01
EQ024,2025-09-09 08:00:00,2867.27,2319.91,80.91
EQ024,2025-09-10 08:00:00,2993.68,2677.55,89.44
EQ024,2025-09-11 08:00:00,2257.04,1933.38,85.66
EQ024,2025-09-12 08:00:00,4914.68,4454.67,90.64
EQ024,2025-09-13 08:00:00,1641.43,1561.16,95.11
EQ024,2025-09-14 08:00:00,2051.61,1854.45,90.39
EQ024,2025-09-15 08:00:00,3798.23,3277.11,86.28
EQ024,2025-09-16 08:00:00,3808.34,3280.12,86.13
EQ024,2025-09-17 08:00:00,1996.33,1865.97,93.47
EQ024,2025-09-18 08:00:00,4160.79,3781.33,90.88
EQ024,2025-09-19 08:00:00,1287.9,1165.03,90.46
EQ024,2025-09-20 08:00:00,3629.25,3141.12,86.55
EQ024,2025-09-21 08:00:00,3342.81,3017.22,90.26
EQ024,2025-09-22 08:00:00,3992.86,3547.26,88.84
EQ024,2025-09-23 08:00:00,2559.56,2293.62,89.61
EQ024,2025-09-24 08:00:00,1397.61,1267.77,90.71
EQ024,2025-09-25 08:00:00,688.58,641.41,93.15
EQ024,2025-09-26 08:00:00,4951.05,4375.74,88.38
EQ024,2025-09-27 08:00:00,2943.64,2641.62,89.74
EQ024,2025-09-28 08:00:00,1359.97,1290.2,94.87
EQ024,2025-09-29 08:00:00,2106.38,1917.02,91.01
EQ024,2025-09-30 08:00:00,1993.66,1673.68,83.95
EQ025,2025-09-01 08:00:00,2156.09,1658.25,76.91
EQ025,2025-09-02 08:00:00,4525.87,3165.85,69.95
EQ025,2025-09-03 08:00:00,2239.9,1715.32,76.58
EQ025,2025-09-04 08:00:00,2738.86,1986.5,72.53
EQ025,2025-09-05 08:00:00,4659.4,3157.21,67.76
EQ025,2025-09-06 08:00:00,3771.87,2733.1,72.46
EQ025,2025-09-07 08:00:00,855.17,587.07,68.65
EQ025,2025-09-08 08:00:00,2954.63,2061.15,69.76
EQ025,2025-09-09 08:00:00,1945.45,1497.61,76.98
EQ025,2025-09-10 08:00:00,1879.23,1413.93,75.24
EQ025,2025-09-11 08:00:00,3211.8,2216.46,69.01
EQ025,2025-09-12 08:00:00,2081.96,1565.01,75.17
EQ025,2025-09-13 08:00:00,690.6,518.16,75.03
EQ025,2025-09-14 08:00:00,4991.68,3547.59,71.07
EQ025,2025-09-15 08:00:00,1735.5,1394.47,80.35
EQ025,2025-09-16 08:00:00,837.69,604.81,72.2
EQ025,2025-09-17 08:00:00,3368.81,2344.35,69.59
EQ025,2025-09-18 08:00:00,3557.35,2745.92,77.19
EQ025,2025-09-19 08:00:00,4787.55,3622.74,75.67
EQ025,2025-09-20 08:00:00,4015.9,3064.93,76.32
EQ025,2025-09-21 08:00:00,656.6,511.23,77.86
EQ025,2025-09-22 08:00:00,2148.48,1616.73,75.25
EQ025,2025-09-23 08:00:00,2222.84,1542.21,69.38
EQ025,2025-09-24 08:00:00,3555.78,2539.89,71.43
EQ025,2025-09-25 08:00:00,4769.71,3318.76,69.58
EQ025,2025-09-26 08:00:00,3082.65,2366.86,76.78
EQ025,2025-09-27 08:00:00,2882.57,2007.13,69.63
EQ025,2025-09-28 08:00:00,1623.25,1228.96,75.71
EQ025,2025-09-29 08:00:00,1010.52,735.56,72.79
EQ025,2025-09-30 08:00:00,2241.44,1560.04,69.6
EQ026,2025-09-01 08:00:00,1678.0,1406.67,83.83
EQ026,2025-09-02 08:00:00,4983.64,4350.72,87.3
EQ026,2025-09-03 08:00:00,1785.1,1554.11,87.06
EQ026,2025-09-04 08:00:00,1051.87,865.58,82.29
EQ026,2025-09-05 08:00:00,4337.72,3379.52,77.91
EQ026,2025-09-06 08:00:00,2503.0,2151.33,85.95
EQ026,2025-09-07 08:00:00,895.06,730.73,81.64
EQ026,2025-09-08 08:00:00,1938.14,1526.67,78.77
EQ026,2025-09-09 08:00:00,2063.41,1805.07,87.48
EQ026,2025-09-10 08:00:00,4510.99,3858.25,85.53
EQ026,2025-09-11 08:00:00,4331.13,3569.28,82.41
EQ026,2025-09-12 08:00:00,3369.65,2607.1,77.37
EQ026,2025-09-13 08:00:00,4071.63,3359.91,82.52
EQ026,2025-09-14 08:00:00,1404.41,1179.14,83.96
EQ026,2025-09-15 08:00:00,1124.95,947.43,84.22
EQ026,2025-09-16 08:00:00,2993.1,2495.35,83.37
EQ026,2025-09-17 08:00:00,2160.1,1842.57,85.3
EQ026,2025-09-18 08:00:00,3253.77,2617.98,80.46
EQ026,2025-09-19 08:00:00,887.97,707.98,79.73
EQ026,2025-09-20 08:00:00,3734.91,3551.53,95.09
EQ026,2025-09-21 08:00:00,2865.63,2427.48,84.71
EQ026,2025-09-22 08:00:00,831.88,653.03,78.5
EQ026,2025-09-23 08:00:00,4875.71,3997.59,81.99
EQ026,2025-09-24 08:00:00,3560.49,2901.09,81.48
EQ026,2025-09-25 08:00:00,2050.32,1800.18,87.8
EQ026,2025-09-26 08:00:00,3379.07,2717.45,80.42
EQ026,2025-09-27 08:00:00,1318.83,1149.49,87.16
EQ026,2025-09-28 08:00:00,4598.21,3833.53,83.37
EQ026,2025-09-29 08:00:00,749.36,638.98,85.27
EQ026,2025-09-30 08:00:00,1240.96,1058.04,85.26
EQ027,2025-09-01 08:00:00,3691.99,2732.81,74.02
EQ027,2025-09-02 08:00:00,4527.17,3800.11,83.94
EQ027,2025-09-03 08:00:00,4306.7,3361.38,78.05
EQ027,2025-09-04 08:00:00,2978.79,2452.44,82.33
EQ027,2025-09-05 08:00:00,1063.27,817.23,76.86
EQ027,2025-09-06 08:00:00,2761.58,2252.62,81.57
EQ027,2025-09-07 08:00:00,1258.86,1003.19,79.69
EQ027,2025-09-08 08:00:00,3464.3,2682.75,77.44
EQ027,2025-09-09 08:00:00,3742.85,2751.37,73.51
EQ027,2025-09-10 08:00:00,3036.28,2262.94,74.53
EQ027,2025-09-11 08:00:00,4213.56,3327.45,78.97
EQ027,2025-09-12 08:00:00,3386.54,2649.29,78.23
EQ027,2025-09-13 08:00:00,3095.47,2324.39,75.09
EQ027,2025-09-14 08:00:00,2374.64,1754.86,73.9
EQ027,2025-09-15 08:00:00,3375.46,2492.78,73.85
EQ027,2025-09-16 08:00:00,1803.52,1408.91,78.12
EQ027,2025-09-17 08:00:00,4804.93,3492.22,72.68
EQ027,2025-09-18 08:00:00,3582.46,2817.6,78.65
EQ027,2025-09-19 08:00:00,1838.45,1452.56,79.01
EQ027,2025-09-20 08:00:00,2478.22,1946.15,78.53
EQ027,2025-09-21 08:00:00,2679.13,2122.67,79.23
EQ027,2025-09-22 08:00:00,1906.62,1563.24,81.99
EQ027,2025-09-23 08:00:00,3732.63,2892.04,77.48
EQ027,2025-09-24 08:00:00,4889.18,3527.05,72.14
EQ027,2025-09-25 08:00:00,1088.45,820.91,75.42
EQ027,2025-09-26 08:00:00,1936.02,1565.66,80.87
EQ027,2025-09-27 08:00:00,2599.13,2022.64,77.82
EQ027,2025-09-28 08:00:00,935.65,751.51,80.32
EQ027,2025-09-29 08:00:00,1805.95,1353.92,74.97
EQ027,2025-09-30 08:00:00,1617.22,1307.2,80.83
EQ028,2025-09-01 08:00:00,1218.65,1094.23,89.79
EQ028,2025-09-02 08:00:00,1907.22,1813.96,95.11
EQ028,2025-09-03 08:00:00,3934.05,3463.14,88.03
EQ028,2025-09-04 08:00:00,2744.42,2515.81,91.67
EQ028,2025-09-05 08:00:00,1888.43,1865.58,98.79
EQ028,2025-09-06 08:00:00,2774.5,2571.41,92.68
EQ028,2025-09-07 08:00:00,4850.09,4473.72,92.24
EQ028,2025-09-08 08:00:00,727.43,686.4,94.36
EQ028,2025-09-09 08:00:00,2727.02,2586.85,94.86
EQ028,2025-09-10 08:00:00,2617.64,2321.58,88.69
EQ028,2025-09-11 08:00:00,2915.11,2724.46,93.46
EQ028,2025-09-12 08:00:00,4471.05,3980.13,89.02
EQ028,2025-09-13 08:00:00,3773.79,3467.36,91.88
EQ028,2025-09-14 08:00:00,2302.62,2044.27,88.78
EQ028,2025-09-15 08:00:00,3066.27,2849.48,92.93
EQ028,2025-09-16 08:00:00,830.89,791.09,95.21
EQ028,2025-09-17 08:00:00,2769.15,2543.46,91.85
EQ028,2025-09-18 08:00:00,4950.91,4416.71,89.21
EQ028,2025-09-19 08:00:00,3561.79,3477.02,97.62
EQ028,2025-09-20 08:00:00,2272.57,2208.26,97.17
EQ028,2025-09-21 08:00:00,4077.04,3582.5,87.87
EQ028,2025-09-22 08:00:00,3897.34,3805.36,97.64
EQ028,2025-09-23 08:00:00,1395.76,1229.8,88.11
EQ028,2025-09-24 08:00:00,703.87,643.55,91.43
EQ028,2025-09-25 08:00:00,1116.66,1004.32,89.94
EQ028,2025-09-26 08:00:00,2556.45,2417.89,94.58
EQ028,2025-09-27 08:00:00,3228.17,2872.1,88.97
EQ028,2025-09-28 08:00:00,3258.81,2977.57,91.37
EQ028,2025-09-29 08:00:00,1231.26,1188.66,96.54
EQ028,2025-09-30 08:00:00,1846.55,1686.64,91.34
EQ029,2025-09-01 08:00:00,4227.3,3119.32,73.79
EQ029,2025-09-02 08:00:00,1849.06,1432.28,77.46
EQ029,2025-09-03 08:00:00,4170.87,3143.58,75.37
EQ029,2025-09-04 08:00:00,4909.54,4011.59,81.71
EQ029,2025-09-05 08:00:00,3126.66,2495.39,79.81
EQ029,2025-09-06 08:00:00,3596.2,2653.64,73.79
EQ029,2025-09-07 08:00:00,619.91,438.09,70.67
EQ029,2025-09-08 08:00:00,4023.07,3204.78,79.66
EQ029,2025-09-09 08:00:00,3992.73,2961.41,74.17
EQ029,2025-09-10 08:00:00,3125.85,2380.65,76.16
EQ029,2025-09-11 08:00:00,1267.3,957.19,75.53
EQ029,2025-09-12 08:00:00,4285.25,3230.65,75.39
EQ029,2025-09-13 08:00:00,1164.99,909.74,78.09
EQ029,2025-09-14 08:00:00,4766.92,3704.85,77.72
EQ029,2025-09-15 08:00:00,994.53,805.47,80.99
EQ029,2025-09-16 08:00:00,1181.44,930.03,78.72
EQ029,2025-09-17 08:00:00,3607.25,2670.45,74.03
EQ029,2025-09-18 08:00:00,4642.34,3768.65,81.18
EQ029,2025-09-19 08:00:00,4427.68,3467.32,78.31
EQ029,2025-09-20 08:00:00,1121.37,867.27,77.34
EQ029,2025-09-21 08:00:00,1433.04,1094.84,76.4
EQ029,2025-09-22 08:00:00,2864.65,2359.04,82.35
EQ029,2025-09-23 08:00:00,1911.89,1557.81,81.48
EQ029,2025-09-24 08:00:00,2040.47,1719.5,84.27
EQ029,2025-09-25 08:00:00,2094.29,1655.96,79.07
EQ029,2025-09-26 08:00:00,3394.89,2500.68,73.66
EQ029,2025-09-27 08:00:00,3619.91,2783.71,76.9
EQ029,2025-09-28 08:00:00,1609.34,1241.77,77.16
EQ029,2025-09-29 08:00:00,3011.39,2399.48,79.68
EQ029,2025-09-30 08:00:00,1839.27,1588.58,86.37
EQ030,2025-09-01 08:00:00,1432.75,1095.91,76.49
EQ030,2025-09-02 08:00:00,2069.61,1546.21,74.71
EQ030,2025-09-03 08:00:00,4701.65,3662.59,77.9
EQ030,2025-09-04 08:00:00,1048.43,785.48,74.92
EQ030,2025-09-05 08:00:00,3544.8,2520.71,71.11
EQ030,2025-09-06 08:00:00,4182.7,3471.22,82.99
EQ030,2025-09-07 08:00:00,4795.74,3743.55,78.06
EQ030,2025-09-08 08:00:00,1794.34,1343.6,74.88
EQ030,2025-09-09 08:00:00,3713.64,2799.34,75.38
EQ030,2025-09-10 08:00:00,1654.0,1321.38,79.89
EQ030,2025-09-11 08:00:00,2655.86,2080.34,78.33
EQ030,2025-09-12 08:00:00,4698.61,3796.01,80.79
EQ030,2025-09-13 08:00:00,3632.77,2903.31,79.92
EQ030,2025-09-14 08:00:00,3140.74,2524.53,80.38
EQ030,2025-09-15 08:00:00,1591.06,1200.3,75.44
EQ030,2025-09-16 08:00:00,3370.75,2494.02,73.99
EQ030,2025-09-17 08:00:00,736.21,538.54,73.15
EQ030,2025-09-18 08:00:00,952.45,759.1,79.7
EQ030,2025-09-19 08:00:00,3968.45,3215.24,81.02
EQ030,2025-09-20 08:00:00,4680.95,3620.71,77.35
EQ030,2025-09-21 08:00:00,2331.08,1932.0,82.88
EQ030,2025-09-22 08:00:00,2648.52,1980.56,74.78
EQ030,2025-09-23 08:00:00,1397.55,1115.24,79.8
EQ030,2025-09-24 08:00:00,3406.54,2610.43,76.63
EQ030,2025-09-25 08:00:00,4585.72,3693.34,80.54
EQ030,2025-09-26 08:00:00,2908.19,2306.49,79.31
EQ030,2025-09-27 08:00:00,3754.03,3128.61,83.34
EQ030,2025-09-28 08:00:00,1287.79,961.34,74.65
EQ030,2025-09-29 08:00:00,4470.1,3587.26,80.25
EQ030,2025-09-30 08:00:00,4987.27,4151.4,83.24
EQ031,2025-09-01 08:00:00,2729.23,2374.43,87.0
EQ031,2025-09-02 08:00:00,4667.18,3591.4,76.95
EQ031,2025-09-03 08:00:00,4445.34,3725.19,83.8
EQ031,2025-09-04 08:00:00,982.85,787.75,80.15
EQ031,2025-09-05 08:00:00,4923.47,3839.32,77.98
EQ031,2025-09-06 08:00:00,2944.85,2612.97,88.73
EQ031,2025-09-07 08:00:00,2722.61,2323.75,85.35
EQ031,2025-09-08 08:00:00,2606.09,2025.45,77.72
EQ031,2025-09-09 08:00:00,1367.65,1111.63,81.28
EQ031,2025-09-10 08:00:00,2565.12,2080.06,81.09
EQ031,2025-09-11 08:00:00,1657.69,1356.65,81.84
EQ031,2025-09-12 08:00:00,4058.45,3426.96,84.44
EQ031,2025-09-13 08:00:00,3055.02,2444.32,80.01
EQ031,2025-09-14 08:00:00,4352.66,3397.69,78.06
EQ031,2025-09-15 08:00:00,4536.69,3701.94,81.6
EQ031,2025-09-16 08:00:00,890.32,683.14,76.73
EQ031,2025-09-17 08:00:00,3511.65,2829.69,80.58
EQ031,2025-09-18 08:00:00,1956.21,1593.14,81.44
EQ031,2025-09-19 08:00:00,1616.21,1289.41,79.78
EQ031,2025-09-20 08:00:00,3891.9,3196.03,82.12
EQ031,2025-09-21 08:00:00,4793.16,3756.88,78.38
EQ031,2025-09-22 08:00:00,551.46,465.87,84.48
EQ031,2025-09-23 08:00:00,3441.58,2737.78,79.55
EQ031,2025-09-24 08:00:00,1032.01,814.46,78.92
EQ031,2025-09-25 08:00:00,1880.63,1447.9,76.99
EQ031,2025-09-26 08:00:00,4528.03,3708.91,81.91
EQ031,2025-09-27 08:00:00,3666.01,2909.35,79.36
EQ031,2025-09-28 08:00:00,4622.59,3759.09,81.32
EQ031,2025-09-29 08:00:00,1827.67,1431.8,78.34
EQ031,2025-09-30 08:00:00,1101.06,864.66,78.53
EQ032,2025-09-01 08:00:00,3864.81,2758.7,71.38
EQ032,2025-09-02 08:00:00,2971.56,2136.85,71.91
EQ032,2025-09-03 08:00:00,2618.73,1820.54,69.52
EQ032,2025-09-04 08:00:00,1482.85,1079.37,72.79
EQ032,2025-09-05 08:00:00,1613.59,1194.22,74.01
EQ032,2025-09-06 08:00:00,868.42,588.27,67.74
EQ032,2025-09-07 08:00:00,2510.37,1844.62,73.48
EQ032,2025-09-08 08:00:00,3038.76,2208.27,72.67
EQ032,2025-09-09 08:00:00,777.91,547.88,70.43
EQ032,2025-09-10 08:00:00,3077.16,2239.56,72.78
EQ032,2025-09-11 08:00:00,1174.34,846.93,72.12
EQ032,2025-09-12 08:00:00,1023.08,788.18,77.04
EQ032,2025-09-13 08:00:00,1424.31,1035.33,72.69
EQ032,2025-09-14 08:00:00,2796.69,2046.62,73.18
EQ032,2025-09-15 08:00:00,4139.11,2913.11,70.38
EQ032,2025-09-16 08:00:00,2555.59,1913.37,74.87
EQ032,2025-09-17 08:00:00,759.82,520.78,68.54
EQ032,2025-09-18 08:00:00,3754.76,2819.82,75.1
EQ032,2025-09-19 08:00:00,2281.77,1730.49,75.84
EQ032,2025-09-20 08:00:00,3102.4,2149.65,69.29
EQ032,2025-09-21 08:00:00,703.8,515.32,73.22
EQ032,2025-09-22 08:00:00,4973.56,3716.74,74.73
EQ032,2025-09-23 08:00:00,4705.62,3772.5,80.17
EQ032,2025-09-24 08:00:00,642.81,493.49,76.77
EQ032,2025-09-25 08:00:00,2339.9,1741.82,74.44
EQ032,2025-09-26 08:00:00,4902.5,3370.47,68.75
EQ032,2025-09-27 08:00:00,3406.46,2232.93,65.55
EQ032,2025-09-28 08:00:00,2221.16,1740.28,78.35
EQ032,2025-09-29 08:00:00,4413.29,3365.57,76.26
EQ032,2025-09-30 08:00:00,3572.29,2579.91,72.22
EQ033,2025-09-01 08:00:00,2926.85,2486.65,84.96
EQ033,2025-09-02 08:00:00,1303.13,1098.15,84.27
EQ033,2025-09-03 08:00:00,2917.66,2386.06,81.78
EQ033,2025-09-04 08:00:00,1502.11,1286.86,85.67
EQ033,2025-09-05 08:00:00,515.63,459.12,89.04
EQ033,2025-09-06 08:00:00,3530.75,3068.22,86.9
EQ033,2025-09-07 08:00:00,2950.0,2391.56,81.07
EQ033,2025-09-08 08:00:00,1613.8,1378.67,85.43
EQ033,2025-09-09 08:00:00,2057.72,1757.5,85.41
EQ033,2025-09-10 08:00:00,3762.61,3518.79,93.52
EQ033,2025-09-11 08:00:00,1007.8,883.74,87.69
EQ033,2025-09-12 08:00:00,3947.24,3301.08,83.63
EQ033,2025-09-13 08:00:00,4476.9,3965.19,88.57
EQ033,2025-09-14 08:00:00,954.04,827.53,86.74
EQ033,2025-09-15 08:00:00,651.09,538.58,82.72
EQ033,2025-09-16 08:00:00,719.04,602.92,83.85
EQ033,2025-09-17 08:00:00,3832.43,3247.98,84.75
EQ033,2025-09-18 08:00:00,1477.71,1297.58,87.81
EQ033,2025-09-19 08:00:00,4386.79,3942.85,89.88
EQ033,2025-09-20 08:00:00,1801.69,1581.52,87.78
EQ033,2025-09-21 08:00:00,4171.04,3597.1,86.24
EQ033,2025-09-22 08:00:00,3190.63,2677.9,83.93
EQ033,2025-09-23 08:00:00,3526.39,3013.3,85.45
EQ033,2025-09-24 08:00:00,1144.67,1016.92,88.84
EQ033,2025-09-25 08:00:00,3470.96,3019.74,87.0
EQ033,2025-09-26 08:00:00,774.31,689.45,89.04
EQ033,2025-09-27 08:00:00,4768.34,4355.88,91.35
EQ033,2025-09-28 08:00:00,3316.97,2720.25,82.01
EQ033,2025-09-29 08:00:00,2422.4,1901.83,78.51
EQ033,2025-09-30 08:00:00,4737.14,4110.42,86.77
EQ034,2025-09-01 08:00:00,4036.12,3450.08,85.48
EQ034,2025-09-02 08:00:00,1171.48,1049.76,89.61
EQ034,2025-09-03 08:00:00,2194.07,1906.21,86.88
EQ034,2025-09-04 08:00:00,4322.03,3604.14,83.39
EQ034,2025-09-05 08:00:00,1853.31,1581.8,85.35
EQ034,2025-09-06 08:00:00,4616.34,3764.16,81.54
EQ034,2025-09-07 08:00:00,3030.74,2744.03,90.54
EQ034,2025-09-08 08:00:00,1103.42,949.05,86.01
EQ034,2025-09-09 08:00:00,1592.86,1402.19,88.03
EQ034,2025-09-10 08:00:00,4650.02,4228.26,90.93
EQ034,2025-09-11 08:00:00,4312.1,3915.82,90.81
EQ034,2025-09-12 08:00:00,1357.17,1213.72,89.43
EQ034,2025-09-13 08:00:00,1708.08,1450.16,84.9
EQ034,2025-09-14 08:00:00,4431.29,3685.5,83.17
EQ034,2025-09-15 08:00:00,1346.73,1173.54,87.14
EQ034,2025-09-16 08:00:00,3014.83,2471.56,81.98
EQ034,2025-09-17 08:00:00,2657.27,2355.14,88.63
EQ034,2025-09-18 08:00:00,4806.59,4076.47,84.81
EQ034,2025-09-19 08:00:00,569.0,534.12,93.87
EQ034,2025-09-20 08:00:00,1027.92,861.71,83.83
EQ034,2025-09-21 08:00:00,4998.07,4226.87,84.57
EQ034,2025-09-22 08:00:00,3219.81,2803.81,87.08
EQ034,2025-09-23 08:00:00,1420.31,1279.13,90.06
EQ034,2025-09-24 08:00:00,3989.81,3385.35,84.85
EQ034,2025-09-25 08:00:00,2212.98,1859.35,84.02
EQ034,2025-09-26 08:00:00,1677.03,1445.43,86.19
EQ034,2025-09-27 08:00:00,2807.67,2398.31,85.42
EQ034,2025-09-28 08:00:00,4915.93,4267.52,86.81
EQ034,2025-09-29 08:00:00,2612.71,2360.32,90.34
EQ034,2025-09-30 08:00:00,2168.17,1759.69,81.16
EQ035,2025-09-01 08:00:00,3031.36,2444.79,80.65
EQ035,2025-09-02 08:00:00,1673.48,1372.42,82.01
EQ035,2025-09-03 08:00:00,4706.41,3652.64,77.61
EQ035,2025-09-04 08:00:00,1185.85,935.16,78.86
EQ035,2025-09-05 08:00:00,1984.39,1512.3,76.21
EQ035,2025-09-06 08:00:00,2746.86,2313.95,84.24
EQ035,2025-09-07 08:00:00,3445.74,2736.95,79.43
EQ035,2025-09-08 08:00:00,4197.16,3283.44,78.23
EQ035,2025-09-09 08:00:00,4849.29,3790.21,78.16
EQ035,2025-09-10 08:00:00,1257.05,975.97,77.64
EQ035,2025-09-11 08:00:00,4077.39,3370.78,82.67
EQ035,2025-09-12 08:00:00,2697.42,2280.13,84.53
EQ035,2025-09-13 08:00:00,4626.05,3525.05,76.2
EQ035,2025-09-14 08:00:00,764.29,605.47,79.22
EQ035,2025-09-15 08:00:00,652.21,550.99,84.48
EQ035,2025-09-16 08:00:00,3506.97,2609.54,74.41
EQ035,2025-09-17 08:00:00,3939.52,2971.58,75.43
EQ035,2025-09-18 08:00:00,1541.45,1285.11,83.37
EQ035,2025-09-19 08:00:00,3682.26,3089.42,83.9
EQ035,2025-09-20 08:00:00,2179.4,1755.51,80.55
EQ035,2025-09-21 08:00:00,3280.26,2567.46,78.27
EQ035,2025-09-22 08:00:00,2674.42,2052.62,76.75
EQ035,2025-09-23 08:00:00,2695.34,2267.86,84.14
EQ035,2025-09-24 08:00:00,553.33,445.49,80.51
EQ035,2025-09-25 08:00:00,2882.38,2279.1,79.07
EQ035,2025-09-26 08:00:00,577.14,510.83,88.51
EQ035,2025-09-27 08:00:00,4159.21,3237.94,77.85
EQ035,2025-09-28 08:00:00,4593.98,3469.37,75.52
EQ035,2025-09-29 08:00:00,981.57,802.43,81.75
EQ035,2025-09-30 08:00:00,1363.69,1108.95,81.32
EQ036,2025-09-01 08:00:00,4168.46,3452.74,82.83
EQ036,2025-09-02 08:00:00,2178.73,1877.19,86.16
EQ036,2025-09-03 08:00:00,2327.12,1740.22,74.78
EQ036,2025-09-04 08:00:00,1516.36,1206.11,79.54
EQ036,2025-09-05 08:00:00,3578.19,3065.79,85.68
EQ036,2025-09-06 08:00:00,4361.99,3471.71,79.59
EQ036,2025-09-07 08:00:00,3918.14,3353.93,85.6
EQ036,2025-09-08 08:00:00,2987.16,2532.81,84.79
EQ036,2025-09-09 08:00:00,752.52,639.64,85.0
EQ036,2025-09-10 08:00:00,2749.36,2289.39,83.27
EQ036,2025-09-11 08:00:00,2452.59,2059.93,83.99
EQ036,2025-09-12 08:00:00,4360.82,3461.62,79.38
EQ036,2025-09-13 08:00:00,929.13,764.58,82.29
EQ036,2025-09-14 08:00:00,1451.38,1204.79,83.01
EQ036,2025-09-15 08:00:00,4406.53,3778.6,85.75
EQ036,2025-09-16 08:00:00,709.53,574.36,80.95
EQ036,2025-09-17 08:00:00,834.57,741.93,88.9
EQ036,2025-09-18 08:00:00,3035.79,2436.53,80.26
EQ036,2025-09-19 08:00:00,648.06,554.16,85.51
EQ036,2025-09-20 08:00:00,4826.61,3959.27,82.03
EQ036,2025-09-21 08:00:00,3141.66,2614.8,83.23
EQ036,2025-09-22 08:00:00,2292.33,1797.65,78.42
EQ036,2025-09-23 08:00:00,846.22,713.53,84.32
EQ036,2025-09-24 08:00:00,4255.93,3620.09,85.06
EQ036,2025-09-25 08:00:00,2251.2,1920.5,85.31
EQ036,2025-09-26 08:00:00,3900.24,3179.87,81.53
EQ036,2025-09-27 08:00:00,1129.78,993.75,87.96
EQ036,2025-09-28 08:00:00,2753.57,2280.23,82.81
EQ036,2025-09-29 08:00:00,4884.45,4210.4,86.2
EQ036,2025-09-30 08:00:00,4274.04,3600.02,84.23
EQ037,2025-09-01 08:00:00,3960.53,3224.27,81.41
EQ037,2025-09-02 08:00:00,3981.0,3092.04,77.67
EQ037,2025-09-03 08:00:00,633.32,488.54,77.14
EQ037,2025-09-04 08:00:00,2707.72,2377.65,87.81
EQ037,2025-09-05 08:00:00,2101.15,1712.23,81.49
EQ037,2025-09-06 08:00:00,3558.63,2752.96,77.36
EQ037,2025-09-07 08:00:00,3473.02,2851.0,82.09
EQ037,2025-09-08 08:00:00,4091.25,3299.59,80.65
EQ037,2025-09-09 08:00:00,3708.99,2968.3,80.03
EQ037,2025-09-10 08:00:00,3702.55,2938.71,79.37
EQ037,2025-09-11 08:00:00,3352.55,2626.39,78.34
EQ037,2025-09-12 08:00:00,979.48,743.43,75.9
EQ037,2025-09-13 08:00:00,523.38,405.62,77.5
EQ037,2025-09-14 08:00:00,1713.95,1391.04,81.16
EQ037,2025-09-15 08:00:00,1096.28,874.5,79.77
EQ037,2025-09-16 08:00:00,2996.33,2443.21,81.54
EQ037,2025-09-17 08:00:00,2336.2,1898.86,81.28
EQ037,2025-09-18 08:00:00,918.79,725.66,78.98
EQ037,2025-09-19 08:00:00,3191.2,2462.97,77.18
EQ037,2025-09-20 08:00:00,1813.31,1471.68,81.16
EQ037,2025-09-21 08:00:00,2245.1,1887.68,84.08
EQ037,2025-09-22 08:00:00,4573.43,3740.61,81.79
EQ037,2025-09-23 08:00:00,4901.78,3768.0,76.87
EQ037,2025-09-24 08:00:00,2213.29,1720.17,77.72
EQ037,2025-09-25 08:00:00,1124.78,870.69,77.41
EQ037,2025-09-26 08:00:00,784.7,642.12,81.83
EQ037,2025-09-27 08:00:00,2456.04,1853.82,75.48
EQ037,2025-09-28 08:00:00,846.15,678.27,80.16
EQ037,2025-09-29 08:00:00,1632.65,1283.26,78.6
EQ037,2025-09-30 08:00:00,3172.13,2623.99,82.72
EQ038,2025-09-01 08:00:00,981.38,710.81,72.43
EQ038,2025-09-02 08:00:00,1994.98,1631.49,81.78
EQ038,2025-09-03 08:00:00,3290.86,2493.81,75.78
EQ038,2025-09-04 08:00:00,2006.31,1451.77,72.36
EQ038,2025-09-05 08:00:00,4169.64,3337.38,80.04
EQ038,2025-09-06 08:00:00,1112.56,763.44,68.62
EQ038,2025-09-07 08:00:00,1942.99,1492.02,76.79
EQ038,2025-09-08 08:00:00,1913.82,1420.82,74.24
EQ038,2025-09-09 08:00:00,4840.59,3743.23,77.33
EQ038,2025-09-10 08:00:00,3627.31,2698.72,74.4
EQ038,2025-09-11 08:00:00,2709.53,1975.25,72.9
EQ038,2025-09-12 08:00:00,2192.25,1619.2,73.86
EQ038,2025-09-13 08:00:00,4174.23,3077.66,73.73
EQ038,2025-09-14 08:00:00,3037.33,2302.6,75.81
EQ038,2025-09-15 08:00:00,3165.02,2232.29,70.53
EQ038,2025-09-16 08:00:00,2975.45,2190.23,73.61
EQ038,2025-09-17 08:00:00,4788.52,3367.29,70.32
EQ038,2025-09-18 08:00:00,2473.05,1879.77,76.01
EQ038,2025-09-19 08:00:00,1810.99,1320.94,72.94
EQ038,2025-09-20 08:00:00,4080.46,2844.08,69.7
EQ038,2025-09-21 08:00:00,2341.14,1653.78,70.64
EQ038,2025-09-22 08:00:00,1589.1,1190.39,74.91
EQ038,2025-09-23 08:00:00,3463.98,2554.34,73.74
EQ038,2025-09-24 08:00:00,832.84,580.66,69.72
EQ038,2025-09-25 08:00:00,4958.15,3563.92,71.88
EQ038,2025-09-26 08:00:00,2779.76,2092.6,75.28
EQ038,2025-09-27 08:00:00,4641.76,3413.55,73.54
EQ038,2025-09-28 08:00:00,4058.24,2896.77,71.38
EQ038,2025-09-29 08:00:00,2117.88,1648.56,77.84
EQ038,2025-09-30 08:00:00,3371.81,2448.61,72.62
EQ039,2025-09-01 08:00:00,3960.29,2795.17,70.58
EQ039,2025-09-02 08:00:00,3411.5,2380.54,69.78
EQ039,2025-09-03 08:00:00,699.34,535.76,76.61
EQ039,2025-09-04 08:00:00,2298.28,1646.95,71.66
EQ039,2025-09-05 08:00:00,3887.07,2924.24,75.23
EQ039,2025-09-06 08:00:00,547.46,391.11,71.44
EQ039,2025-09-07 08:00:00,1664.32,1140.06,68.5
EQ039,2025-09-08 08:00:00,3112.33,2237.14,71.88
EQ039,2025-09-09 08:00:00,3088.56,2140.68,69.31
EQ039,2025-09-10 08:00:00,3975.54,2906.91,73.12
EQ039,2025-09-11 08:00:00,3148.65,2183.9,69.36
EQ039,2025-09-12 08:00:00,610.53,440.31,72.12
EQ039,2025-09-13 08:00:00,970.47,635.66,65.5
EQ039,2025-09-14 08:00:00,1022.31,776.85,75.99
EQ039,2025-09-15 08:00:00,4733.04,3491.09,73.76
EQ039,2025-09-16 08:00:00,2549.0,1889.83,74.14
EQ039,2025-09-17 08:00:00,1430.9,983.46,68.73
EQ039,2025-09-18 08:00:00,2471.75,1791.77,72.49
EQ039,2025-09-19 08:00:00,3635.43,2583.34,71.06
EQ039,2025-09-20 08:00:00,4145.84,3085.75,74.43
EQ039,2025-09-21 08:00:00,1017.88,759.85,74.65
EQ039,2025-09-22 08:00:00,3547.13,2433.33,68.6
EQ039,2025-09-23 08:00:00,1239.59,921.76,74.36
EQ039,2025-09-24 08:00:00,1285.04,923.94,71.9
EQ039,2025-09-25 08:00:00,1220.61,794.5,65.09
EQ039,2025-09-26 08:00:00,1543.35,1070.31,69.35
EQ039,2025-09-27 08:00:00,2322.71,1715.09,73.84
EQ039,2025-09-28 08:00:00,2444.61,1859.37,76.06
EQ039,2025-09-29 08:00:00,631.37,445.94,70.63
EQ039,2025-09-30 08:00:00,3164.91,2241.39,70.82
EQ040,2025-09-01 08:00:00,3671.31,2977.43,81.1
EQ040,2025-09-02 08:00:00,4139.28,3499.35,84.54
EQ040,2025-09-03 08:00:00,781.54,661.18,84.6
EQ040,2025-09-04 08:00:00,1341.32,1117.99,83.35
EQ040,2025-09-05 08:00:00,1966.93,1523.58,77.46
EQ040,2025-09-06 08:00:00,4381.86,3520.39,80.34
EQ040,2025-09-07 08:00:00,2874.72,2217.27,77.13
EQ040,2025-09-08 08:00:00,3250.89,2490.83,76.62
EQ040,2025-09-09 08:00:00,3141.52,2399.18,76.37
EQ040,2025-09-10 08:00:00,3278.13,2768.71,84.46
EQ040,2025-09-11 08:00:00,4161.82,3289.09,79.03
EQ040,2025-09-12 08:00:00,3265.18,2523.98,77.3
EQ040,2025-09-13 08:00:00,881.38,711.45,80.72
EQ040,2025-09-14 08:00:00,1874.21,1515.11,80.84
EQ040,2025-09-15 08:00:00,1323.7,1038.71,78.47
EQ040,2025-09-16 08:00:00,2382.08,1818.96,76.36
EQ040,2025-09-17 08:00:00,1120.4,877.16,78.29
EQ040,2025-09-18 08:00:00,3359.76,2721.41,81.0
EQ040,2025-09-19 08:00:00,3620.45,2601.29,71.85
EQ040,2025-09-20 08:00:00,2997.11,2084.19,69.54
EQ040,2025-09-21 08:00:00,2703.39,2200.02,81.38
EQ040,2025-09-22 08:00:00,2529.5,2067.36,81.73
EQ040,2025-09-23 08:00:00,741.25,589.0,79.46
EQ040,2025-09-24 08:00:00,1114.41,891.97,80.04
EQ040,2025-09-25 08:00:00,4168.47,3467.75,83.19
EQ040,2025-09-26 08:00:00,2727.36,2152.43,78.92
EQ040,2025-09-27 08:00:00,3581.14,2677.62,74.77
EQ040,2025-09-28 08:00:00,2699.15,2230.04,82.62
EQ040,2025-09-29 08:00:00,872.02,738.6,84.7
EQ040,2025-09-30 08:00:00,1814.4,1464.22,80.7
EQ041,2025-09-01 08:00:00,2919.24,2291.6,78.5
EQ041,2025-09-02 08:00:00,3841.33,3063.84,79.76
EQ041,2025-09-03 08:00:00,3946.64,2978.53,75.47
EQ041,2025-09-04 08:00:00,1013.93,774.85,76.42
EQ041,2025-09-05 08:00:00,3988.01,3116.63,78.15
EQ041,2025-09-06 08:00:00,4201.75,3121.9,74.3
EQ041,2025-09-07 08:00:00,687.25,523.27,76.14
EQ041,2025-09-08 08:00:00,4953.99,3624.83,73.17
EQ041,2025-09-09 08:00:00,960.87,761.78,79.28
EQ041,2025-09-10 08:00:00,1839.69,1333.59,72.49
EQ041,2025-09-11 08:00:00,4996.91,3709.21,74.23
EQ041,2025-09-12 08:00:00,4175.28,3245.45,77.73
EQ041,2025-09-13 08:00:00,2475.81,2031.4,82.05
EQ041,2025-09-14 08:00:00,1566.26,1200.85,76.67
EQ041,2025-09-15 08:00:00,4148.16,3090.38,74.5
EQ041,2025-09-16 08:00:00,3698.39,2788.96,75.41
EQ041,2025-09-17 08:00:00,3347.47,2600.98,77.7
EQ041,2025-09-18 08:00:00,1429.79,1119.38,78.29
EQ041,2025-09-19 08:00:00,1431.24,1137.41,79.47
EQ041,2025-09-20 08:00:00,1764.88,1374.67,77.89
EQ041,2025-09-21 08:00:00,2924.46,2186.91,74.78
EQ041,2025-09-22 08:00:00,1802.0,1460.7,81.06
EQ041,2025-09-23 08:00:00,1703.04,1402.45,82.35
EQ041,2025-09-24 08:00:00,3556.85,2492.64,70.08
EQ041,2025-09-25 08:00:00,928.51,761.29,81.99
EQ041,2025-09-26 08:00:00,4634.46,3505.97,75.65
EQ041,2025-09-27 08:00:00,4966.19,3869.66,77.92
EQ041,2025-09-28 08:00:00,4397.35,3329.23,75.71
EQ041,2025-09-29 08:00:00,1623.55,1226.1,75.52
EQ041,2025-09-30 08:00:00,3926.63,2803.61,71.4
EQ042,2025-09-01 08:00:00,2702.56,2292.04,84.81
EQ042,2025-09-02 08:00:00,2364.01,2028.32,85.8
EQ042,2025-09-03 08:00:00,2533.96,2097.61,82.78
EQ042,2025-09-04 08:00:00,918.93,756.37,82.31
EQ042,2025-09-05 08:00:00,2820.26,2415.83,85.66
EQ042,2025-09-06 08:00:00,2160.82,2027.71,93.84
EQ042,2025-09-07 08:00:00,4776.14,4146.17,86.81
EQ042,2025-09-08 08:00:00,3983.61,3469.33,87.09
EQ042,2025-09-09 08:00:00,3797.26,3285.01,86.51
EQ042,2025-09-10 08:00:00,3488.65,2916.86,83.61
EQ042,2025-09-11 08:00:00,2112.0,1907.77,90.33
EQ042,2025-09-12 08:00:00,1480.23,1307.64,88.34
EQ042,2025-09-13 08:00:00,2433.39,2128.49,87.47
EQ042,2025-09-14 08:00:00,4227.55,3771.4,89.21
EQ042,2025-09-15 08:00:00,2019.9,1686.21,83.48
EQ042,2025-09-16 08:00:00,2684.02,2283.56,85.08
EQ042,2025-09-17 08:00:00,2046.83,1770.92,86.52
EQ042,2025-09-18 08:00:00,948.09,815.74,86.04
EQ042,2025-09-19 08:00:00,4027.5,3439.89,85.41
EQ042,2025-09-20 08:00:00,4359.43,3805.35,87.29
EQ042,2025-09-21 08:00:00,2485.79,2348.08,94.46
EQ042,2025-09-22 08:00:00,1410.43,1226.23,86.94
EQ042,2025-09-23 08:00:00,3598.66,3233.04,89.84
EQ042,2025-09-24 08:00:00,1215.4,1095.2,90.11
EQ042,2025-09-25 08:00:00,4697.27,4051.4,86.25
EQ042,2025-09-26 08:00:00,1626.75,1484.08,91.23
EQ042,2025-09-27 08:00:00,2173.3,1920.98,88.39
EQ042,2025-09-28 08:00:00,2283.54,1961.1,85.88
EQ042,2025-09-29 08:00:00,1874.79,1616.44,86.22
EQ042,2025-09-30 08:00:00,3449.68,2926.02,84.82
EQ043,2025-09-01 08:00:00,504.89,434.26,86.01
EQ043,2025-09-02 08:00:00,1517.86,1332.98,87.82
EQ043,2025-09-03 08:00:00,3559.92,3282.6,92.21
EQ043,2025-09-04 08:00:00,4176.99,3669.9,87.86
EQ043,2025-09-05 08:00:00,4946.7,4263.07,86.18
EQ043,2025-09-06 08:00:00,818.73,723.27,88.34
EQ043,2025-09-07 08:00:00,2223.81,1944.05,87.42
EQ043,2025-09-08 08:00:00,1910.08,1646.68,86.21
EQ043,2025-09-09 08:00:00,4464.45,4060.86,90.96
EQ043,2025-09-10 08:00:00,3889.21,3559.4,91.52
EQ043,2025-09-11 08:00:00,1099.16,981.11,89.26
EQ043,2025-09-12 08:00:00,2887.29,2526.96,87.52
EQ043,2025-09-13 08:00:00,538.14,461.13,85.69
EQ043,2025-09-14 08:00:00,3750.94,3187.55,84.98
EQ043,2025-09-15 08:00:00,3326.36,2973.43,89.39
EQ043,2025-09-16 08:00:00,3589.55,3234.54,90.11
EQ043,2025-09-17 08:00:00,4369.83,3879.1,88.77
EQ043,2025-09-18 08:00:00,3886.01,3431.74,88.31
EQ043,2025-09-19 08:00:00,3153.08,2580.48,81.84
EQ043,2025-09-20 08:00:00,1915.27,1776.03,92.73
EQ043,2025-09-21 08:00:00,1129.24,986.73,87.38
EQ043,2025-09-22 08:00:00,2990.28,2656.27,88.83
EQ043,2025-09-23 08:00:00,3200.04,2672.99,83.53
EQ043,2025-09-24 08:00:00,3607.14,3041.9,84.33
EQ043,2025-09-25 08:00:00,4315.51,3720.4,86.21
EQ043,2025-09-26 08:00:00,2829.87,2418.41,85.46
EQ043,2025-09-27 08:00:00,2792.85,2445.42,87.56
EQ043,2025-09-28 08:00:00,745.56,634.32,85.08
EQ043,2025-09-29 08:00:00,4540.61,4130.14,90.96
EQ043,2025-09-30 08:00:00,1007.35,872.47,86.61
EQ044,2025-09-01 08:00:00,3172.68,2358.89,74.35
EQ044,2025-09-02 08:00:00,4940.97,4003.67,81.03
EQ044,2025-09-03 08:00:00,4702.66,4068.27,86.51
EQ044,2025-09-04 08:00:00,3057.71,2656.54,86.88
EQ044,2025-09-05 08:00:00,2144.36,1724.28,80.41
EQ044,2025-09-06 08:00:00,4795.04,3732.94,77.85
EQ044,2025-09-07 08:00:00,3966.65,3316.52,83.61
EQ044,2025-09-08 08:00:00,1679.83,1387.71,82.61
EQ044,2025-09-09 08:00:00,679.22,593.71,87.41
EQ044,2025-09-10 08:00:00,2779.75,2347.5,84.45
EQ044,2025-09-11 08:00:00,3328.57,2642.22,79.38
EQ044,2025-09-12 08:00:00,3658.15,3016.88,82.47
EQ044,2025-09-13 08:00:00,870.93,683.24,78.45
EQ044,2025-09-14 08:00:00,1748.6,1425.81,81.54
EQ044,2025-09-15 08:00:00,1894.58,1524.57,80.47
EQ044,2025-09-16 08:00:00,4136.27,3406.22,82.35
EQ044,2025-09-17 08:00:00,2913.76,2307.7,79.2
EQ044,2025-09-18 08:00:00,4255.37,3625.15,85.19
EQ044,2025-09-19 08:00:00,3564.75,3092.06,86.74
EQ044,2025-09-20 08:00:00,3784.81,3192.87,84.36
EQ044,2025-09-21 08:00:00,4309.11,3605.86,83.68
EQ044,2025-09-22 08:00:00,2455.18,2036.33,82.94
EQ044,2025-09-23 08:00:00,2540.17,2044.58,80.49
EQ044,2025-09-24 08:00:00,3837.62,3103.1,80.86
EQ044,2025-09-25 08:00:00,3832.96,3293.66,85.93
EQ044,2025-09-26 08:00:00,3656.75,3133.83,85.7
EQ044,2025-09-27 08:00:00,1237.25,1063.79,85.98
EQ044,2025-09-28 08:00:00,4023.44,3276.29,81.43
EQ044,2025-09-29 08:00:00,3743.44,3117.16,83.27
EQ044,2025-09-30 08:00:00,4015.06,3366.23,83.84
EQ045,2025-09-01 08:00:00,4488.87,3448.35,76.82
EQ045,2025-09-02 08:00:00,4131.99,3139.9,75.99
EQ045,2025-09-03 08:00:00,1723.91,1397.75,81.08
EQ045,2025-09-04 08:00:00,3094.93,2431.69,78.57
EQ045,2025-09-05 08:00:00,846.82,626.65,74.0
EQ045,2025-09-06 08:00:00,2748.25,2130.17,77.51
EQ045,2025-09-07 08:00:00,3050.99,2293.43,75.17
EQ045,2025-09-08 08:00:00,963.07,755.24,78.42
EQ045,2025-09-09 08:00:00,3082.61,2353.57,76.35
EQ045,2025-09-10 08:00:00,2789.71,2080.84,74.59
EQ045,2025-09-11 08:00:00,698.17,545.83,78.18
EQ045,2025-09-12 08:00:00,2622.94,1967.47,75.01
EQ045,2025-09-13 08:00:00,2223.41,1796.52,80.8
EQ045,2025-09-14 08:00:00,4358.68,3588.94,82.34
EQ045,2025-09-15 08:00:00,2987.89,2418.4,80.94
EQ045,2025-09-16 08:00:00,2387.16,1770.8,74.18
EQ045,2025-09-17 08:00:00,1948.11,1413.94,72.58
EQ045,2025-09-18 08:00:00,1720.66,1361.39,79.12
EQ045,2025-09-19 08:00:00,850.49,631.49,74.25
EQ045,2025-09-20 08:00:00,4558.73,3613.25,79.26
EQ045,2025-09-21 08:00:00,1307.05,1039.76,79.55
EQ045,2025-09-22 08:00:00,4793.36,3294.96,68.74
EQ045,2025-09-23 08:00:00,810.17,602.2,74.33
EQ045,2025-09-24 08:00:00,4301.81,3323.15,77.25
EQ045,2025-09-25 08:00:00,1972.85,1506.47,76.36
EQ045,2025-09-26 08:00:00,1403.02,1074.57,76.59
EQ045,2025-09-27 08:00:00,3037.13,2287.87,75.33
EQ045,2025-09-28 08:00:00,2587.67,2087.47,80.67
EQ045,2025-09-29 08:00:00,3162.61,2263.16,71.56
EQ045,2025-09-30 08:00:00,1379.4,1061.17,76.93
EQ046,2025-09-01 08:00:00,3922.17,3628.79,92.52
EQ046,2025-09-02 08:00:00,2345.16,2177.48,92.85
EQ046,2025-09-03 08:00:00,1548.49,1381.87,89.24
EQ046,2025-09-04 08:00:00,4447.39,4324.2,97.23
EQ046,2025-09-05 08:00:00,4779.46,4631.3,96.9
EQ046,2025-09-06 08:00:00,4320.53,3998.65,92.55
EQ046,2025-09-07 08:00:00,3772.47,3600.45,95.44
EQ046,2025-09-08 08:00:00,1571.75,1489.23,94.75
EQ046,2025-09-09 08:00:00,2714.13,2686.99,99
EQ046,2025-09-10 08:00:00,3702.44,3563.97,96.26
EQ046,2025-09-11 08:00:00,918.62,901.53,98.14
EQ046,2025-09-12 08:00:00,2838.92,2539.98,89.47
EQ046,2025-09-13 08:00:00,3653.81,3173.33,86.85
EQ046,2025-09-14 08:00:00,882.06,867.51,98.35
EQ046,2025-09-15 08:00:00,930.1,894.94,96.22
EQ046,2025-09-16 08:00:00,836.74,808.63,96.64
EQ046,2025-09-17 08:00:00,3055.19,2609.44,85.41
EQ046,2025-09-18 08:00:00,1565.47,1496.43,95.59
EQ046,2025-09-19 08:00:00,1674.46,1513.21,90.37
EQ046,2025-09-20 08:00:00,3653.27,3560.48,97.46
EQ046,2025-09-21 08:00:00,3809.09,3486.08,91.52
EQ046,2025-09-22 08:00:00,836.09,791.69,94.69
EQ046,2025-09-23 08:00:00,1412.21,1316.89,93.25
EQ046,2025-09-24 08:00:00,1199.35,1062.62,88.6
EQ046,2025-09-25 08:00:00,1239.69,1109.77,89.52
EQ046,2025-09-26 08:00:00,2911.66,2712.5,93.16
EQ046,2025-09-27 08:00:00,4840.86,4511.2,93.19
EQ046,2025-09-28 08:00:00,1692.54,1607.91,95.0
EQ046,2025-09-29 08:00:00,1039.61,987.84,95.02
EQ046,2025-09-30 08:00:00,4218.74,4063.91,96.33
EQ047,2025-09-01 08:00:00,681.48,605.15,88.8
EQ047,2025-09-02 08:00:00,910.46,775.07,85.13
EQ047,2025-09-03 08:00:00,1616.98,1377.67,85.2
EQ047,2025-09-04 08:00:00,3547.33,3201.82,90.26
EQ047,2025-09-05 08:00:00,1670.75,1473.1,88.17
EQ047,2025-09-06 08:00:00,2319.77,2027.02,87.38
EQ047,2025-09-07 08:00:00,2534.91,2215.26,87.39
EQ047,2025-09-08 08:00:00,2579.19,2196.18,85.15
EQ047,2025-09-09 08:00:00,4117.54,3611.91,87.72
EQ047,2025-09-10 08:00:00,4236.68,3718.96,87.78
EQ047,2025-09-11 08:00:00,4921.55,4489.93,91.23
EQ047,2025-09-12 08:00:00,2175.08,1990.42,91.51
EQ047,2025-09-13 08:00:00,3336.34,2835.56,84.99
EQ047,2025-09-14 08:00:00,1664.69,1403.17,84.29
EQ047,2025-09-15 08:00:00,4157.36,3679.68,88.51
EQ047,2025-09-16 08:00:00,4561.23,3994.27,87.57
EQ047,2025-09-17 08:00:00,2495.44,2293.56,91.91
EQ047,2025-09-18 08:00:00,4232.1,3899.03,92.13
EQ047,2025-09-19 08:00:00,1991.97,1805.52,90.64
EQ047,2025-09-20 08:00:00,1255.95,1109.13,88.31
EQ047,2025-09-21 08:00:00,3082.48,2735.08,88.73
EQ047,2025-09-22 08:00:00,632.67,535.93,84.71
EQ047,2025-09-23 08:00:00,3574.46,3159.47,88.39
EQ047,2025-09-24 08:00:00,1342.18,1198.16,89.27
EQ047,2025-09-25 08:00:00,1759.35,1548.4,88.01
EQ047,2025-09-26 08:00:00,3286.29,2855.46,86.89
EQ047,2025-09-27 08:00:00,1606.03,1390.18,86.56
EQ047,2025-09-28 08:00:00,2978.1,2691.9,90.39
EQ047,2025-09-29 08:00:00,774.41,674.67,87.12
EQ047,2025-09-30 08:00:00,1397.56,1244.11,89.02
EQ048,2025-09-01 08:00:00,2866.16,2534.83,88.44
EQ048,2025-09-02 08:00:00,4076.81,3594.12,88.16
EQ048,2025-09-03 08:00:00,4952.32,4589.81,92.68
EQ048,2025-09-04 08:00:00,2950.33,2635.82,89.34
EQ048,2025-09-05 08:00:00,2681.06,2550.76,95.14
EQ048,2025-09-06 08:00:00,2247.72,2029.02,90.27
EQ048,2025-09-07 08:00:00,1309.17,1194.36,91.23
EQ048,2025-09-08 08:00:00,4530.94,4260.44,94.03
EQ048,2025-09-09 08:00:00,4003.42,3963.39,99
EQ048,2025-09-10 08:00:00,2882.45,2751.3,95.45
EQ048,2025-09-11 08:00:00,3950.79,3911.28,99
EQ048,2025-09-12 08:00:00,950.6,875.5,92.1
EQ048,2025-09-13 08:00:00,3455.89,3163.52,91.54
EQ048,2025-09-14 08:00:00,4627.67,4517.07,97.61
EQ048,2025-09-15 08:00:00,751.59,708.22,94.23
EQ048,2025-09-16 08:00:00,4309.27,3967.54,92.07
EQ048,2025-09-17 08:00:00,4088.26,3622.61,88.61
EQ048,2025-09-18 08:00:00,4303.49,4159.32,96.65
EQ048,2025-09-19 08:00:00,1292.45,1131.8,87.57
EQ048,2025-09-20 08:00:00,3639.32,3243.73,89.13
EQ048,2025-09-21 08:00:00,4612.91,4460.68,96.7
EQ048,2025-09-22 08:00:00,4764.01,4427.67,92.94
EQ048,2025-09-23 08:00:00,3036.23,2742.63,90.33
EQ048,2025-09-24 08:00:00,4946.03,4519.19,91.37
EQ048,2025-09-25 08:00:00,4467.32,4000.04,89.54
EQ048,2025-09-26 08:00:00,2706.96,2496.9,92.24
EQ048,2025-09-27 08:00:00,906.16,836.84,92.35
EQ048,2025-09-28 08:00:00,2869.02,2702.9,94.21
EQ048,2025-09-29 08:00:00,503.08,472.24,93.87
EQ048,2025-09-30 08:00:00,1087.2,990.66,91.12
EQ049,2025-09-01 08:00:00,4634.51,4143.25,89.4
EQ049,2025-09-02 08:00:00,598.61,513.13,85.72
EQ049,2025-09-03 08:00:00,3139.74,2901.75,92.42
EQ049,2025-09-04 08:00:00,4309.16,3677.87,85.35
EQ049,2025-09-05 08:00:00,4373.01,3968.07,90.74
EQ049,2025-09-06 08:00:00,4738.65,4132.58,87.21
EQ049,2025-09-07 08:00:00,2280.18,2051.48,89.97
EQ049,2025-09-08 08:00:00,1114.03,996.28,89.43
EQ049,2025-09-09 08:00:00,1208.77,1123.67,92.96
EQ049,2025-09-10 08:00:00,4822.98,4159.34,86.24
EQ049,2025-09-11 08:00:00,3421.31,3131.87,91.54
EQ049,2025-09-12 08:00:00,3621.02,3437.8,94.94
EQ049,2025-09-13 08:00:00,4679.8,4137.41,88.41
EQ049,2025-09-14 08:00:00,3150.28,2704.52,85.85
EQ049,2025-09-15 08:00:00,1289.08,1112.73,86.32
EQ049,2025-09-16 08:00:00,1073.07,989.59,92.22
EQ049,2025-09-17 08:00:00,3779.74,3585.46,94.86
EQ049,2025-09-18 08:00:00,2262.21,1936.68,85.61
EQ049,2025-09-19 08:00:00,4974.27,4410.69,88.67
EQ049,2025-09-20 08:00:00,3210.75,2817.75,87.76
EQ049,2025-09-21 08:00:00,4644.67,4180.2,90.0
EQ049,2025-09-22 08:00:00,3044.98,2664.05,87.49
EQ049,2025-09-23 08:00:00,4715.1,4294.04,91.07
EQ049,2025-09-24 08:00:00,1570.98,1441.53,91.76
EQ049,2025-09-25 08:00:00,4920.71,4477.85,91.0
EQ049,2025-09-26 08:00:00,899.27,839.47,93.35
EQ049,2025-09-27 08:00:00,3690.35,3096.57,83.91
EQ049,2025-09-28 08:00:00,2509.83,2086.17,83.12
EQ049,2025-09-29 08:00:00,1693.46,1489.06,87.93
EQ049,2025-09-30 08:00:00,1654.96,1473.74,89.05
EQ050,2025-09-01 08:00:00,505.77,349.13,69.03
EQ050,2025-09-02 08:00:00,4860.96,3689.47,75.9
EQ050,2025-09-03 08:00:00,4480.48,3126.48,69.78
EQ050,2025-09-04 08:00:00,2957.11,2153.66,72.83
EQ050,2025-09-05 08:00:00,956.43,638.51,66.76
EQ050,2025-09-06 08:00:00,3429.36,2519.55,73.47
EQ050,2025-09-07 08:00:00,3592.22,2633.46,73.31
EQ050,2025-09-08 08:00:00,4305.93,3173.47,73.7
EQ050,2025-09-09 08:00:00,1827.09,1271.84,69.61
EQ050,2025-09-10 08:00:00,833.9,662.2,79.41
EQ050,2025-09-11 08:00:00,1265.47,876.34,69.25
EQ050,2025-09-12 08:00:00,2961.71,2254.75,76.13
EQ050,2025-09-13 08:00:00,4541.56,3454.31,76.06
EQ050,2025-09-14 08:00:00,3261.4,2443.77,74.93
EQ050,2025-09-15 08:00:00,2672.32,2130.64,79.73
EQ050,2025-09-16 08:00:00,1242.49,920.56,74.09
EQ050,2025-09-17 08:00:00,4503.89,3308.56,73.46
EQ050,2025-09-18 08:00:00,1424.98,1052.49,73.86
EQ050,2025-09-19 08:00:00,1354.93,963.9,71.14
EQ050,2025-09-20 08:00:00,3784.88,2579.77,68.16
EQ050,2025-09-21 08:00:00,1693.69,1224.03,72.27
EQ050,2025-09-22 08:00:00,723.36,541.58,74.87
EQ050,2025-09-23 08:00:00,3072.96,2262.62,73.63
EQ050,2025-09-24 08:00:00,2123.73,1512.95,71.24
EQ050,2025-09-25 08:00:00,2424.23,1732.84,71.48
EQ050,2025-09-26 08:00:00,3200.97,2463.15,76.95
EQ050,2025-09-27 08:00:00,1398.54,1042.05,74.51
EQ050,2025-09-28 08:00:00,1813.15,1323.6,73.0
EQ050,2025-09-29 08:00:00,868.71,643.97,74.13
EQ050,2025-09-30 08:00:00,2288.6,1614.84,70.56
