Energy_Source_ID,Source_Name,Source_Type,Unit,Calorific_Value
ES001,Electricity_1,Electricity,kWh,11328.4
ES002,LNG_2,LNG,Nm3,7051.3
ES003,Coke_3,Coke,kg,7157.6
ES004,Heavy_Oil_4,Heavy_Oil,L,957.0
ES005,LPG_5,LPG,kg,1442.8
ES006,BFG_6,BFG,Nm3,8059.8
ES007,COG_7,COG,Nm3,7000.1
ES008,LDG_8,LDG,Nm3,4138.3
ES009,Steam_9,Steam,ton,3498.8
ES010,Compressed_Air_10,Compressed_Air,Nm3,8201.8
ES011,Electricity_11,Electricity,kWh,4113.1
ES012,LNG_12,LNG,Nm3,3554.6
ES013,Coke_13,Coke,kg,2005.1
ES014,Heavy_Oil_14,Heavy_Oil,L,7923.3
ES015,LPG_15,LPG,kg,5758.1
ES016,BFG_16,BFG,Nm3,11183.7
ES017,COG_17,COG,Nm3,11260.9
ES018,LDG_18,LDG,Nm3,607.1
ES019,Steam_19,Steam,ton,7643.3
ES020,Compressed_Air_20,Compressed_Air,Nm3,6974.4
ES021,Electricity_21,Electricity,kWh,1649.8
ES022,LNG_22,LNG,Nm3,6682.8
ES023,Coke_23,Coke,kg,6317.7
ES024,Heavy_Oil_24,Heavy_Oil,L,2023.3
ES025,LPG_25,LPG,kg,4513.6
ES026,BFG_26,BFG,Nm3,1291.1
ES027,COG_27,COG,Nm3,3309.3
ES028,LDG_28,LDG,Nm3,3777.4
ES029,Steam_29,Steam,ton,5539.1
ES030,Compressed_Air_30,Compressed_Air,Nm3,6747.0
ES031,Electricity_31,Electricity,kWh,3978.9
ES032,LNG_32,LNG,Nm3,11814.3
ES033,Coke_33,Coke,kg,9781.6
ES034,Heavy_Oil_34,Heavy_Oil,L,6582.8
ES035,LPG_35,LPG,kg,8180.4
ES036,BFG_36,BFG,Nm3,6877.9
ES037,COG_37,COG,Nm3,11215.2
ES038,LDG_38,LDG,Nm3,1691.2
ES039,Steam_39,Steam,ton,10598.5
ES040,Compressed_Air_40,Compressed_Air,Nm3,3541.4
ES041,Electricity_41,Electricity,kWh,10731.7
ES042,LNG_42,LNG,Nm3,9037.8
ES043,Coke_43,Coke,kg,2287.7
ES044,Heavy_Oil_44,Heavy_Oil,L,3740.2
ES045,LPG_45,LPG,kg,2922.2
ES046,BFG_46,BFG,Nm3,4443.1
ES047,COG_47,COG,Nm3,8406.2
ES048,LDG_48,LDG,Nm3,10308.5
ES049,Steam_49,Steam,ton,6312.2
ES050,Compressed_Air_50,Compressed_Air,Nm3,3387.9
