Equipment_ID,Equipment_Name,Equipment_Type,Location,Manufacturer
EQ001,Equipment_1,Motor,BF_Area,Manufacturer_E
EQ002,Equipment_2,Pump,SM_Area,Manufacturer_A
EQ003,Equipment_3,Compressor,CC_Area,Manufacturer_G
EQ004,Equipment_4,Conveyor,Rolling_Area,Manufacturer_C
EQ005,Equipment_5,Crane,Utility,Manufacturer_F
EQ006,Equipment_6,Fan,Production_Area,Manufacturer_B
EQ007,Equipment_7,Valve,Storage_Area,Manufacturer_D
EQ008,Equipment_8,Heat_Exchanger,BF_Area,Manufacturer_H
EQ009,Equipment_9,Turbine,SM_Area,Manufacturer_E
EQ010,Equipment_10,Generator,CC_Area,Manufacturer_A
EQ011,Equipment_11,Motor,Rolling_Area,Manufacturer_G
EQ012,Equipment_12,Pump,Utility,Manufacturer_C
EQ013,Equipment_13,Compressor,Production_Area,Manufacturer_F
EQ014,Equipment_14,Conveyor,Storage_Area,Manufacturer_B
EQ015,Equipment_15,Crane,BF_Area,Manufacturer_D
EQ016,Equipment_16,Fan,SM_Area,Manufacturer_H
EQ017,Equipment_17,Valve,CC_Area,Manufacturer_E
EQ018,Equipment_18,Heat_Exchanger,Rolling_Area,Manufacturer_A
EQ019,Equipment_19,Turbine,Utility,Manufacturer_G
EQ020,Equipment_20,Generator,Production_Area,Manufacturer_C
EQ021,Equipment_21,Motor,Storage_Area,Manufacturer_F
EQ022,Equipment_22,Pump,BF_Area,Manufacturer_B
EQ023,Equipment_23,Compressor,SM_Area,Manufacturer_D
EQ024,Equipment_24,Conveyor,CC_Area,Manufacturer_H
EQ025,Equipment_25,Crane,Rolling_Area,Manufacturer_E
EQ026,Equipment_26,Fan,Utility,Manufacturer_A
EQ027,Equipment_27,Valve,Production_Area,Manufacturer_G
EQ028,Equipment_28,Heat_Exchanger,Storage_Area,Manufacturer_C
EQ029,Equipment_29,Turbine,BF_Area,Manufacturer_F
EQ030,Equipment_30,Generator,SM_Area,Manufacturer_B
EQ031,Equipment_31,Motor,CC_Area,Manufacturer_D
EQ032,Equipment_32,Pump,Rolling_Area,Manufacturer_H
EQ033,Equipment_33,Compressor,Utility,Manufacturer_E
EQ034,Equipment_34,Conveyor,Production_Area,Manufacturer_A
EQ035,Equipment_35,Crane,Storage_Area,Manufacturer_G
EQ036,Equipment_36,Fan,BF_Area,Manufacturer_C
EQ037,Equipment_37,Valve,SM_Area,Manufacturer_F
EQ038,Equipment_38,Heat_Exchanger,CC_Area,Manufacturer_B
EQ039,Equipment_39,Turbine,Rolling_Area,Manufacturer_D
EQ040,Equipment_40,Generator,Utility,Manufacturer_H
EQ041,Equipment_41,Motor,Production_Area,Manufacturer_E
EQ042,Equipment_42,Pump,Storage_Area,Manufacturer_A
EQ043,Equipment_43,Compressor,BF_Area,Manufacturer_G
EQ044,Equipment_44,Conveyor,SM_Area,Manufacturer_C
EQ045,Equipment_45,Crane,CC_Area,Manufacturer_F
EQ046,Equipment_46,Fan,Rolling_Area,Manufacturer_B
EQ047,Equipment_47,Valve,Utility,Manufacturer_D
EQ048,Equipment_48,Heat_Exchanger,Production_Area,Manufacturer_H
EQ049,Equipment_49,Turbine,Storage_Area,Manufacturer_E
EQ050,Equipment_50,Generator,BF_Area,Manufacturer_A
