Failure_ID,Equipment_ID,Occurrence_DateTime,Cause_Code,Root_Cause,Downtime_Hours,Resolution_Status,Repair_Cost_USD
FC00001,EQ001,2025-09-14 00:33:59,SENSOR_DRIFT,Operating_Error,26.5,Resolved,18982.6
FC00002,EQ001,2025-09-30 10:39:20,FOREIGN_OBJECT,Improper_Maintenance,52.0,Pending,10191.74
FC00003,EQ001,2025-09-22 13:20:25,OVERLOAD,Environmental,40.1,Resolved,8466.88
FC00004,EQ001,2025-09-13 21:47:57,SEAL_LEAK,Environmental,29.5,Resolved,6147.11
FC00005,EQ001,2025-09-07 13:50:37,CONTROL_ERROR,Material_Defect,33.7,Pending,13544.98
FC00006,EQ002,2025-09-16 23:10:42,MOTOR_OVERHEAT,Environmental,37.4,Recurring,12423.29
FC00007,EQ002,2025-09-03 07:43:19,VIBRATION_EXCESS,Operating_Error,11.0,Resolved,4972.37
FC00008,EQ002,2025-09-16 19:54:49,MOTOR_OVERHEAT,Contamination,30.1,Recurring,11555.85
FC00009,EQ002,2025-09-23 22:24:31,FATIGUE_CRACK,Operating_Error,11.1,Recurring,210.34
FC00010,EQ004,2025-09-08 05:51:44,SENSOR_DRIFT,Contamination,4.1,Resolved,18357.65
FC00011,EQ004,2025-09-04 14:08:51,LUBRICATION_FAIL,Material_Defect,68.4,Pending,12291.78
FC00012,EQ004,2025-09-24 16:27:53,SENSOR_DRIFT,Contamination,64.7,Recurring,17243.75
FC00013,EQ005,2025-09-09 07:53:40,ELECTRICAL_FAULT,Contamination,45.3,Pending,8853.46
FC00014,EQ005,2025-09-23 09:15:17,CORROSION,Material_Defect,64.4,Resolved,2853.64
FC00015,EQ005,2025-09-08 12:44:09,OVERLOAD,Operating_Error,5.1,Pending,6684.54
FC00016,EQ006,2025-09-14 01:13:53,FATIGUE_CRACK,Overuse,65.2,Recurring,18926.63
FC00017,EQ006,2025-09-01 18:24:30,BEARING_WEAR,Material_Defect,21.9,Pending,17083.61
FC00018,EQ006,2025-09-27 13:34:47,OVERLOAD,Operating_Error,35.4,Pending,8773.14
FC00019,EQ008,2025-09-11 21:43:51,FATIGUE_CRACK,Design_Flaw,60.6,Resolved,19616.37
FC00020,EQ008,2025-09-18 00:58:25,CONTROL_ERROR,Aging,6.5,Pending,2800.42
FC00021,EQ008,2025-09-15 05:03:16,FATIGUE_CRACK,Material_Defect,15.6,Pending,6816.26
FC00022,EQ009,2025-09-09 13:16:53,MOTOR_OVERHEAT,Contamination,1.9,Recurring,1136.5
FC00023,EQ009,2025-09-12 07:41:04,FOREIGN_OBJECT,Aging,54.4,Resolved,4067.28
FC00024,EQ009,2025-09-01 19:09:15,SEAL_LEAK,Contamination,48.4,Recurring,18960.36
FC00025,EQ010,2025-09-23 08:49:23,SEAL_LEAK,Improper_Maintenance,56.1,Resolved,19297.94
FC00026,EQ010,2025-09-04 18:01:59,ELECTRICAL_FAULT,Overuse,28.9,Recurring,4046.76
FC00027,EQ010,2025-09-19 22:53:40,VIBRATION_EXCESS,Improper_Maintenance,50.3,Pending,17020.84
FC00028,EQ011,2025-09-26 03:50:36,BEARING_WEAR,Material_Defect,38.6,Recurring,7474.36
FC00029,EQ011,2025-09-17 20:21:00,FATIGUE_CRACK,Contamination,8.0,Pending,12748.14
FC00030,EQ011,2025-09-27 14:45:09,FATIGUE_CRACK,Design_Flaw,53.0,Recurring,5474.64
FC00031,EQ011,2025-09-26 17:49:30,LUBRICATION_FAIL,Overuse,59.5,Recurring,5441.07
FC00032,EQ012,2025-09-27 02:17:56,LUBRICATION_FAIL,Operating_Error,54.2,Recurring,12245.6
FC00033,EQ013,2025-09-11 00:31:54,CORROSION,Design_Flaw,35.4,Pending,15976.86
FC00034,EQ013,2025-09-11 08:56:38,OVERLOAD,Environmental,40.2,Recurring,18966.45
FC00035,EQ013,2025-09-03 07:46:26,LUBRICATION_FAIL,Operating_Error,49.9,Recurring,14265.66
FC00036,EQ014,2025-09-26 00:05:18,VIBRATION_EXCESS,Overuse,50.0,Pending,13312.8
FC00037,EQ014,2025-09-12 15:35:33,CORROSION,Overuse,71.8,Recurring,6682.75
FC00038,EQ014,2025-09-23 14:17:19,ELECTRICAL_FAULT,Operating_Error,9.1,Resolved,6379.4
FC00039,EQ015,2025-09-18 22:11:12,VIBRATION_EXCESS,Contamination,20.3,Recurring,19534.48
FC00040,EQ015,2025-09-17 19:18:06,VIBRATION_EXCESS,Environmental,16.8,Resolved,6115.13
FC00041,EQ015,2025-09-23 17:08:17,BEARING_WEAR,Aging,40.1,Recurring,18887.38
FC00042,EQ015,2025-09-21 15:06:55,BEARING_WEAR,Environmental,34.1,Pending,6880.05
FC00043,EQ015,2025-09-02 08:55:30,MOTOR_OVERHEAT,Improper_Maintenance,29.2,Resolved,11582.72
FC00044,EQ016,2025-09-02 04:09:51,CONTROL_ERROR,Environmental,6.6,Resolved,2457.19
FC00045,EQ016,2025-09-25 13:38:38,CONTROL_ERROR,Operating_Error,56.0,Pending,9065.24
FC00046,EQ016,2025-09-15 09:55:37,FATIGUE_CRACK,Environmental,41.2,Resolved,12231.66
FC00047,EQ016,2025-09-24 03:48:13,FOREIGN_OBJECT,Operating_Error,19.4,Resolved,3225.44
FC00048,EQ016,2025-09-06 17:04:10,BEARING_WEAR,Overuse,32.7,Recurring,9451.26
FC00049,EQ018,2025-09-10 22:18:44,LUBRICATION_FAIL,Improper_Maintenance,49.6,Pending,15777.78
FC00050,EQ019,2025-09-19 21:51:59,VIBRATION_EXCESS,Overuse,8.7,Resolved,12987.93
FC00051,EQ019,2025-09-30 08:52:09,MOTOR_OVERHEAT,Aging,12.4,Pending,11941.38
FC00052,EQ019,2025-09-27 18:58:18,LUBRICATION_FAIL,Improper_Maintenance,34.0,Pending,14024.7
FC00053,EQ019,2025-09-09 16:34:31,LUBRICATION_FAIL,Improper_Maintenance,43.3,Pending,14717.23
FC00054,EQ019,2025-09-20 08:01:05,VIBRATION_EXCESS,Aging,72.0,Recurring,16446.28
FC00055,EQ020,2025-09-02 05:30:33,FOREIGN_OBJECT,Contamination,66.0,Resolved,19939.21
FC00056,EQ020,2025-09-14 20:52:31,MOTOR_OVERHEAT,Contamination,25.4,Pending,6489.06
FC00057,EQ020,2025-09-04 05:21:26,OVERLOAD,Contamination,21.1,Pending,16289.96
FC00058,EQ020,2025-09-18 01:29:05,CORROSION,Environmental,23.6,Pending,17311.72
FC00059,EQ022,2025-09-28 17:29:26,BEARING_WEAR,Operating_Error,37.6,Recurring,15153.22
FC00060,EQ022,2025-09-21 14:48:03,VIBRATION_EXCESS,Environmental,39.8,Pending,8818.51
FC00061,EQ022,2025-09-23 15:07:01,FOREIGN_OBJECT,Operating_Error,51.2,Pending,11061.7
FC00062,EQ022,2025-09-18 13:05:14,MOTOR_OVERHEAT,Contamination,68.2,Recurring,16659.65
FC00063,EQ022,2025-09-16 22:18:32,OVERLOAD,Environmental,30.2,Pending,19606.87
FC00064,EQ023,2025-09-15 17:09:24,VIBRATION_EXCESS,Design_Flaw,62.3,Pending,15476.24
FC00065,EQ024,2025-09-11 16:17:52,BEARING_WEAR,Environmental,52.4,Recurring,11640.48
FC00066,EQ024,2025-09-22 15:55:09,LUBRICATION_FAIL,Contamination,25.2,Recurring,15281.17
FC00067,EQ024,2025-09-13 14:59:20,VIBRATION_EXCESS,Operating_Error,41.4,Resolved,17134.66
FC00068,EQ025,2025-09-02 10:47:30,OVERLOAD,Overuse,28.1,Recurring,15868.63
FC00069,EQ025,2025-09-21 04:31:02,SEAL_LEAK,Material_Defect,62.7,Pending,2084.26
FC00070,EQ025,2025-09-30 14:00:46,SEAL_LEAK,Overuse,62.8,Resolved,1589.08
FC00071,EQ026,2025-09-11 19:44:25,FOREIGN_OBJECT,Improper_Maintenance,61.4,Recurring,17200.91
FC00072,EQ026,2025-09-13 10:40:45,LUBRICATION_FAIL,Aging,44.6,Resolved,12660.1
FC00073,EQ027,2025-09-08 23:05:27,MOTOR_OVERHEAT,Improper_Maintenance,32.2,Recurring,6059.37
FC00074,EQ027,2025-09-01 01:20:50,BEARING_WEAR,Environmental,26.1,Pending,2996.84
FC00075,EQ028,2025-09-14 18:43:50,SEAL_LEAK,Design_Flaw,13.0,Recurring,17429.71
FC00076,EQ028,2025-09-20 21:15:31,CONTROL_ERROR,Design_Flaw,17.1,Recurring,5154.15
FC00077,EQ028,2025-09-09 21:00:57,LUBRICATION_FAIL,Environmental,48.9,Resolved,1569.85
FC00078,EQ028,2025-09-12 18:19:40,FATIGUE_CRACK,Environmental,33.2,Pending,4064.42
FC00079,EQ029,2025-09-28 15:06:15,FATIGUE_CRACK,Material_Defect,41.6,Recurring,5975.09
FC00080,EQ029,2025-09-27 21:25:17,BEARING_WEAR,Aging,65.6,Recurring,9984.87
FC00081,EQ029,2025-09-29 09:49:51,VIBRATION_EXCESS,Material_Defect,16.2,Resolved,12455.73
FC00082,EQ030,2025-09-25 23:49:42,FOREIGN_OBJECT,Design_Flaw,45.4,Recurring,12962.18
FC00083,EQ030,2025-09-10 14:02:37,CORROSION,Design_Flaw,6.9,Pending,6601.71
FC00084,EQ030,2025-09-14 05:12:08,SENSOR_DRIFT,Material_Defect,38.5,Pending,16626.41
FC00085,EQ030,2025-09-09 15:51:18,OVERLOAD,Material_Defect,58.0,Pending,19261.58
FC00086,EQ030,2025-09-05 07:55:43,OVERLOAD,Overuse,69.7,Recurring,7378.92
FC00087,EQ031,2025-09-01 08:34:07,LUBRICATION_FAIL,Material_Defect,48.6,Recurring,5317.01
FC00088,EQ031,2025-09-13 20:23:06,FOREIGN_OBJECT,Operating_Error,34.2,Recurring,17696.27
FC00089,EQ031,2025-09-18 10:58:39,VIBRATION_EXCESS,Improper_Maintenance,45.9,Pending,18196.81
FC00090,EQ032,2025-09-21 13:07:08,BEARING_WEAR,Aging,22.3,Pending,2410.8
FC00091,EQ032,2025-09-08 17:08:24,LUBRICATION_FAIL,Material_Defect,48.4,Recurring,13960.03
FC00092,EQ033,2025-09-14 18:47:46,SEAL_LEAK,Overuse,47.3,Pending,12351.48
FC00093,EQ033,2025-09-09 01:44:23,VIBRATION_EXCESS,Contamination,32.3,Resolved,17123.46
FC00094,EQ033,2025-09-04 21:23:34,FOREIGN_OBJECT,Material_Defect,4.8,Pending,3877.19
FC00095,EQ033,2025-09-04 14:05:42,VIBRATION_EXCESS,Aging,4.1,Pending,4947.02
FC00096,EQ034,2025-09-26 18:13:04,SENSOR_DRIFT,Operating_Error,42.4,Resolved,6638.34
FC00097,EQ035,2025-09-26 19:00:17,SEAL_LEAK,Design_Flaw,39.1,Resolved,2287.53
FC00098,EQ037,2025-09-01 11:50:50,VIBRATION_EXCESS,Material_Defect,1.6,Pending,1142.74
FC00099,EQ038,2025-09-14 16:07:47,MOTOR_OVERHEAT,Contamination,32.6,Pending,10313.44
FC00100,EQ038,2025-09-04 14:32:14,CONTROL_ERROR,Aging,52.5,Recurring,10476.88
FC00101,EQ038,2025-09-15 20:01:03,LUBRICATION_FAIL,Overuse,31.0,Resolved,9856.35
FC00102,EQ038,2025-09-30 14:04:57,MOTOR_OVERHEAT,Material_Defect,44.0,Resolved,2611.21
FC00103,EQ038,2025-09-20 20:37:35,OVERLOAD,Material_Defect,27.7,Recurring,10658.08
FC00104,EQ039,2025-09-17 19:27:06,OVERLOAD,Improper_Maintenance,61.5,Recurring,17566.35
FC00105,EQ039,2025-09-18 23:55:13,FATIGUE_CRACK,Contamination,64.0,Pending,6844.74
FC00106,EQ039,2025-09-15 12:26:46,MOTOR_OVERHEAT,Material_Defect,31.0,Recurring,5172.31
FC00107,EQ040,2025-09-22 15:04:05,MOTOR_OVERHEAT,Improper_Maintenance,31.4,Recurring,14802.04
FC00108,EQ041,2025-09-18 01:37:35,SENSOR_DRIFT,Material_Defect,48.4,Pending,7136.6
FC00109,EQ042,2025-09-25 13:55:58,OVERLOAD,Aging,69.7,Recurring,6317.73
FC00110,EQ042,2025-09-04 18:32:13,SEAL_LEAK,Contamination,16.5,Resolved,7067.27
FC00111,EQ042,2025-09-18 11:07:48,ELECTRICAL_FAULT,Operating_Error,58.2,Recurring,19493.48
FC00112,EQ042,2025-09-27 19:39:43,FOREIGN_OBJECT,Aging,44.0,Recurring,16606.27
FC00113,EQ042,2025-09-09 00:11:17,OVERLOAD,Environmental,66.4,Pending,221.51
FC00114,EQ043,2025-09-19 21:25:04,SEAL_LEAK,Aging,7.1,Recurring,4381.14
FC00115,EQ044,2025-09-15 10:10:23,ELECTRICAL_FAULT,Material_Defect,56.0,Recurring,11964.85
FC00116,EQ044,2025-09-29 01:09:10,CONTROL_ERROR,Aging,48.7,Pending,8917.95
FC00117,EQ044,2025-09-14 15:38:28,FATIGUE_CRACK,Environmental,15.9,Recurring,2364.97
FC00118,EQ045,2025-09-04 09:43:43,CONTROL_ERROR,Contamination,38.2,Pending,1003.81
FC00119,EQ045,2025-09-13 19:03:00,VIBRATION_EXCESS,Environmental,68.1,Resolved,15306.8
FC00120,EQ045,2025-09-10 10:07:00,LUBRICATION_FAIL,Overuse,13.1,Pending,10698.39
FC00121,EQ046,2025-09-17 17:53:42,CORROSION,Improper_Maintenance,28.9,Recurring,941.82
FC00122,EQ048,2025-09-30 02:55:20,CONTROL_ERROR,Overuse,41.5,Recurring,12838.82
FC00123,EQ048,2025-09-10 03:25:01,CORROSION,Design_Flaw,57.8,Recurring,9255.93
FC00124,EQ048,2025-09-23 11:05:27,MOTOR_OVERHEAT,Operating_Error,31.7,Pending,10526.85
FC00125,EQ049,2025-09-28 09:47:21,VIBRATION_EXCESS,Material_Defect,56.2,Resolved,10258.62
FC00126,EQ049,2025-09-04 16:32:12,CORROSION,Material_Defect,52.5,Recurring,16319.24
FC00127,EQ049,2025-09-08 03:09:16,VIBRATION_EXCESS,Design_Flaw,43.6,Recurring,1599.53
FC00128,EQ050,2025-09-16 14:48:36,CONTROL_ERROR,Contamination,49.2,Recurring,12895.54
FC00129,EQ050,2025-09-20 10:55:40,CORROSION,Design_Flaw,31.9,Pending,8899.94
FC00130,EQ050,2025-09-10 08:37:03,CORROSION,Improper_Maintenance,22.7,Pending,848.38
FC00131,EQ050,2025-09-12 09:04:41,MOTOR_OVERHEAT,Overuse,33.6,Recurring,19089.21
FC00132,EQ050,2025-09-24 01:28:58,CONTROL_ERROR,Operating_Error,23.5,Pending,10077.21
