Fuel_ID,Timestamp,Consumption_Amount,Fuel_Type,Calorific_Value,Cost_per_Unit,Equipment_ID,Energy_Source_ID
FL0001,2025-09-01 00:00:00,443.25,LNG,7792.0,130.1,EQ001,ES002
FL0002,2025-09-01 04:00:00,968.54,Heavy_Oil,11058.6,90.13,EQ008,ES004
FL0003,2025-09-01 08:00:00,867.11,LPG,6140.6,400.77,EQ015,ES025
FL0004,2025-09-01 12:00:00,356.44,Diesel,10267.9,344.33,EQ022,
FL0005,2025-09-01 16:00:00,208.54,Coke,8435.9,244.56,EQ029,ES013
FL0006,2025-09-01 20:00:00,825.72,LNG,7170.7,358.23,EQ036,ES012
FL0007,2025-09-02 00:00:00,218.16,Heavy_Oil,9658.6,424.42,EQ043,ES014
FL0008,2025-09-02 04:00:00,561.39,LPG,8427.4,448.44,EQ050,ES005
FL0009,2025-09-02 08:00:00,528.8,Diesel,8941.4,240.38,EQ002,
FL0010,2025-09-02 12:00:00,780.84,Coke,10677.0,326.24,EQ009,ES043
FL0011,2025-09-02 16:00:00,490.7,LNG,7982.1,68.2,EQ016,ES002
FL0012,2025-09-02 20:00:00,407.57,Heavy_Oil,8244.7,150.9,EQ023,ES044
FL0013,2025-09-03 00:00:00,717.61,LPG,6085.5,272.9,EQ030,ES035
FL0014,2025-09-03 04:00:00,666.6,Diesel,8672.7,180.82,EQ037,
FL0015,2025-09-03 08:00:00,493.62,Coke,11350.5,264.93,EQ044,ES003
FL0016,2025-09-03 12:00:00,233.75,LNG,5894.5,456.31,EQ001,ES002
FL0017,2025-09-03 16:00:00,857.38,Heavy_Oil,8661.6,182.97,EQ008,ES004
FL0018,2025-09-03 20:00:00,142.96,LPG,5535.7,70.29,EQ015,ES015
FL0019,2025-09-04 00:00:00,196.87,Diesel,7974.4,92.52,EQ022,
FL0020,2025-09-04 04:00:00,694.77,Coke,8979.3,164.02,EQ029,ES013
FL0021,2025-09-04 08:00:00,329.37,LNG,5572.4,276.55,EQ036,ES042
FL0022,2025-09-04 12:00:00,202.54,Heavy_Oil,9631.0,130.8,EQ043,ES044
FL0023,2025-09-04 16:00:00,263.99,LPG,7750.7,87.48,EQ050,ES005
FL0024,2025-09-04 20:00:00,889.08,Diesel,7083.5,314.24,EQ002,
FL0025,2025-09-05 00:00:00,509.5,Coke,9691.8,330.71,EQ009,ES043
FL0026,2025-09-05 04:00:00,338.57,LNG,11767.0,442.11,EQ016,ES012
FL0027,2025-09-05 08:00:00,268.47,Heavy_Oil,6295.6,386.16,EQ023,ES044
FL0028,2025-09-05 12:00:00,643.65,LPG,11101.3,97.85,EQ030,ES035
FL0029,2025-09-05 16:00:00,580.94,Diesel,5040.9,102.51,EQ037,
FL0030,2025-09-05 20:00:00,254.56,Coke,8339.8,361.31,EQ044,ES013
FL0031,2025-09-06 00:00:00,881.9,LNG,11760.6,320.85,EQ001,ES032
FL0032,2025-09-06 04:00:00,538.05,Heavy_Oil,9329.5,488.26,EQ008,ES044
FL0033,2025-09-06 08:00:00,424.66,LPG,9716.6,360.63,EQ015,ES025
FL0034,2025-09-06 12:00:00,455.5,Diesel,7118.6,106.29,EQ022,
FL0035,2025-09-06 16:00:00,112.49,Coke,5783.4,57.15,EQ029,ES003
FL0036,2025-09-06 20:00:00,973.47,LNG,11013.1,144.15,EQ036,ES012
FL0037,2025-09-07 00:00:00,683.76,Heavy_Oil,9548.2,246.1,EQ043,ES034
FL0038,2025-09-07 04:00:00,663.45,LPG,10530.1,135.91,EQ050,ES025
FL0039,2025-09-07 08:00:00,370.83,Diesel,8244.0,263.3,EQ002,
FL0040,2025-09-07 12:00:00,119.64,Coke,6162.7,118.59,EQ009,ES023
FL0041,2025-09-07 16:00:00,732.34,LNG,11747.1,262.17,EQ016,ES012
FL0042,2025-09-07 20:00:00,873.82,Heavy_Oil,9096.6,140.6,EQ023,ES014
FL0043,2025-09-08 00:00:00,612.49,LPG,10836.9,72.91,EQ030,ES025
FL0044,2025-09-08 04:00:00,107.09,Diesel,9412.9,370.89,EQ037,
FL0045,2025-09-08 08:00:00,981.54,Coke,10940.3,381.69,EQ044,ES003
FL0046,2025-09-08 12:00:00,636.26,LNG,8880.1,180.85,EQ001,ES002
FL0047,2025-09-08 16:00:00,538.75,Heavy_Oil,8402.7,315.97,EQ008,ES034
FL0048,2025-09-08 20:00:00,650.35,LPG,9750.7,417.51,EQ015,ES005
FL0049,2025-09-09 00:00:00,539.11,Diesel,10000.0,287.74,EQ022,
FL0050,2025-09-09 04:00:00,479.8,Coke,7211.0,78.58,EQ029,ES023
FL0051,2025-09-09 08:00:00,903.59,LNG,7920.0,263.0,EQ036,ES022
FL0052,2025-09-09 12:00:00,545.31,Heavy_Oil,11572.8,206.04,EQ043,ES044
FL0053,2025-09-09 16:00:00,727.76,LPG,5145.6,179.6,EQ050,ES025
FL0054,2025-09-09 20:00:00,272.98,Diesel,7406.9,154.45,EQ002,
FL0055,2025-09-10 00:00:00,297.73,Coke,11363.5,202.62,EQ009,ES003
FL0056,2025-09-10 04:00:00,641.89,LNG,10897.3,345.63,EQ016,ES032
FL0057,2025-09-10 08:00:00,218.04,Heavy_Oil,7053.8,370.12,EQ023,ES044
FL0058,2025-09-10 12:00:00,963.82,LPG,10831.6,352.9,EQ030,ES005
FL0059,2025-09-10 16:00:00,761.13,Diesel,10571.8,409.89,EQ037,
FL0060,2025-09-10 20:00:00,860.08,Coke,9352.9,177.11,EQ044,ES033
FL0061,2025-09-11 00:00:00,774.33,LNG,9669.4,108.09,EQ001,ES002
FL0062,2025-09-11 04:00:00,279.54,Heavy_Oil,9240.2,95.41,EQ008,ES044
FL0063,2025-09-11 08:00:00,474.39,LPG,11956.4,186.64,EQ015,ES025
FL0064,2025-09-11 12:00:00,288.49,Diesel,5329.3,58.16,EQ022,
FL0065,2025-09-11 16:00:00,892.82,Coke,7499.3,121.37,EQ029,ES043
FL0066,2025-09-11 20:00:00,845.15,LNG,11261.2,64.39,EQ036,ES022
FL0067,2025-09-12 00:00:00,157.3,Heavy_Oil,8014.3,327.9,EQ043,ES044
FL0068,2025-09-12 04:00:00,208.62,LPG,6568.7,166.02,EQ050,ES015
FL0069,2025-09-12 08:00:00,406.29,Diesel,7486.7,71.0,EQ002,
FL0070,2025-09-12 12:00:00,889.94,Coke,6872.4,118.03,EQ009,ES003
FL0071,2025-09-12 16:00:00,721.12,LNG,8607.7,351.27,EQ016,ES002
FL0072,2025-09-12 20:00:00,735.76,Heavy_Oil,11486.4,247.02,EQ023,ES014
FL0073,2025-09-13 00:00:00,511.42,LPG,10891.2,99.92,EQ030,ES025
FL0074,2025-09-13 04:00:00,195.3,Diesel,9274.0,401.97,EQ037,
FL0075,2025-09-13 08:00:00,952.65,Coke,10765.3,68.89,EQ044,ES003
FL0076,2025-09-13 12:00:00,194.87,LNG,9409.5,441.89,EQ001,ES012
FL0077,2025-09-13 16:00:00,919.89,Heavy_Oil,6099.2,181.46,EQ008,ES004
FL0078,2025-09-13 20:00:00,497.37,LPG,8541.3,379.65,EQ015,ES035
FL0079,2025-09-14 00:00:00,189.36,Diesel,9529.7,200.57,EQ022,
FL0080,2025-09-14 04:00:00,224.0,Coke,10940.2,247.6,EQ029,ES023
FL0081,2025-09-14 08:00:00,474.17,LNG,10383.2,160.39,EQ036,ES032
FL0082,2025-09-14 12:00:00,828.23,Heavy_Oil,7389.2,277.26,EQ043,ES024
FL0083,2025-09-14 16:00:00,176.71,LPG,7607.1,389.68,EQ050,ES015
FL0084,2025-09-14 20:00:00,424.58,Diesel,9655.0,118.23,EQ002,
FL0085,2025-09-15 00:00:00,778.16,Coke,7952.1,152.68,EQ009,ES023
FL0086,2025-09-15 04:00:00,821.59,LNG,7893.9,234.19,EQ016,ES022
FL0087,2025-09-15 08:00:00,512.88,Heavy_Oil,10966.7,407.57,EQ023,ES014
FL0088,2025-09-15 12:00:00,425.6,LPG,5208.3,115.51,EQ030,ES025
FL0089,2025-09-15 16:00:00,108.95,Diesel,10643.7,474.64,EQ037,
FL0090,2025-09-15 20:00:00,176.3,Coke,7203.6,491.88,EQ044,ES003
FL0091,2025-09-16 00:00:00,247.89,LNG,5430.3,391.64,EQ001,ES042
FL0092,2025-09-16 04:00:00,694.16,Heavy_Oil,9490.3,456.13,EQ008,ES014
FL0093,2025-09-16 08:00:00,152.03,LPG,9421.3,371.02,EQ015,ES045
FL0094,2025-09-16 12:00:00,694.33,Diesel,8638.4,183.08,EQ022,
FL0095,2025-09-16 16:00:00,461.8,Coke,9766.1,299.12,EQ029,ES013
FL0096,2025-09-16 20:00:00,373.89,LNG,10198.9,459.15,EQ036,ES012
FL0097,2025-09-17 00:00:00,107.11,Heavy_Oil,6958.5,287.51,EQ043,ES034
FL0098,2025-09-17 04:00:00,928.41,LPG,9902.1,250.79,EQ050,ES035
FL0099,2025-09-17 08:00:00,284.62,Diesel,8811.0,404.75,EQ002,
FL0100,2025-09-17 12:00:00,686.83,Coke,9882.3,449.45,EQ009,ES023
FL0101,2025-09-17 16:00:00,803.41,LNG,7831.5,138.78,EQ016,ES042
FL0102,2025-09-17 20:00:00,371.38,Heavy_Oil,5258.8,200.52,EQ023,ES014
FL0103,2025-09-18 00:00:00,752.59,LPG,10180.4,106.7,EQ030,ES025
FL0104,2025-09-18 04:00:00,992.73,Diesel,6987.5,91.77,EQ037,
FL0105,2025-09-18 08:00:00,596.61,Coke,8649.4,390.67,EQ044,ES003
FL0106,2025-09-18 12:00:00,244.02,LNG,5195.2,408.47,EQ001,ES012
FL0107,2025-09-18 16:00:00,633.25,Heavy_Oil,6689.4,398.37,EQ008,ES004
FL0108,2025-09-18 20:00:00,753.86,LPG,11908.7,99.7,EQ015,ES025
FL0109,2025-09-19 00:00:00,153.95,Diesel,7610.9,332.15,EQ022,
FL0110,2025-09-19 04:00:00,419.03,Coke,5334.1,342.93,EQ029,ES033
FL0111,2025-09-19 08:00:00,212.27,LNG,7085.7,381.59,EQ036,ES022
FL0112,2025-09-19 12:00:00,507.83,Heavy_Oil,11880.7,412.42,EQ043,ES004
FL0113,2025-09-19 16:00:00,990.1,LPG,8959.2,452.45,EQ050,ES015
FL0114,2025-09-19 20:00:00,664.97,Diesel,8733.0,318.0,EQ002,
FL0115,2025-09-20 00:00:00,415.3,Coke,6991.7,403.16,EQ009,ES043
FL0116,2025-09-20 04:00:00,743.37,LNG,9707.0,371.46,EQ016,ES022
FL0117,2025-09-20 08:00:00,567.7,Heavy_Oil,6733.4,197.53,EQ023,ES014
FL0118,2025-09-20 12:00:00,624.13,LPG,10759.9,212.57,EQ030,ES035
FL0119,2025-09-20 16:00:00,188.19,Diesel,9981.5,422.8,EQ037,
FL0120,2025-09-20 20:00:00,173.75,Coke,5435.4,449.83,EQ044,ES033
FL0121,2025-09-21 00:00:00,528.63,LNG,8123.1,216.18,EQ001,ES032
FL0122,2025-09-21 04:00:00,573.63,Heavy_Oil,9117.7,283.53,EQ008,ES014
FL0123,2025-09-21 08:00:00,455.3,LPG,6845.9,274.47,EQ015,ES025
FL0124,2025-09-21 12:00:00,481.08,Diesel,8080.6,468.97,EQ022,
FL0125,2025-09-21 16:00:00,540.59,Coke,11812.9,420.72,EQ029,ES013
FL0126,2025-09-21 20:00:00,229.91,LNG,5889.9,370.02,EQ036,ES012
FL0127,2025-09-22 00:00:00,216.45,Heavy_Oil,9931.7,438.47,EQ043,ES044
FL0128,2025-09-22 04:00:00,206.25,LPG,6488.5,263.01,EQ050,ES045
FL0129,2025-09-22 08:00:00,771.85,Diesel,11608.5,216.2,EQ002,
FL0130,2025-09-22 12:00:00,956.64,Coke,9211.2,233.88,EQ009,ES023
FL0131,2025-09-22 16:00:00,208.78,LNG,9002.4,68.13,EQ016,ES042
FL0132,2025-09-22 20:00:00,237.97,Heavy_Oil,7600.3,495.96,EQ023,ES034
FL0133,2025-09-23 00:00:00,372.93,LPG,8401.5,406.04,EQ030,ES045
FL0134,2025-09-23 04:00:00,227.93,Diesel,9127.4,71.89,EQ037,
FL0135,2025-09-23 08:00:00,904.83,Coke,11223.4,147.01,EQ044,ES033
FL0136,2025-09-23 12:00:00,837.21,LNG,8421.6,105.05,EQ001,ES022
FL0137,2025-09-23 16:00:00,413.78,Heavy_Oil,11093.0,237.91,EQ008,ES014
FL0138,2025-09-23 20:00:00,615.75,LPG,8960.3,455.13,EQ015,ES015
FL0139,2025-09-24 00:00:00,803.21,Diesel,8326.6,374.02,EQ022,
FL0140,2025-09-24 04:00:00,645.14,Coke,10333.7,277.14,EQ029,ES043
FL0141,2025-09-24 08:00:00,514.84,LNG,8149.5,252.08,EQ036,ES032
FL0142,2025-09-24 12:00:00,879.71,Heavy_Oil,7276.5,409.92,EQ043,ES004
FL0143,2025-09-24 16:00:00,698.05,LPG,7867.4,154.77,EQ050,ES005
FL0144,2025-09-24 20:00:00,455.86,Diesel,8787.0,481.14,EQ002,
FL0145,2025-09-25 00:00:00,901.04,Coke,10151.4,340.66,EQ009,ES003
FL0146,2025-09-25 04:00:00,879.36,LNG,9950.5,307.4,EQ016,ES012
FL0147,2025-09-25 08:00:00,816.54,Heavy_Oil,9951.8,302.47,EQ023,ES014
FL0148,2025-09-25 12:00:00,211.4,LPG,8915.5,136.59,EQ030,ES035
FL0149,2025-09-25 16:00:00,656.83,Diesel,9038.0,73.79,EQ037,
FL0150,2025-09-25 20:00:00,613.22,Coke,6325.8,264.13,EQ044,ES043
FL0151,2025-09-26 00:00:00,907.18,LNG,5842.0,471.28,EQ001,ES002
FL0152,2025-09-26 04:00:00,261.77,Heavy_Oil,5132.8,404.04,EQ008,ES034
FL0153,2025-09-26 08:00:00,320.76,LPG,9939.3,449.45,EQ015,ES035
FL0154,2025-09-26 12:00:00,499.81,Diesel,10648.4,323.08,EQ022,
FL0155,2025-09-26 16:00:00,461.62,Coke,5314.9,437.89,EQ029,ES043
FL0156,2025-09-26 20:00:00,120.94,LNG,8059.1,236.72,EQ036,ES032
FL0157,2025-09-27 00:00:00,873.68,Heavy_Oil,7221.7,165.73,EQ043,ES044
FL0158,2025-09-27 04:00:00,203.18,LPG,5695.3,125.67,EQ050,ES025
FL0159,2025-09-27 08:00:00,229.63,Diesel,6788.9,90.33,EQ002,
FL0160,2025-09-27 12:00:00,376.11,Coke,7850.9,126.14,EQ009,ES043
FL0161,2025-09-27 16:00:00,653.03,LNG,7277.0,62.23,EQ016,ES002
FL0162,2025-09-27 20:00:00,152.65,Heavy_Oil,7729.6,194.02,EQ023,ES004
FL0163,2025-09-28 00:00:00,471.54,LPG,7269.5,218.98,EQ030,ES045
FL0164,2025-09-28 04:00:00,844.97,Diesel,5846.8,141.15,EQ037,
FL0165,2025-09-28 08:00:00,776.92,Coke,9102.2,271.84,EQ044,ES023
FL0166,2025-09-28 12:00:00,777.15,LNG,7695.3,101.79,EQ001,ES022
FL0167,2025-09-28 16:00:00,154.57,Heavy_Oil,8253.8,233.18,EQ008,ES004
FL0168,2025-09-28 20:00:00,535.75,LPG,7852.5,155.18,EQ015,ES025
FL0169,2025-09-29 00:00:00,897.54,Diesel,6884.1,483.56,EQ022,
FL0170,2025-09-29 04:00:00,707.59,Coke,6724.2,299.62,EQ029,ES033
FL0171,2025-09-29 08:00:00,806.69,LNG,7132.3,233.04,EQ036,ES012
FL0172,2025-09-29 12:00:00,175.52,Heavy_Oil,9450.6,141.56,EQ043,ES034
FL0173,2025-09-29 16:00:00,971.12,LPG,7613.1,493.39,EQ050,ES005
FL0174,2025-09-29 20:00:00,803.82,Diesel,8762.7,240.69,EQ002,
FL0175,2025-09-30 00:00:00,920.34,Coke,8162.2,50.45,EQ009,ES023
FL0176,2025-09-30 04:00:00,518.19,LNG,10805.6,180.16,EQ016,ES042
FL0177,2025-09-30 08:00:00,974.87,Heavy_Oil,5003.8,470.08,EQ023,ES014
FL0178,2025-09-30 12:00:00,533.97,LPG,9185.1,427.77,EQ030,ES045
FL0179,2025-09-30 16:00:00,442.14,Diesel,7459.9,334.49,EQ037,
FL0180,2025-09-30 20:00:00,626.64,Coke,8572.3,70.47,EQ044,ES003
