Gas_ID,Timestamp,Flow_Rate_Nm3h,Pressure_kPa,Temperature_C,Calorific_Value,Equipment_ID
GS0001,2025-09-01 00:00:00,1239.18,312.6,22.5,3593.0,EQ001
GS0002,2025-09-01 01:00:00,622.98,227.9,28.9,3419.2,EQ008
GS0003,2025-09-01 02:00:00,931.96,322.1,38.9,3477.5,EQ015
GS0004,2025-09-01 03:00:00,1182.1,268.5,21.5,4129.0,EQ022
GS0005,2025-09-01 04:00:00,952.72,249.2,39.6,3512.4,EQ029
GS0006,2025-09-01 05:00:00,959.8,319.9,15.4,4037.8,EQ036
GS0007,2025-09-01 06:00:00,1146.44,200.4,26.9,4352.2,EQ043
GS0008,2025-09-01 07:00:00,1172.71,282.6,37.4,4054.9,EQ050
GS0009,2025-09-01 08:00:00,1262.47,307.6,34.7,3973.6,EQ002
GS0010,2025-09-01 09:00:00,577.52,206.2,35.8,4007.4,EQ009
GS0011,2025-09-01 10:00:00,1172.25,270.6,35.3,4241.2,EQ016
GS0012,2025-09-01 11:00:00,857.97,235.4,34.2,4045.5,EQ023
GS0013,2025-09-01 12:00:00,508.43,292.5,38.4,3666.9,EQ030
GS0014,2025-09-01 13:00:00,721.52,204.0,22.0,4382.1,EQ037
GS0015,2025-09-01 14:00:00,857.82,218.0,30.3,3454.8,EQ044
GS0016,2025-09-01 15:00:00,1217.81,246.9,27.3,3544.5,EQ003
GS0017,2025-09-01 16:00:00,780.76,380.9,32.7,3313.6,EQ010
GS0018,2025-09-01 17:00:00,696.09,364.2,24.9,4304.9,EQ017
GS0019,2025-09-01 18:00:00,1069.1,298.8,28.8,3989.8,EQ024
GS0020,2025-09-01 19:00:00,1065.71,336.5,29.1,3098.0,EQ031
GS0021,2025-09-01 20:00:00,628.25,213.0,21.5,3854.9,EQ038
GS0022,2025-09-01 21:00:00,727.97,304.6,34.6,3287.8,EQ045
GS0023,2025-09-01 22:00:00,1177.98,398.4,32.3,3799.4,EQ001
GS0024,2025-09-01 23:00:00,752.92,312.0,26.3,4406.8,EQ008
GS0025,2025-09-02 00:00:00,1140.97,388.6,16.3,4408.1,EQ015
GS0026,2025-09-02 01:00:00,932.55,399.0,21.9,4020.3,EQ022
GS0027,2025-09-02 02:00:00,966.59,272.3,34.0,4325.7,EQ029
GS0028,2025-09-02 03:00:00,724.55,255.6,25.5,3673.3,EQ036
GS0029,2025-09-02 04:00:00,505.16,238.9,17.0,3857.7,EQ043
GS0030,2025-09-02 05:00:00,525.37,347.5,39.5,3635.7,EQ050
GS0031,2025-09-02 06:00:00,574.44,250.0,19.1,3466.2,EQ002
GS0032,2025-09-02 07:00:00,1125.99,219.3,27.0,4212.1,EQ009
GS0033,2025-09-02 08:00:00,1092.53,325.3,23.4,3375.6,EQ016
GS0034,2025-09-02 09:00:00,607.84,247.7,23.5,3081.6,EQ023
GS0035,2025-09-02 10:00:00,833.59,358.8,38.6,4163.6,EQ030
GS0036,2025-09-02 11:00:00,1119.57,352.8,30.6,3868.4,EQ037
GS0037,2025-09-02 12:00:00,585.53,212.1,15.8,3469.9,EQ044
GS0038,2025-09-02 13:00:00,1347.69,213.0,18.2,4378.7,EQ003
GS0039,2025-09-02 14:00:00,941.92,260.3,30.7,3098.7,EQ010
GS0040,2025-09-02 15:00:00,1177.56,311.9,22.4,3572.2,EQ017
GS0041,2025-09-02 16:00:00,595.83,350.4,20.8,3899.4,EQ024
GS0042,2025-09-02 17:00:00,1159.72,202.1,24.6,4192.7,EQ031
GS0043,2025-09-02 18:00:00,1379.94,323.8,23.5,4406.4,EQ038
GS0044,2025-09-02 19:00:00,1282.93,290.8,23.2,3288.7,EQ045
GS0045,2025-09-02 20:00:00,602.69,319.0,16.7,4184.1,EQ001
GS0046,2025-09-02 21:00:00,693.61,314.6,30.9,3384.4,EQ008
GS0047,2025-09-02 22:00:00,921.01,344.9,26.1,3364.7,EQ015
GS0048,2025-09-02 23:00:00,1297.03,212.1,22.8,3653.8,EQ022
GS0049,2025-09-03 00:00:00,1459.74,350.9,22.8,4327.8,EQ029
GS0050,2025-09-03 01:00:00,1275.5,229.5,22.7,3514.4,EQ036
GS0051,2025-09-03 02:00:00,868.83,201.6,29.7,4017.5,EQ043
GS0052,2025-09-03 03:00:00,557.32,301.4,35.9,4288.1,EQ050
GS0053,2025-09-03 04:00:00,922.06,239.1,20.0,4362.8,EQ002
GS0054,2025-09-03 05:00:00,1285.26,268.3,31.7,4042.2,EQ009
GS0055,2025-09-03 06:00:00,1481.92,320.0,23.3,3867.6,EQ016
GS0056,2025-09-03 07:00:00,1463.06,323.2,25.5,3243.4,EQ023
GS0057,2025-09-03 08:00:00,954.3,357.8,16.1,3329.1,EQ030
GS0058,2025-09-03 09:00:00,503.7,244.6,20.8,3935.9,EQ037
GS0059,2025-09-03 10:00:00,739.02,346.9,38.8,3497.3,EQ044
GS0060,2025-09-03 11:00:00,1240.08,241.1,19.6,4484.8,EQ003
GS0061,2025-09-03 12:00:00,862.82,214.7,15.8,3172.8,EQ010
GS0062,2025-09-03 13:00:00,790.58,238.9,29.6,4148.3,EQ017
GS0063,2025-09-03 14:00:00,543.9,205.9,19.9,3261.2,EQ024
GS0064,2025-09-03 15:00:00,1385.38,343.8,23.5,3831.8,EQ031
GS0065,2025-09-03 16:00:00,678.54,204.3,36.1,4366.0,EQ038
GS0066,2025-09-03 17:00:00,520.99,335.5,24.5,4181.1,EQ045
GS0067,2025-09-03 18:00:00,610.97,387.2,22.6,3360.2,EQ001
GS0068,2025-09-03 19:00:00,1309.49,332.2,38.5,4465.7,EQ008
GS0069,2025-09-03 20:00:00,1497.69,376.3,37.0,3098.1,EQ015
GS0070,2025-09-03 21:00:00,644.43,384.8,34.9,3287.5,EQ022
GS0071,2025-09-03 22:00:00,878.2,274.9,30.0,4465.5,EQ029
GS0072,2025-09-03 23:00:00,744.55,209.2,30.4,3283.7,EQ036
GS0073,2025-09-04 00:00:00,1035.47,357.9,23.2,3079.9,EQ043
GS0074,2025-09-04 01:00:00,1295.61,374.6,36.3,4452.6,EQ050
GS0075,2025-09-04 02:00:00,1385.83,241.8,17.0,3706.0,EQ002
GS0076,2025-09-04 03:00:00,1163.5,213.0,27.7,4127.0,EQ009
GS0077,2025-09-04 04:00:00,1145.07,301.8,27.5,3696.4,EQ016
GS0078,2025-09-04 05:00:00,821.82,274.8,32.4,4073.5,EQ023
GS0079,2025-09-04 06:00:00,994.79,253.7,25.0,4381.8,EQ030
GS0080,2025-09-04 07:00:00,1083.98,207.3,20.5,3304.5,EQ037
GS0081,2025-09-04 08:00:00,1363.17,279.2,22.6,4333.1,EQ044
GS0082,2025-09-04 09:00:00,1071.37,387.1,24.4,3825.8,EQ003
GS0083,2025-09-04 10:00:00,634.33,216.8,26.1,3527.4,EQ010
GS0084,2025-09-04 11:00:00,1083.96,293.1,30.5,3639.2,EQ017
GS0085,2025-09-04 12:00:00,967.55,281.8,35.1,3475.5,EQ024
GS0086,2025-09-04 13:00:00,882.37,235.9,20.8,3968.0,EQ031
GS0087,2025-09-04 14:00:00,859.09,216.5,36.1,3769.2,EQ038
GS0088,2025-09-04 15:00:00,1143.65,357.2,38.2,3147.6,EQ045
GS0089,2025-09-04 16:00:00,571.35,207.7,20.0,3295.0,EQ001
GS0090,2025-09-04 17:00:00,829.24,260.5,35.4,4025.3,EQ008
GS0091,2025-09-04 18:00:00,774.46,341.1,39.9,4497.6,EQ015
GS0092,2025-09-04 19:00:00,1252.38,348.0,37.8,3012.8,EQ022
GS0093,2025-09-04 20:00:00,799.47,364.5,34.6,3605.7,EQ029
GS0094,2025-09-04 21:00:00,905.76,316.0,31.4,3708.0,EQ036
GS0095,2025-09-04 22:00:00,1012.65,352.2,18.7,3596.3,EQ043
GS0096,2025-09-04 23:00:00,726.93,349.8,26.9,3773.7,EQ050
GS0097,2025-09-05 00:00:00,1285.97,351.5,33.1,3692.1,EQ002
GS0098,2025-09-05 01:00:00,1291.91,262.6,19.7,4155.2,EQ009
GS0099,2025-09-05 02:00:00,1197.94,241.9,26.2,3837.7,EQ016
GS0100,2025-09-05 03:00:00,874.7,315.5,18.2,4415.0,EQ023
GS0101,2025-09-05 04:00:00,509.68,362.1,35.9,3509.7,EQ030
GS0102,2025-09-05 05:00:00,919.15,337.2,25.1,4168.0,EQ037
GS0103,2025-09-05 06:00:00,1037.6,265.2,15.6,4178.0,EQ044
GS0104,2025-09-05 07:00:00,1422.14,230.7,38.8,3495.4,EQ003
GS0105,2025-09-05 08:00:00,1129.84,320.6,30.2,4300.4,EQ010
GS0106,2025-09-05 09:00:00,1480.17,240.8,24.8,3801.7,EQ017
GS0107,2025-09-05 10:00:00,688.34,221.7,29.2,3677.3,EQ024
GS0108,2025-09-05 11:00:00,1394.74,218.6,17.6,3829.4,EQ031
GS0109,2025-09-05 12:00:00,532.06,337.8,27.2,3280.0,EQ038
GS0110,2025-09-05 13:00:00,569.49,392.6,22.1,3349.6,EQ045
GS0111,2025-09-05 14:00:00,1159.57,214.0,16.4,3777.8,EQ001
GS0112,2025-09-05 15:00:00,671.83,371.9,25.3,3235.6,EQ008
GS0113,2025-09-05 16:00:00,610.74,307.3,27.0,3103.1,EQ015
GS0114,2025-09-05 17:00:00,1455.1,373.1,18.2,3308.5,EQ022
GS0115,2025-09-05 18:00:00,932.2,341.9,26.9,3905.6,EQ029
GS0116,2025-09-05 19:00:00,1439.15,317.5,27.6,4027.3,EQ036
GS0117,2025-09-05 20:00:00,775.44,201.5,18.6,3096.0,EQ043
GS0118,2025-09-05 21:00:00,899.24,361.5,28.1,4365.5,EQ050
GS0119,2025-09-05 22:00:00,1379.24,292.0,29.4,4105.9,EQ002
GS0120,2025-09-05 23:00:00,787.91,376.2,26.4,4050.5,EQ009
GS0121,2025-09-06 00:00:00,1211.65,259.5,30.3,4215.0,EQ016
GS0122,2025-09-06 01:00:00,675.13,249.8,37.5,4099.9,EQ023
GS0123,2025-09-06 02:00:00,957.83,382.2,19.6,3852.9,EQ030
GS0124,2025-09-06 03:00:00,893.55,389.1,21.0,4305.8,EQ037
GS0125,2025-09-06 04:00:00,773.78,325.6,22.3,4374.4,EQ044
GS0126,2025-09-06 05:00:00,1198.04,344.5,20.4,3740.2,EQ003
GS0127,2025-09-06 06:00:00,1492.39,310.6,39.9,3114.8,EQ010
GS0128,2025-09-06 07:00:00,605.22,353.3,23.2,3676.4,EQ017
GS0129,2025-09-06 08:00:00,752.77,301.2,26.6,3109.8,EQ024
GS0130,2025-09-06 09:00:00,1194.49,349.9,24.5,4118.9,EQ031
GS0131,2025-09-06 10:00:00,1355.77,279.3,15.3,3172.0,EQ038
GS0132,2025-09-06 11:00:00,1417.14,265.4,33.7,3727.1,EQ045
GS0133,2025-09-06 12:00:00,568.24,309.7,21.1,4425.0,EQ001
GS0134,2025-09-06 13:00:00,640.26,364.1,36.0,3255.9,EQ008
GS0135,2025-09-06 14:00:00,518.07,220.1,22.4,3802.0,EQ015
GS0136,2025-09-06 15:00:00,890.85,215.5,34.1,4016.1,EQ022
GS0137,2025-09-06 16:00:00,653.5,271.6,20.4,3051.7,EQ029
GS0138,2025-09-06 17:00:00,1175.04,243.2,32.4,4254.8,EQ036
GS0139,2025-09-06 18:00:00,1311.51,328.2,32.9,4345.5,EQ043
GS0140,2025-09-06 19:00:00,890.62,261.7,16.3,3007.0,EQ050
GS0141,2025-09-06 20:00:00,1272.41,353.4,38.2,3562.0,EQ002
GS0142,2025-09-06 21:00:00,738.54,218.3,25.5,4483.9,EQ009
GS0143,2025-09-06 22:00:00,837.12,238.4,31.7,3330.9,EQ016
GS0144,2025-09-06 23:00:00,1382.29,359.4,35.8,3251.8,EQ023
GS0145,2025-09-07 00:00:00,667.05,283.1,17.7,3490.7,EQ030
GS0146,2025-09-07 01:00:00,1062.05,237.9,20.2,3812.6,EQ037
GS0147,2025-09-07 02:00:00,1438.92,224.2,20.3,3534.9,EQ044
GS0148,2025-09-07 03:00:00,673.62,280.4,22.9,3583.8,EQ003
GS0149,2025-09-07 04:00:00,958.78,213.2,35.4,3974.9,EQ010
GS0150,2025-09-07 05:00:00,868.98,213.5,20.5,3452.3,EQ017
GS0151,2025-09-07 06:00:00,1098.87,396.6,17.5,3804.3,EQ024
GS0152,2025-09-07 07:00:00,1490.53,370.1,19.3,4438.6,EQ031
GS0153,2025-09-07 08:00:00,1099.87,396.3,32.4,4016.9,EQ038
GS0154,2025-09-07 09:00:00,1472.37,338.7,23.3,3953.0,EQ045
GS0155,2025-09-07 10:00:00,1383.97,263.6,36.3,3723.2,EQ001
GS0156,2025-09-07 11:00:00,835.11,321.7,29.6,3573.6,EQ008
GS0157,2025-09-07 12:00:00,1140.59,246.5,29.7,4482.6,EQ015
GS0158,2025-09-07 13:00:00,732.61,323.3,37.4,3463.3,EQ022
GS0159,2025-09-07 14:00:00,1237.91,351.4,30.5,3089.9,EQ029
GS0160,2025-09-07 15:00:00,874.52,259.3,18.8,3306.6,EQ036
GS0161,2025-09-07 16:00:00,537.91,384.7,30.0,4418.8,EQ043
GS0162,2025-09-07 17:00:00,1239.26,265.7,22.0,3965.4,EQ050
GS0163,2025-09-07 18:00:00,1260.49,304.2,39.4,3972.1,EQ002
GS0164,2025-09-07 19:00:00,788.46,204.7,36.2,3496.9,EQ009
GS0165,2025-09-07 20:00:00,742.25,307.9,37.7,3997.5,EQ016
GS0166,2025-09-07 21:00:00,748.34,337.5,33.0,3912.1,EQ023
GS0167,2025-09-07 22:00:00,881.49,264.3,26.1,3009.1,EQ030
GS0168,2025-09-07 23:00:00,1369.87,214.0,19.8,3951.6,EQ037
GS0169,2025-09-08 00:00:00,641.53,240.8,17.3,3888.9,EQ044
GS0170,2025-09-08 01:00:00,1331.22,386.4,20.9,3117.2,EQ003
GS0171,2025-09-08 02:00:00,1224.99,262.3,33.0,3367.4,EQ010
GS0172,2025-09-08 03:00:00,676.44,249.8,22.1,3672.4,EQ017
GS0173,2025-09-08 04:00:00,1135.6,254.4,34.5,3120.0,EQ024
GS0174,2025-09-08 05:00:00,1472.56,279.6,19.2,3662.1,EQ031
GS0175,2025-09-08 06:00:00,1005.29,347.0,34.0,4229.4,EQ038
GS0176,2025-09-08 07:00:00,1293.56,204.0,24.5,4281.1,EQ045
GS0177,2025-09-08 08:00:00,1258.86,384.3,29.9,3229.2,EQ001
GS0178,2025-09-08 09:00:00,1226.65,251.5,26.6,3680.4,EQ008
GS0179,2025-09-08 10:00:00,875.15,321.2,16.8,3205.0,EQ015
GS0180,2025-09-08 11:00:00,969.26,230.9,19.7,3019.3,EQ022
GS0181,2025-09-08 12:00:00,1000.7,345.1,27.3,4388.5,EQ029
GS0182,2025-09-08 13:00:00,1440.28,394.1,24.3,3734.3,EQ036
GS0183,2025-09-08 14:00:00,1141.05,317.7,25.2,3058.2,EQ043
GS0184,2025-09-08 15:00:00,1421.6,277.0,29.1,3291.3,EQ050
GS0185,2025-09-08 16:00:00,936.3,251.1,37.8,4083.4,EQ002
GS0186,2025-09-08 17:00:00,1009.61,297.7,32.2,4044.7,EQ009
GS0187,2025-09-08 18:00:00,1150.91,385.3,33.4,3363.5,EQ016
GS0188,2025-09-08 19:00:00,534.51,362.6,30.8,4014.6,EQ023
GS0189,2025-09-08 20:00:00,1197.47,329.1,21.5,3683.2,EQ030
GS0190,2025-09-08 21:00:00,1181.07,250.9,30.1,4427.7,EQ037
GS0191,2025-09-08 22:00:00,1341.52,202.5,34.3,3966.6,EQ044
GS0192,2025-09-08 23:00:00,1416.88,279.5,29.7,4351.5,EQ003
GS0193,2025-09-09 00:00:00,1018.54,237.8,25.6,4244.6,EQ010
GS0194,2025-09-09 01:00:00,752.87,260.4,39.2,3987.7,EQ017
GS0195,2025-09-09 02:00:00,882.79,261.6,25.3,4314.6,EQ024
GS0196,2025-09-09 03:00:00,1227.65,217.8,30.9,4165.0,EQ031
GS0197,2025-09-09 04:00:00,844.39,228.5,33.7,4395.0,EQ038
GS0198,2025-09-09 05:00:00,897.97,261.6,39.7,4224.6,EQ045
GS0199,2025-09-09 06:00:00,501.58,214.0,32.4,3787.4,EQ001
GS0200,2025-09-09 07:00:00,1154.52,346.6,19.3,3562.0,EQ008
GS0201,2025-09-09 08:00:00,1204.05,239.6,19.5,4422.7,EQ015
GS0202,2025-09-09 09:00:00,950.66,362.9,19.6,3088.5,EQ022
GS0203,2025-09-09 10:00:00,682.73,351.8,21.5,4353.4,EQ029
GS0204,2025-09-09 11:00:00,908.79,325.4,30.6,4302.5,EQ036
GS0205,2025-09-09 12:00:00,666.13,258.6,24.4,3415.1,EQ043
GS0206,2025-09-09 13:00:00,842.15,317.1,26.9,4009.2,EQ050
GS0207,2025-09-09 14:00:00,600.81,212.2,33.8,3010.8,EQ002
GS0208,2025-09-09 15:00:00,1082.45,397.5,17.4,3783.5,EQ009
GS0209,2025-09-09 16:00:00,507.26,320.6,39.7,4142.0,EQ016
GS0210,2025-09-09 17:00:00,1432.13,294.6,23.4,3644.2,EQ023
GS0211,2025-09-09 18:00:00,870.79,378.0,40.0,4225.3,EQ030
GS0212,2025-09-09 19:00:00,1440.99,333.0,24.5,3085.9,EQ037
GS0213,2025-09-09 20:00:00,856.03,266.1,17.5,3685.4,EQ044
GS0214,2025-09-09 21:00:00,1198.31,345.0,37.2,3208.3,EQ003
GS0215,2025-09-09 22:00:00,1101.91,373.8,22.0,4048.9,EQ010
GS0216,2025-09-09 23:00:00,1315.05,273.7,30.5,3988.3,EQ017
GS0217,2025-09-10 00:00:00,975.2,282.6,19.7,4479.3,EQ024
GS0218,2025-09-10 01:00:00,1457.55,362.5,15.4,3540.3,EQ031
GS0219,2025-09-10 02:00:00,545.75,361.5,23.1,3666.5,EQ038
GS0220,2025-09-10 03:00:00,1106.76,280.0,30.3,3122.1,EQ045
GS0221,2025-09-10 04:00:00,927.92,386.3,38.3,4480.3,EQ001
GS0222,2025-09-10 05:00:00,1357.1,381.0,33.4,3440.8,EQ008
GS0223,2025-09-10 06:00:00,695.08,228.6,28.0,3857.8,EQ015
GS0224,2025-09-10 07:00:00,1356.8,300.9,18.2,4195.2,EQ022
GS0225,2025-09-10 08:00:00,801.35,334.6,28.7,4312.2,EQ029
GS0226,2025-09-10 09:00:00,668.05,289.3,17.9,3994.0,EQ036
GS0227,2025-09-10 10:00:00,740.9,242.3,33.8,3989.6,EQ043
GS0228,2025-09-10 11:00:00,589.43,287.0,32.9,3240.4,EQ050
GS0229,2025-09-10 12:00:00,1428.97,380.5,34.2,3330.6,EQ002
GS0230,2025-09-10 13:00:00,757.63,295.3,37.4,3184.6,EQ009
GS0231,2025-09-10 14:00:00,635.76,306.9,33.1,3135.7,EQ016
GS0232,2025-09-10 15:00:00,1191.78,374.4,38.3,4149.5,EQ023
GS0233,2025-09-10 16:00:00,1100.68,328.8,24.4,4076.2,EQ030
GS0234,2025-09-10 17:00:00,1236.0,276.3,31.1,3842.8,EQ037
GS0235,2025-09-10 18:00:00,1356.14,361.7,20.6,3173.5,EQ044
GS0236,2025-09-10 19:00:00,587.68,217.8,33.5,4405.8,EQ003
GS0237,2025-09-10 20:00:00,1244.62,223.2,24.2,4280.0,EQ010
GS0238,2025-09-10 21:00:00,1454.07,315.4,15.0,3092.8,EQ017
GS0239,2025-09-10 22:00:00,1035.6,369.4,39.5,3479.5,EQ024
GS0240,2025-09-10 23:00:00,865.02,335.9,34.9,3779.6,EQ031
GS0241,2025-09-11 00:00:00,1101.62,244.4,24.9,3807.4,EQ038
GS0242,2025-09-11 01:00:00,960.6,228.9,38.6,4255.8,EQ045
GS0243,2025-09-11 02:00:00,999.83,291.2,30.0,3218.8,EQ001
GS0244,2025-09-11 03:00:00,1165.35,360.3,32.6,3898.3,EQ008
GS0245,2025-09-11 04:00:00,808.89,398.1,18.1,4495.3,EQ015
GS0246,2025-09-11 05:00:00,1206.52,295.7,35.7,3742.5,EQ022
GS0247,2025-09-11 06:00:00,1204.14,275.3,39.5,3499.7,EQ029
GS0248,2025-09-11 07:00:00,1327.88,242.1,33.3,4215.6,EQ036
GS0249,2025-09-11 08:00:00,1200.41,210.5,36.6,3268.5,EQ043
GS0250,2025-09-11 09:00:00,987.5,278.4,39.6,3988.9,EQ050
GS0251,2025-09-11 10:00:00,1348.52,398.2,28.7,3506.1,EQ002
GS0252,2025-09-11 11:00:00,1177.9,398.1,33.9,3586.6,EQ009
GS0253,2025-09-11 12:00:00,1027.84,256.6,32.4,3292.6,EQ016
GS0254,2025-09-11 13:00:00,1356.25,278.8,18.3,4128.4,EQ023
GS0255,2025-09-11 14:00:00,1080.38,361.0,36.2,4064.4,EQ030
GS0256,2025-09-11 15:00:00,957.53,232.7,18.4,4043.9,EQ037
GS0257,2025-09-11 16:00:00,791.08,229.0,20.5,4122.6,EQ044
GS0258,2025-09-11 17:00:00,1235.32,201.8,33.1,3863.5,EQ003
GS0259,2025-09-11 18:00:00,1178.32,397.7,18.7,4425.6,EQ010
GS0260,2025-09-11 19:00:00,927.11,368.3,38.1,3144.1,EQ017
GS0261,2025-09-11 20:00:00,1474.16,235.9,16.3,4470.4,EQ024
GS0262,2025-09-11 21:00:00,1150.1,318.7,39.2,3940.5,EQ031
GS0263,2025-09-11 22:00:00,903.99,206.8,21.0,3732.9,EQ038
GS0264,2025-09-11 23:00:00,1187.98,390.9,31.3,3563.1,EQ045
GS0265,2025-09-12 00:00:00,1191.79,359.1,31.5,4166.6,EQ001
GS0266,2025-09-12 01:00:00,1364.9,330.1,21.9,3979.8,EQ008
GS0267,2025-09-12 02:00:00,867.32,224.0,17.1,3733.8,EQ015
GS0268,2025-09-12 03:00:00,1168.79,301.9,15.6,3859.5,EQ022
GS0269,2025-09-12 04:00:00,1072.63,254.7,33.6,4191.5,EQ029
GS0270,2025-09-12 05:00:00,681.1,296.8,31.1,3650.5,EQ036
GS0271,2025-09-12 06:00:00,1071.42,219.9,16.6,4363.3,EQ043
GS0272,2025-09-12 07:00:00,1295.22,237.0,35.3,3029.6,EQ050
GS0273,2025-09-12 08:00:00,1056.06,307.3,35.3,3732.8,EQ002
GS0274,2025-09-12 09:00:00,1018.9,316.9,32.8,4185.1,EQ009
GS0275,2025-09-12 10:00:00,624.09,350.6,39.1,4346.4,EQ016
GS0276,2025-09-12 11:00:00,680.66,319.8,19.5,3832.1,EQ023
GS0277,2025-09-12 12:00:00,1300.51,224.6,18.2,3309.3,EQ030
GS0278,2025-09-12 13:00:00,661.21,312.5,36.3,3052.5,EQ037
GS0279,2025-09-12 14:00:00,1479.93,301.2,24.1,3816.6,EQ044
GS0280,2025-09-12 15:00:00,923.05,389.0,15.0,3450.9,EQ003
GS0281,2025-09-12 16:00:00,1446.21,303.9,34.6,3988.7,EQ010
GS0282,2025-09-12 17:00:00,944.92,315.4,32.4,3784.0,EQ017
GS0283,2025-09-12 18:00:00,1486.02,270.4,28.5,3314.8,EQ024
GS0284,2025-09-12 19:00:00,599.01,364.0,20.9,3282.1,EQ031
GS0285,2025-09-12 20:00:00,799.71,366.5,38.9,3903.2,EQ038
GS0286,2025-09-12 21:00:00,716.04,271.8,18.2,3933.5,EQ045
GS0287,2025-09-12 22:00:00,574.36,251.0,24.5,4355.5,EQ001
GS0288,2025-09-12 23:00:00,900.06,216.7,21.4,3638.0,EQ008
GS0289,2025-09-13 00:00:00,1194.52,307.2,16.8,4099.0,EQ015
GS0290,2025-09-13 01:00:00,1495.36,339.4,19.8,3558.2,EQ022
GS0291,2025-09-13 02:00:00,1157.32,364.1,30.1,3629.5,EQ029
GS0292,2025-09-13 03:00:00,653.49,398.5,25.8,3038.9,EQ036
GS0293,2025-09-13 04:00:00,1103.61,215.5,18.1,3165.0,EQ043
GS0294,2025-09-13 05:00:00,1048.37,213.2,31.0,3544.2,EQ050
GS0295,2025-09-13 06:00:00,833.52,254.7,36.7,3338.6,EQ002
GS0296,2025-09-13 07:00:00,509.86,275.4,39.2,3567.9,EQ009
GS0297,2025-09-13 08:00:00,605.0,385.1,19.4,4092.5,EQ016
GS0298,2025-09-13 09:00:00,806.55,364.3,27.2,3793.4,EQ023
GS0299,2025-09-13 10:00:00,1200.46,373.1,28.8,3911.2,EQ030
GS0300,2025-09-13 11:00:00,1396.57,234.1,38.7,3584.3,EQ037
GS0301,2025-09-13 12:00:00,845.17,348.3,39.2,3797.5,EQ044
GS0302,2025-09-13 13:00:00,1094.62,369.9,26.9,3191.4,EQ003
GS0303,2025-09-13 14:00:00,509.5,302.7,18.9,3189.6,EQ010
GS0304,2025-09-13 15:00:00,878.8,347.1,16.3,4088.1,EQ017
GS0305,2025-09-13 16:00:00,1474.5,341.5,21.2,3913.1,EQ024
GS0306,2025-09-13 17:00:00,1206.79,236.6,39.7,4197.7,EQ031
GS0307,2025-09-13 18:00:00,1002.23,255.2,25.7,4412.5,EQ038
GS0308,2025-09-13 19:00:00,1381.39,362.8,22.6,4286.9,EQ045
GS0309,2025-09-13 20:00:00,1447.45,281.3,22.8,3135.2,EQ001
GS0310,2025-09-13 21:00:00,579.47,346.0,38.6,3247.7,EQ008
GS0311,2025-09-13 22:00:00,557.41,348.7,28.9,3739.3,EQ015
GS0312,2025-09-13 23:00:00,1374.35,392.4,25.6,3763.0,EQ022
GS0313,2025-09-14 00:00:00,1230.8,295.9,27.9,4496.9,EQ029
GS0314,2025-09-14 01:00:00,1388.08,339.6,25.1,3924.4,EQ036
GS0315,2025-09-14 02:00:00,1410.89,349.2,32.9,4053.9,EQ043
GS0316,2025-09-14 03:00:00,1249.67,248.8,33.5,4426.3,EQ050
GS0317,2025-09-14 04:00:00,1323.36,376.1,28.2,3913.8,EQ002
GS0318,2025-09-14 05:00:00,1107.37,392.9,31.9,4322.9,EQ009
GS0319,2025-09-14 06:00:00,1023.52,245.0,16.9,4259.1,EQ016
GS0320,2025-09-14 07:00:00,1013.68,390.5,25.6,3568.6,EQ023
GS0321,2025-09-14 08:00:00,873.28,222.6,37.9,3374.6,EQ030
GS0322,2025-09-14 09:00:00,1039.12,353.3,17.9,3448.8,EQ037
GS0323,2025-09-14 10:00:00,793.55,242.6,33.5,3853.3,EQ044
GS0324,2025-09-14 11:00:00,717.46,261.0,38.3,3964.5,EQ003
GS0325,2025-09-14 12:00:00,1325.73,207.1,26.6,3926.6,EQ010
GS0326,2025-09-14 13:00:00,988.27,271.1,30.4,3492.8,EQ017
GS0327,2025-09-14 14:00:00,853.89,201.0,37.3,3279.2,EQ024
GS0328,2025-09-14 15:00:00,854.53,220.3,27.3,3127.1,EQ031
GS0329,2025-09-14 16:00:00,1014.32,230.7,18.1,3731.1,EQ038
GS0330,2025-09-14 17:00:00,655.63,331.3,20.7,3593.0,EQ045
GS0331,2025-09-14 18:00:00,799.28,285.7,19.6,4217.3,EQ001
GS0332,2025-09-14 19:00:00,608.69,287.7,36.0,3242.8,EQ008
GS0333,2025-09-14 20:00:00,853.74,286.8,24.0,4305.8,EQ015
GS0334,2025-09-14 21:00:00,698.46,237.9,16.0,3591.8,EQ022
GS0335,2025-09-14 22:00:00,1243.92,380.2,19.0,3298.5,EQ029
GS0336,2025-09-14 23:00:00,979.29,333.0,21.6,3631.6,EQ036
GS0337,2025-09-15 00:00:00,1050.12,360.0,32.9,3487.3,EQ043
GS0338,2025-09-15 01:00:00,1264.39,376.4,27.5,4385.3,EQ050
GS0339,2025-09-15 02:00:00,1343.06,277.8,17.7,3161.8,EQ002
GS0340,2025-09-15 03:00:00,521.15,231.1,27.5,4151.1,EQ009
GS0341,2025-09-15 04:00:00,736.5,335.7,23.6,4464.7,EQ016
GS0342,2025-09-15 05:00:00,1237.43,286.9,22.2,3728.9,EQ023
GS0343,2025-09-15 06:00:00,1260.9,249.5,18.8,3766.9,EQ030
GS0344,2025-09-15 07:00:00,749.47,353.3,36.6,4491.4,EQ037
GS0345,2025-09-15 08:00:00,747.35,364.1,20.0,4059.7,EQ044
GS0346,2025-09-15 09:00:00,1309.95,340.2,27.6,3271.8,EQ003
GS0347,2025-09-15 10:00:00,1492.55,318.2,30.9,3344.1,EQ010
GS0348,2025-09-15 11:00:00,632.3,207.7,39.8,4393.6,EQ017
GS0349,2025-09-15 12:00:00,926.3,323.3,17.3,3076.4,EQ024
GS0350,2025-09-15 13:00:00,907.3,261.3,30.8,3347.1,EQ031
GS0351,2025-09-15 14:00:00,836.18,295.8,27.7,3965.8,EQ038
GS0352,2025-09-15 15:00:00,804.29,253.8,22.0,3526.5,EQ045
GS0353,2025-09-15 16:00:00,918.07,264.0,16.2,3061.3,EQ001
GS0354,2025-09-15 17:00:00,552.13,349.0,20.3,3708.1,EQ008
GS0355,2025-09-15 18:00:00,1408.48,220.2,19.6,4422.5,EQ015
GS0356,2025-09-15 19:00:00,863.58,260.9,17.4,3020.5,EQ022
GS0357,2025-09-15 20:00:00,1051.77,372.4,23.3,4111.9,EQ029
GS0358,2025-09-15 21:00:00,861.38,355.8,28.2,3557.4,EQ036
GS0359,2025-09-15 22:00:00,1150.25,242.0,24.6,4330.8,EQ043
GS0360,2025-09-15 23:00:00,630.49,348.5,18.0,3879.8,EQ050
GS0361,2025-09-16 00:00:00,1412.18,330.9,19.8,4057.0,EQ002
GS0362,2025-09-16 01:00:00,1425.5,215.0,28.7,3514.3,EQ009
GS0363,2025-09-16 02:00:00,1225.35,397.9,20.0,4081.2,EQ016
GS0364,2025-09-16 03:00:00,543.81,238.3,28.8,3378.8,EQ023
GS0365,2025-09-16 04:00:00,1377.08,370.7,37.7,4462.7,EQ030
GS0366,2025-09-16 05:00:00,1394.91,289.7,32.9,4366.3,EQ037
GS0367,2025-09-16 06:00:00,567.71,283.8,38.3,3755.8,EQ044
GS0368,2025-09-16 07:00:00,521.87,319.8,32.4,3193.4,EQ003
GS0369,2025-09-16 08:00:00,545.45,313.2,34.9,4040.7,EQ010
GS0370,2025-09-16 09:00:00,1240.72,279.5,32.1,4305.4,EQ017
GS0371,2025-09-16 10:00:00,1471.54,233.1,33.8,3576.2,EQ024
GS0372,2025-09-16 11:00:00,1279.37,280.2,21.8,3276.1,EQ031
GS0373,2025-09-16 12:00:00,660.0,243.6,32.4,4318.7,EQ038
GS0374,2025-09-16 13:00:00,1290.65,291.1,32.7,3787.6,EQ045
GS0375,2025-09-16 14:00:00,803.41,244.1,32.7,3828.2,EQ001
GS0376,2025-09-16 15:00:00,671.11,209.1,21.0,3058.6,EQ008
GS0377,2025-09-16 16:00:00,648.14,376.7,38.2,3405.7,EQ015
GS0378,2025-09-16 17:00:00,1290.62,328.5,21.2,4235.1,EQ022
GS0379,2025-09-16 18:00:00,1034.59,200.3,23.7,3907.7,EQ029
GS0380,2025-09-16 19:00:00,869.11,216.6,32.6,3823.9,EQ036
GS0381,2025-09-16 20:00:00,1222.08,281.7,30.3,3487.0,EQ043
GS0382,2025-09-16 21:00:00,557.26,363.2,35.6,3328.9,EQ050
GS0383,2025-09-16 22:00:00,1465.23,235.3,39.3,3806.1,EQ002
GS0384,2025-09-16 23:00:00,1478.76,355.6,34.5,3159.7,EQ009
GS0385,2025-09-17 00:00:00,1245.77,276.4,31.3,4305.0,EQ016
GS0386,2025-09-17 01:00:00,1134.31,310.2,35.4,3331.0,EQ023
GS0387,2025-09-17 02:00:00,768.79,316.3,35.2,4129.3,EQ030
GS0388,2025-09-17 03:00:00,655.64,246.3,33.2,3553.0,EQ037
GS0389,2025-09-17 04:00:00,1402.17,218.7,19.5,3277.5,EQ044
GS0390,2025-09-17 05:00:00,1362.35,237.8,27.3,4094.2,EQ003
GS0391,2025-09-17 06:00:00,1147.56,204.2,19.1,3266.6,EQ010
GS0392,2025-09-17 07:00:00,894.2,321.6,16.7,3108.1,EQ017
GS0393,2025-09-17 08:00:00,745.25,381.8,39.3,3150.4,EQ024
GS0394,2025-09-17 09:00:00,1026.78,345.4,35.2,3904.9,EQ031
GS0395,2025-09-17 10:00:00,877.88,204.1,35.7,4145.2,EQ038
GS0396,2025-09-17 11:00:00,1144.48,208.7,21.2,3125.4,EQ045
GS0397,2025-09-17 12:00:00,642.64,325.5,15.3,4449.5,EQ001
GS0398,2025-09-17 13:00:00,1457.62,221.3,33.4,3507.6,EQ008
GS0399,2025-09-17 14:00:00,1207.46,240.5,27.0,3844.3,EQ015
GS0400,2025-09-17 15:00:00,944.33,232.6,23.3,3231.8,EQ022
GS0401,2025-09-17 16:00:00,555.88,338.4,30.7,3184.6,EQ029
GS0402,2025-09-17 17:00:00,1324.92,220.6,22.4,3767.3,EQ036
GS0403,2025-09-17 18:00:00,1336.48,228.4,37.8,3036.0,EQ043
GS0404,2025-09-17 19:00:00,927.14,229.5,31.4,3338.8,EQ050
GS0405,2025-09-17 20:00:00,1378.99,276.9,37.1,4234.2,EQ002
GS0406,2025-09-17 21:00:00,612.41,233.9,17.8,3152.6,EQ009
GS0407,2025-09-17 22:00:00,1455.85,271.5,30.4,3177.5,EQ016
GS0408,2025-09-17 23:00:00,1423.32,384.0,37.4,3906.8,EQ023
GS0409,2025-09-18 00:00:00,678.07,306.1,30.0,4019.1,EQ030
GS0410,2025-09-18 01:00:00,650.22,333.5,22.5,4226.3,EQ037
GS0411,2025-09-18 02:00:00,848.39,220.8,37.9,3992.6,EQ044
GS0412,2025-09-18 03:00:00,1432.88,362.1,32.8,3114.6,EQ003
GS0413,2025-09-18 04:00:00,502.18,386.6,18.7,3983.8,EQ010
GS0414,2025-09-18 05:00:00,820.26,278.1,33.0,4178.3,EQ017
GS0415,2025-09-18 06:00:00,978.43,213.5,29.4,4439.4,EQ024
GS0416,2025-09-18 07:00:00,778.48,218.1,39.9,3272.8,EQ031
GS0417,2025-09-18 08:00:00,885.02,263.9,25.6,4040.1,EQ038
GS0418,2025-09-18 09:00:00,913.94,358.7,23.3,4203.2,EQ045
GS0419,2025-09-18 10:00:00,1153.95,249.2,25.5,3745.7,EQ001
GS0420,2025-09-18 11:00:00,1033.77,306.5,35.5,3576.9,EQ008
GS0421,2025-09-18 12:00:00,1080.96,284.4,29.4,4040.2,EQ015
GS0422,2025-09-18 13:00:00,1248.28,340.6,20.9,3004.3,EQ022
GS0423,2025-09-18 14:00:00,1493.91,203.4,29.0,4436.4,EQ029
GS0424,2025-09-18 15:00:00,1420.9,211.9,23.7,4273.1,EQ036
GS0425,2025-09-18 16:00:00,1366.77,363.8,22.4,3216.2,EQ043
GS0426,2025-09-18 17:00:00,1353.31,394.4,37.8,3363.7,EQ050
GS0427,2025-09-18 18:00:00,1327.82,211.2,18.4,4443.1,EQ002
GS0428,2025-09-18 19:00:00,1203.96,275.5,15.7,4447.4,EQ009
GS0429,2025-09-18 20:00:00,871.68,340.3,31.6,3110.7,EQ016
GS0430,2025-09-18 21:00:00,1337.44,374.1,15.8,3547.9,EQ023
GS0431,2025-09-18 22:00:00,578.99,215.4,29.2,4220.6,EQ030
GS0432,2025-09-18 23:00:00,649.72,236.5,33.6,4122.2,EQ037
GS0433,2025-09-19 00:00:00,1198.56,259.9,25.3,3506.0,EQ044
GS0434,2025-09-19 01:00:00,1281.4,339.0,22.2,3233.8,EQ003
GS0435,2025-09-19 02:00:00,1381.16,206.4,33.8,3754.9,EQ010
GS0436,2025-09-19 03:00:00,510.87,366.5,32.0,4314.0,EQ017
GS0437,2025-09-19 04:00:00,1054.16,365.9,38.0,3752.8,EQ024
GS0438,2025-09-19 05:00:00,1209.35,284.7,18.9,4459.7,EQ031
GS0439,2025-09-19 06:00:00,1021.5,395.6,18.1,3317.8,EQ038
GS0440,2025-09-19 07:00:00,1119.04,243.8,19.6,4119.0,EQ045
GS0441,2025-09-19 08:00:00,1059.29,368.3,35.4,3702.7,EQ001
GS0442,2025-09-19 09:00:00,813.19,328.4,35.7,3247.2,EQ008
GS0443,2025-09-19 10:00:00,1303.34,329.3,19.9,3162.6,EQ015
GS0444,2025-09-19 11:00:00,577.81,320.6,36.2,3042.1,EQ022
GS0445,2025-09-19 12:00:00,782.21,308.3,16.6,3895.7,EQ029
GS0446,2025-09-19 13:00:00,1256.52,261.8,28.8,3957.6,EQ036
GS0447,2025-09-19 14:00:00,532.37,253.8,39.4,3847.2,EQ043
GS0448,2025-09-19 15:00:00,1063.74,358.0,16.1,3471.9,EQ050
GS0449,2025-09-19 16:00:00,1443.51,201.7,23.9,3423.6,EQ002
GS0450,2025-09-19 17:00:00,898.14,239.0,33.8,4088.5,EQ009
GS0451,2025-09-19 18:00:00,1473.85,340.5,17.4,3610.9,EQ016
GS0452,2025-09-19 19:00:00,1241.45,220.2,35.2,3225.3,EQ023
GS0453,2025-09-19 20:00:00,1087.18,276.4,29.7,4278.0,EQ030
GS0454,2025-09-19 21:00:00,790.12,230.3,26.6,4327.8,EQ037
GS0455,2025-09-19 22:00:00,593.29,343.7,37.1,4211.2,EQ044
GS0456,2025-09-19 23:00:00,1154.22,353.8,19.0,4445.5,EQ003
GS0457,2025-09-20 00:00:00,1016.3,345.7,31.3,4395.3,EQ010
GS0458,2025-09-20 01:00:00,841.42,357.1,23.5,3540.5,EQ017
GS0459,2025-09-20 02:00:00,1355.95,286.2,37.3,4161.3,EQ024
GS0460,2025-09-20 03:00:00,887.63,241.8,30.3,3112.5,EQ031
GS0461,2025-09-20 04:00:00,652.4,325.6,27.4,4207.1,EQ038
GS0462,2025-09-20 05:00:00,642.62,374.1,28.7,4453.4,EQ045
GS0463,2025-09-20 06:00:00,1281.45,217.4,17.4,3470.6,EQ001
GS0464,2025-09-20 07:00:00,1434.06,232.3,22.0,3545.0,EQ008
GS0465,2025-09-20 08:00:00,589.23,235.8,34.3,3386.9,EQ015
GS0466,2025-09-20 09:00:00,973.26,251.2,36.9,3975.4,EQ022
GS0467,2025-09-20 10:00:00,640.45,224.8,29.2,3059.4,EQ029
GS0468,2025-09-20 11:00:00,1359.0,280.2,36.4,4375.7,EQ036
GS0469,2025-09-20 12:00:00,628.98,273.3,36.1,4428.1,EQ043
GS0470,2025-09-20 13:00:00,873.68,336.4,27.6,3394.2,EQ050
GS0471,2025-09-20 14:00:00,1375.54,336.5,30.5,3965.8,EQ002
GS0472,2025-09-20 15:00:00,1241.04,249.0,35.5,3011.9,EQ009
GS0473,2025-09-20 16:00:00,1353.06,258.1,19.0,3598.9,EQ016
GS0474,2025-09-20 17:00:00,572.98,277.6,26.6,3140.3,EQ023
GS0475,2025-09-20 18:00:00,965.88,328.5,37.5,3697.3,EQ030
GS0476,2025-09-20 19:00:00,585.82,346.4,37.9,4383.7,EQ037
GS0477,2025-09-20 20:00:00,1268.22,239.9,23.2,3475.9,EQ044
GS0478,2025-09-20 21:00:00,1496.44,297.3,32.6,3714.3,EQ003
GS0479,2025-09-20 22:00:00,778.38,207.7,18.9,3705.0,EQ010
GS0480,2025-09-20 23:00:00,1140.22,264.0,15.8,3901.6,EQ017
GS0481,2025-09-21 00:00:00,880.28,387.3,24.0,3645.2,EQ024
GS0482,2025-09-21 01:00:00,973.41,210.8,36.7,4429.0,EQ031
GS0483,2025-09-21 02:00:00,1183.67,254.0,30.9,3125.4,EQ038
GS0484,2025-09-21 03:00:00,569.26,281.0,22.5,4068.3,EQ045
GS0485,2025-09-21 04:00:00,1371.29,305.0,31.7,3389.2,EQ001
GS0486,2025-09-21 05:00:00,1330.55,218.5,37.5,3513.0,EQ008
GS0487,2025-09-21 06:00:00,1253.18,232.9,23.7,3628.7,EQ015
GS0488,2025-09-21 07:00:00,975.5,337.8,19.0,4045.0,EQ022
GS0489,2025-09-21 08:00:00,854.69,338.6,24.7,3014.9,EQ029
GS0490,2025-09-21 09:00:00,1283.07,319.4,16.9,4001.9,EQ036
GS0491,2025-09-21 10:00:00,1116.51,264.7,39.7,4408.5,EQ043
GS0492,2025-09-21 11:00:00,1242.84,347.3,22.9,3225.8,EQ050
GS0493,2025-09-21 12:00:00,958.66,229.5,36.6,3170.4,EQ002
GS0494,2025-09-21 13:00:00,1469.98,281.3,28.0,3005.5,EQ009
GS0495,2025-09-21 14:00:00,950.56,366.5,18.1,3674.0,EQ016
GS0496,2025-09-21 15:00:00,1469.46,219.5,20.5,4468.5,EQ023
GS0497,2025-09-21 16:00:00,920.18,309.2,19.2,3566.3,EQ030
GS0498,2025-09-21 17:00:00,848.09,390.5,39.3,3865.3,EQ037
GS0499,2025-09-21 18:00:00,514.37,362.8,15.4,4345.0,EQ044
GS0500,2025-09-21 19:00:00,1002.09,373.6,32.5,3973.4,EQ003
GS0501,2025-09-21 20:00:00,956.0,282.1,23.8,3813.7,EQ010
GS0502,2025-09-21 21:00:00,1023.17,353.0,17.8,3263.7,EQ017
GS0503,2025-09-21 22:00:00,928.38,235.4,29.9,3814.1,EQ024
GS0504,2025-09-21 23:00:00,881.56,369.0,32.2,3656.2,EQ031
GS0505,2025-09-22 00:00:00,783.25,324.1,38.1,4285.5,EQ038
GS0506,2025-09-22 01:00:00,1495.36,361.2,17.6,3974.4,EQ045
GS0507,2025-09-22 02:00:00,1116.26,282.3,27.4,4127.6,EQ001
GS0508,2025-09-22 03:00:00,1427.23,219.9,26.1,3871.9,EQ008
GS0509,2025-09-22 04:00:00,532.64,258.0,25.5,3334.3,EQ015
GS0510,2025-09-22 05:00:00,954.63,276.2,19.9,3704.4,EQ022
GS0511,2025-09-22 06:00:00,624.44,393.5,37.9,3619.4,EQ029
GS0512,2025-09-22 07:00:00,1320.42,340.8,33.5,3011.4,EQ036
GS0513,2025-09-22 08:00:00,874.64,244.8,22.1,4319.4,EQ043
GS0514,2025-09-22 09:00:00,764.5,367.7,34.9,3622.1,EQ050
GS0515,2025-09-22 10:00:00,741.55,380.0,25.4,3023.3,EQ002
GS0516,2025-09-22 11:00:00,653.38,274.9,35.4,4230.1,EQ009
GS0517,2025-09-22 12:00:00,1099.95,267.0,39.0,4489.2,EQ016
GS0518,2025-09-22 13:00:00,741.83,394.7,19.8,3966.7,EQ023
GS0519,2025-09-22 14:00:00,1328.55,360.3,29.4,3193.3,EQ030
GS0520,2025-09-22 15:00:00,1136.27,395.5,19.3,4356.3,EQ037
GS0521,2025-09-22 16:00:00,1017.28,287.5,17.5,4201.8,EQ044
GS0522,2025-09-22 17:00:00,1004.26,326.3,34.6,4264.5,EQ003
GS0523,2025-09-22 18:00:00,1127.32,252.0,28.8,4423.1,EQ010
GS0524,2025-09-22 19:00:00,703.76,218.7,25.9,3943.3,EQ017
GS0525,2025-09-22 20:00:00,1093.29,205.6,32.7,4380.9,EQ024
GS0526,2025-09-22 21:00:00,578.77,276.5,33.6,3195.8,EQ031
GS0527,2025-09-22 22:00:00,953.71,326.3,24.0,3359.6,EQ038
GS0528,2025-09-22 23:00:00,1397.91,259.4,28.4,3367.9,EQ045
GS0529,2025-09-23 00:00:00,1280.03,357.2,34.3,3988.9,EQ001
GS0530,2025-09-23 01:00:00,774.96,387.0,30.7,3957.6,EQ008
GS0531,2025-09-23 02:00:00,1079.35,220.7,26.5,3893.8,EQ015
GS0532,2025-09-23 03:00:00,607.08,256.5,37.4,3139.2,EQ022
GS0533,2025-09-23 04:00:00,994.25,272.3,36.0,3586.2,EQ029
GS0534,2025-09-23 05:00:00,991.04,204.4,16.8,4438.8,EQ036
GS0535,2025-09-23 06:00:00,576.31,337.5,24.4,3470.4,EQ043
GS0536,2025-09-23 07:00:00,1408.3,361.7,19.5,3015.2,EQ050
GS0537,2025-09-23 08:00:00,678.68,313.5,30.2,3047.2,EQ002
GS0538,2025-09-23 09:00:00,1475.92,398.7,27.1,3921.0,EQ009
GS0539,2025-09-23 10:00:00,1046.48,231.7,33.5,4389.9,EQ016
GS0540,2025-09-23 11:00:00,692.85,205.9,15.6,3767.6,EQ023
GS0541,2025-09-23 12:00:00,652.35,373.4,17.9,3325.4,EQ030
GS0542,2025-09-23 13:00:00,827.54,244.0,33.2,4409.8,EQ037
GS0543,2025-09-23 14:00:00,767.59,296.3,38.8,3522.8,EQ044
GS0544,2025-09-23 15:00:00,1051.5,258.9,33.6,3743.7,EQ003
GS0545,2025-09-23 16:00:00,1012.66,280.0,19.8,3259.4,EQ010
GS0546,2025-09-23 17:00:00,1187.06,377.5,22.0,3589.2,EQ017
GS0547,2025-09-23 18:00:00,1083.65,353.3,22.8,4191.1,EQ024
GS0548,2025-09-23 19:00:00,1453.76,297.6,37.1,3635.6,EQ031
GS0549,2025-09-23 20:00:00,1247.08,363.2,30.6,3910.9,EQ038
GS0550,2025-09-23 21:00:00,929.31,313.4,24.3,3949.0,EQ045
GS0551,2025-09-23 22:00:00,564.27,233.4,15.8,3767.0,EQ001
GS0552,2025-09-23 23:00:00,1086.87,258.7,35.7,3967.6,EQ008
GS0553,2025-09-24 00:00:00,1465.15,270.5,15.7,3269.9,EQ015
GS0554,2025-09-24 01:00:00,822.68,358.2,23.9,3109.0,EQ022
GS0555,2025-09-24 02:00:00,1156.95,274.4,34.5,3183.5,EQ029
GS0556,2025-09-24 03:00:00,818.59,202.2,23.2,3698.1,EQ036
GS0557,2025-09-24 04:00:00,1295.24,379.7,29.0,3578.4,EQ043
GS0558,2025-09-24 05:00:00,1101.8,305.5,17.6,3417.1,EQ050
GS0559,2025-09-24 06:00:00,1107.9,376.7,36.5,3112.2,EQ002
GS0560,2025-09-24 07:00:00,1392.66,284.4,33.9,3476.7,EQ009
GS0561,2025-09-24 08:00:00,820.12,239.4,35.1,3748.0,EQ016
GS0562,2025-09-24 09:00:00,1490.26,284.2,18.1,3256.7,EQ023
GS0563,2025-09-24 10:00:00,826.87,276.6,29.4,3427.6,EQ030
GS0564,2025-09-24 11:00:00,1143.67,371.2,39.7,4367.5,EQ037
GS0565,2025-09-24 12:00:00,784.37,368.3,25.1,4343.7,EQ044
GS0566,2025-09-24 13:00:00,1418.03,207.8,31.1,3104.2,EQ003
GS0567,2025-09-24 14:00:00,595.12,360.5,33.1,3412.0,EQ010
GS0568,2025-09-24 15:00:00,1253.69,280.1,28.9,3469.8,EQ017
GS0569,2025-09-24 16:00:00,1112.32,278.7,32.4,3681.9,EQ024
GS0570,2025-09-24 17:00:00,1348.67,393.4,18.0,3560.9,EQ031
GS0571,2025-09-24 18:00:00,1117.98,205.9,16.2,3015.6,EQ038
GS0572,2025-09-24 19:00:00,605.14,264.6,32.2,3653.5,EQ045
GS0573,2025-09-24 20:00:00,670.19,238.2,37.6,3553.3,EQ001
GS0574,2025-09-24 21:00:00,1402.88,397.9,38.4,4302.0,EQ008
GS0575,2025-09-24 22:00:00,759.69,357.0,17.8,4420.7,EQ015
GS0576,2025-09-24 23:00:00,575.04,265.9,30.3,4218.7,EQ022
GS0577,2025-09-25 00:00:00,769.91,234.1,18.4,3691.0,EQ029
GS0578,2025-09-25 01:00:00,626.29,372.4,33.8,4331.7,EQ036
GS0579,2025-09-25 02:00:00,1465.84,282.7,26.2,3183.6,EQ043
GS0580,2025-09-25 03:00:00,1027.59,315.6,31.5,4464.5,EQ050
GS0581,2025-09-25 04:00:00,821.91,346.2,20.6,3395.7,EQ002
GS0582,2025-09-25 05:00:00,796.23,216.6,29.0,4309.3,EQ009
GS0583,2025-09-25 06:00:00,1159.48,347.1,20.1,3117.0,EQ016
GS0584,2025-09-25 07:00:00,1471.77,212.1,15.3,3324.2,EQ023
GS0585,2025-09-25 08:00:00,1318.51,237.6,17.6,3313.0,EQ030
GS0586,2025-09-25 09:00:00,1090.52,305.5,36.5,4140.7,EQ037
GS0587,2025-09-25 10:00:00,811.83,290.8,18.8,3756.8,EQ044
GS0588,2025-09-25 11:00:00,1414.13,243.8,24.1,4462.6,EQ003
GS0589,2025-09-25 12:00:00,1367.86,302.7,34.5,3281.9,EQ010
GS0590,2025-09-25 13:00:00,777.84,232.8,22.7,4304.7,EQ017
GS0591,2025-09-25 14:00:00,1148.38,229.5,36.9,4117.5,EQ024
GS0592,2025-09-25 15:00:00,740.56,378.8,19.7,3042.9,EQ031
GS0593,2025-09-25 16:00:00,1161.89,290.5,21.6,4390.4,EQ038
GS0594,2025-09-25 17:00:00,584.07,286.3,18.8,3753.3,EQ045
GS0595,2025-09-25 18:00:00,1007.93,210.6,21.8,3146.7,EQ001
GS0596,2025-09-25 19:00:00,1148.62,346.4,25.6,3441.0,EQ008
GS0597,2025-09-25 20:00:00,902.69,318.8,28.2,3740.4,EQ015
GS0598,2025-09-25 21:00:00,933.57,336.2,31.2,4438.5,EQ022
GS0599,2025-09-25 22:00:00,719.58,210.6,15.9,3399.3,EQ029
GS0600,2025-09-25 23:00:00,565.85,220.2,20.7,3930.3,EQ036
GS0601,2025-09-26 00:00:00,1215.82,278.4,17.5,4100.9,EQ043
GS0602,2025-09-26 01:00:00,1379.53,253.7,20.1,4178.6,EQ050
GS0603,2025-09-26 02:00:00,847.63,257.6,29.9,4100.8,EQ002
GS0604,2025-09-26 03:00:00,594.24,300.6,32.5,3715.1,EQ009
GS0605,2025-09-26 04:00:00,805.32,381.3,21.0,3472.7,EQ016
GS0606,2025-09-26 05:00:00,569.45,237.5,37.5,3212.8,EQ023
GS0607,2025-09-26 06:00:00,512.73,294.9,23.4,3266.3,EQ030
GS0608,2025-09-26 07:00:00,763.83,215.4,32.0,4279.6,EQ037
GS0609,2025-09-26 08:00:00,1094.01,393.9,29.6,3732.5,EQ044
GS0610,2025-09-26 09:00:00,747.51,221.9,35.5,3850.9,EQ003
GS0611,2025-09-26 10:00:00,1490.41,367.1,28.1,3251.0,EQ010
GS0612,2025-09-26 11:00:00,646.58,218.8,22.6,4104.3,EQ017
GS0613,2025-09-26 12:00:00,952.62,347.0,39.7,3386.0,EQ024
GS0614,2025-09-26 13:00:00,986.49,272.9,15.3,3528.9,EQ031
GS0615,2025-09-26 14:00:00,1210.16,378.3,34.4,4285.4,EQ038
GS0616,2025-09-26 15:00:00,1402.17,319.1,17.8,4028.7,EQ045
GS0617,2025-09-26 16:00:00,1228.22,204.1,39.5,4284.4,EQ001
GS0618,2025-09-26 17:00:00,1159.37,228.3,27.4,3366.6,EQ008
GS0619,2025-09-26 18:00:00,1241.01,394.7,24.0,4116.5,EQ015
GS0620,2025-09-26 19:00:00,693.84,391.0,31.0,4448.2,EQ022
GS0621,2025-09-26 20:00:00,1377.14,335.8,37.5,3673.9,EQ029
GS0622,2025-09-26 21:00:00,1458.31,305.4,21.6,4018.6,EQ036
GS0623,2025-09-26 22:00:00,1387.99,278.2,25.4,4490.9,EQ043
GS0624,2025-09-26 23:00:00,809.32,208.2,28.0,3514.9,EQ050
GS0625,2025-09-27 00:00:00,1112.37,286.7,26.4,4452.2,EQ002
GS0626,2025-09-27 01:00:00,1292.34,257.7,39.2,3748.4,EQ009
GS0627,2025-09-27 02:00:00,1185.53,293.3,18.8,4450.0,EQ016
GS0628,2025-09-27 03:00:00,1123.8,332.9,22.6,3432.4,EQ023
GS0629,2025-09-27 04:00:00,1299.79,203.1,16.0,3424.5,EQ030
GS0630,2025-09-27 05:00:00,1093.07,210.6,22.6,3645.5,EQ037
GS0631,2025-09-27 06:00:00,1160.25,200.1,21.3,3525.3,EQ044
GS0632,2025-09-27 07:00:00,783.27,371.8,31.6,4153.3,EQ003
GS0633,2025-09-27 08:00:00,655.04,217.2,21.8,4493.9,EQ010
GS0634,2025-09-27 09:00:00,696.73,317.0,17.0,3328.3,EQ017
GS0635,2025-09-27 10:00:00,973.18,270.9,35.3,3955.6,EQ024
GS0636,2025-09-27 11:00:00,922.56,393.4,17.5,3391.9,EQ031
GS0637,2025-09-27 12:00:00,802.02,262.1,29.1,4018.4,EQ038
GS0638,2025-09-27 13:00:00,822.48,315.6,32.1,3299.3,EQ045
GS0639,2025-09-27 14:00:00,635.69,310.9,22.5,3128.4,EQ001
GS0640,2025-09-27 15:00:00,1066.67,325.7,28.6,3563.9,EQ008
GS0641,2025-09-27 16:00:00,1375.92,287.4,18.5,3662.9,EQ015
GS0642,2025-09-27 17:00:00,813.26,387.0,32.8,3702.6,EQ022
GS0643,2025-09-27 18:00:00,927.67,284.1,25.3,3041.5,EQ029
GS0644,2025-09-27 19:00:00,1058.91,391.5,25.5,4133.8,EQ036
GS0645,2025-09-27 20:00:00,1115.21,260.5,21.1,3768.3,EQ043
GS0646,2025-09-27 21:00:00,627.27,308.7,29.1,3440.0,EQ050
GS0647,2025-09-27 22:00:00,1255.34,278.5,25.1,3008.9,EQ002
GS0648,2025-09-27 23:00:00,1307.48,375.0,26.5,3081.5,EQ009
GS0649,2025-09-28 00:00:00,554.69,366.0,31.2,3500.2,EQ016
GS0650,2025-09-28 01:00:00,597.4,258.1,27.0,3497.0,EQ023
GS0651,2025-09-28 02:00:00,560.86,348.1,31.9,4109.0,EQ030
GS0652,2025-09-28 03:00:00,553.02,241.0,18.6,4110.6,EQ037
GS0653,2025-09-28 04:00:00,995.3,244.7,31.9,4278.4,EQ044
GS0654,2025-09-28 05:00:00,800.89,262.2,39.7,3009.7,EQ003
GS0655,2025-09-28 06:00:00,984.96,337.6,17.9,3000.1,EQ010
GS0656,2025-09-28 07:00:00,1103.79,224.2,17.4,3306.4,EQ017
GS0657,2025-09-28 08:00:00,973.74,366.5,26.1,3083.5,EQ024
GS0658,2025-09-28 09:00:00,621.81,280.9,39.6,4230.4,EQ031
GS0659,2025-09-28 10:00:00,1341.72,309.3,35.5,4022.0,EQ038
GS0660,2025-09-28 11:00:00,1359.31,323.4,25.8,3954.3,EQ045
GS0661,2025-09-28 12:00:00,684.81,363.7,31.4,3256.2,EQ001
GS0662,2025-09-28 13:00:00,1241.66,309.3,26.9,3435.1,EQ008
GS0663,2025-09-28 14:00:00,1167.54,391.8,27.3,4001.5,EQ015
GS0664,2025-09-28 15:00:00,891.19,339.5,17.7,3625.3,EQ022
GS0665,2025-09-28 16:00:00,924.83,205.6,26.4,3846.3,EQ029
GS0666,2025-09-28 17:00:00,511.02,260.6,31.1,4339.8,EQ036
GS0667,2025-09-28 18:00:00,1119.88,208.5,37.7,4444.2,EQ043
GS0668,2025-09-28 19:00:00,967.91,344.6,21.9,4472.6,EQ050
GS0669,2025-09-28 20:00:00,857.75,371.2,27.6,3523.3,EQ002
GS0670,2025-09-28 21:00:00,1206.22,278.1,16.6,3983.9,EQ009
GS0671,2025-09-28 22:00:00,851.87,343.8,23.5,4072.8,EQ016
GS0672,2025-09-28 23:00:00,1286.7,255.7,34.1,3454.4,EQ023
GS0673,2025-09-29 00:00:00,893.93,383.2,31.1,3564.8,EQ030
GS0674,2025-09-29 01:00:00,971.75,331.8,29.4,4391.1,EQ037
GS0675,2025-09-29 02:00:00,1275.4,305.1,18.2,3486.1,EQ044
GS0676,2025-09-29 03:00:00,1455.19,269.6,30.4,3605.7,EQ003
GS0677,2025-09-29 04:00:00,544.93,370.4,19.0,3144.8,EQ010
GS0678,2025-09-29 05:00:00,606.22,386.8,26.9,4139.9,EQ017
GS0679,2025-09-29 06:00:00,1481.33,361.7,33.3,3354.9,EQ024
GS0680,2025-09-29 07:00:00,1399.79,234.8,37.3,4133.7,EQ031
GS0681,2025-09-29 08:00:00,920.06,212.9,30.3,3171.7,EQ038
GS0682,2025-09-29 09:00:00,1346.8,214.6,34.1,3909.8,EQ045
GS0683,2025-09-29 10:00:00,1340.68,384.7,23.0,4048.1,EQ001
GS0684,2025-09-29 11:00:00,877.63,397.8,29.3,3299.6,EQ008
GS0685,2025-09-29 12:00:00,752.49,287.5,22.2,3301.8,EQ015
GS0686,2025-09-29 13:00:00,662.09,362.8,35.2,3288.4,EQ022
GS0687,2025-09-29 14:00:00,1082.11,325.8,31.7,3305.3,EQ029
GS0688,2025-09-29 15:00:00,1310.01,378.7,24.0,3612.0,EQ036
GS0689,2025-09-29 16:00:00,1046.58,214.4,19.6,4095.0,EQ043
GS0690,2025-09-29 17:00:00,1410.99,328.4,27.4,4248.6,EQ050
GS0691,2025-09-29 18:00:00,1070.37,294.7,23.8,3927.7,EQ002
GS0692,2025-09-29 19:00:00,1058.7,227.6,16.7,3641.3,EQ009
GS0693,2025-09-29 20:00:00,876.12,214.2,17.0,4173.6,EQ016
GS0694,2025-09-29 21:00:00,798.23,223.6,20.8,3902.2,EQ023
GS0695,2025-09-29 22:00:00,830.92,244.8,38.5,4383.4,EQ030
GS0696,2025-09-29 23:00:00,751.38,340.7,16.7,4307.2,EQ037
GS0697,2025-09-30 00:00:00,1468.11,215.0,29.4,4279.8,EQ044
GS0698,2025-09-30 01:00:00,1431.81,300.0,25.0,3085.0,EQ003
GS0699,2025-09-30 02:00:00,1197.52,222.2,26.8,4376.1,EQ010
GS0700,2025-09-30 03:00:00,763.05,206.0,23.5,3391.3,EQ017
GS0701,2025-09-30 04:00:00,834.54,352.9,18.5,3820.6,EQ024
GS0702,2025-09-30 05:00:00,1233.87,384.8,31.6,4317.4,EQ031
GS0703,2025-09-30 06:00:00,735.62,214.6,38.7,4356.5,EQ038
GS0704,2025-09-30 07:00:00,1203.09,353.1,15.9,4471.6,EQ045
GS0705,2025-09-30 08:00:00,1449.91,319.6,30.3,3120.9,EQ001
GS0706,2025-09-30 09:00:00,1051.43,389.3,21.8,3062.6,EQ008
GS0707,2025-09-30 10:00:00,535.6,301.5,31.3,3647.3,EQ015
GS0708,2025-09-30 11:00:00,803.42,370.0,39.3,3032.2,EQ022
GS0709,2025-09-30 12:00:00,555.36,354.7,35.3,3801.3,EQ029
GS0710,2025-09-30 13:00:00,1360.29,336.4,33.4,3828.7,EQ036
GS0711,2025-09-30 14:00:00,552.14,353.1,32.4,3644.6,EQ043
GS0712,2025-09-30 15:00:00,926.83,227.6,25.9,4345.7,EQ050
GS0713,2025-09-30 16:00:00,1482.53,273.5,19.8,3654.8,EQ002
GS0714,2025-09-30 17:00:00,557.92,246.4,29.7,3340.7,EQ009
GS0715,2025-09-30 18:00:00,1247.48,377.7,34.8,3852.1,EQ016
GS0716,2025-09-30 19:00:00,1490.94,203.0,33.0,4218.9,EQ023
GS0717,2025-09-30 20:00:00,576.61,225.3,19.5,3065.6,EQ030
GS0718,2025-09-30 21:00:00,849.67,331.0,21.1,3438.6,EQ037
GS0719,2025-09-30 22:00:00,1106.12,295.7,18.1,3115.2,EQ044
GS0720,2025-09-30 23:00:00,750.2,308.7,27.4,4102.8,EQ003
