Emission_ID,Timestamp,Scope_Type,Source_Type,Emission_Factor,Activity_Data,Equipment_ID
GHG0001,2025-09-01 00:00:00,Scope1,Electricity,1.31,3806.81,EQ041
GHG0002,2025-09-01 06:00:00,Scope1,Combustion,2.3069,3596.95,EQ020
GHG0003,2025-09-01 12:00:00,Scope2,Combustion,2.8174,785.57,EQ041
GHG0004,2025-09-01 18:00:00,Scope1,Process,2.8503,1251.57,EQ033
GHG0005,2025-09-02 00:00:00,Scope2,Electricity,1.3454,2121.94,EQ039
GHG0006,2025-09-02 06:00:00,Scope1,Transport,1.5014,404.54,EQ013
GHG0007,2025-09-02 12:00:00,Scope2,Transport,2.2365,2785.68,EQ010
GHG0008,2025-09-02 18:00:00,Scope1,Process,1.6212,664.72,EQ024
GHG0009,2025-09-03 00:00:00,Scope2,Process,1.0982,3259.32,EQ049
GHG0010,2025-09-03 06:00:00,Scope3,Combustion,0.6312,4230.18,EQ011
GHG0011,2025-09-03 12:00:00,Scope1,Transport,0.606,1173.1,EQ035
GHG0012,2025-09-03 18:00:00,Scope1,Process,2.8861,774.6,EQ050
GHG0013,2025-09-04 00:00:00,Scope2,Electricity,1.4688,3208.22,EQ034
GHG0014,2025-09-04 06:00:00,Scope2,Combustion,1.7756,1519.23,EQ001
GHG0015,2025-09-04 12:00:00,Scope1,Transport,1.8751,296.64,EQ039
GHG0016,2025-09-04 18:00:00,Scope3,Combustion,1.0221,2955.42,EQ021
GHG0017,2025-09-05 00:00:00,Scope1,Electricity,2.2546,2949.76,EQ032
GHG0018,2025-09-05 06:00:00,Scope2,Process,1.493,846.05,EQ002
GHG0019,2025-09-05 12:00:00,Scope1,Electricity,1.1641,1934.07,EQ008
GHG0020,2025-09-05 18:00:00,Scope2,Process,2.5871,3795.44,EQ024
GHG0021,2025-09-06 00:00:00,Scope2,Electricity,0.9894,4499.85,EQ020
GHG0022,2025-09-06 06:00:00,Scope2,Combustion,2.1262,2313.08,EQ016
GHG0023,2025-09-06 12:00:00,Scope2,Transport,1.0115,652.2,EQ004
GHG0024,2025-09-06 18:00:00,Scope2,Combustion,2.357,4383.75,EQ016
GHG0025,2025-09-07 00:00:00,Scope1,Electricity,2.5823,3403.61,EQ037
GHG0026,2025-09-07 06:00:00,Scope3,Electricity,1.4023,366.4,EQ006
GHG0027,2025-09-07 12:00:00,Scope3,Process,1.9171,4433.46,EQ006
GHG0028,2025-09-07 18:00:00,Scope2,Process,1.7777,1618.52,EQ047
GHG0029,2025-09-08 00:00:00,Scope1,Process,2.6509,1111.13,EQ032
GHG0030,2025-09-08 06:00:00,Scope3,Transport,2.2999,2343.63,EQ005
GHG0031,2025-09-08 12:00:00,Scope2,Process,2.802,2452.86,EQ049
GHG0032,2025-09-08 18:00:00,Scope3,Electricity,2.4875,3368.42,EQ035
GHG0033,2025-09-09 00:00:00,Scope1,Combustion,2.0409,4433.62,EQ050
GHG0034,2025-09-09 06:00:00,Scope1,Combustion,2.6429,4739.26,EQ009
GHG0035,2025-09-09 12:00:00,Scope1,Electricity,1.6127,3670.87,EQ009
GHG0036,2025-09-09 18:00:00,Scope1,Combustion,0.6338,1155.01,EQ043
GHG0037,2025-09-10 00:00:00,Scope1,Transport,2.3546,1926.82,EQ031
GHG0038,2025-09-10 06:00:00,Scope2,Transport,2.1341,1557.6,EQ036
GHG0039,2025-09-10 12:00:00,Scope1,Combustion,1.2551,1387.36,EQ011
GHG0040,2025-09-10 18:00:00,Scope1,Combustion,2.7985,3746.88,EQ017
GHG0041,2025-09-11 00:00:00,Scope3,Combustion,2.7007,4667.01,EQ034
GHG0042,2025-09-11 06:00:00,Scope1,Combustion,0.7815,3651.56,EQ039
GHG0043,2025-09-11 12:00:00,Scope2,Electricity,1.1752,3544.1,EQ028
GHG0044,2025-09-11 18:00:00,Scope2,Combustion,2.3286,851.14,EQ014
GHG0045,2025-09-12 00:00:00,Scope1,Transport,2.195,246.5,EQ035
GHG0046,2025-09-12 06:00:00,Scope2,Transport,2.5761,2120.88,EQ049
GHG0047,2025-09-12 12:00:00,Scope1,Combustion,2.1415,4801.2,EQ047
GHG0048,2025-09-12 18:00:00,Scope2,Electricity,2.2972,1093.22,EQ045
GHG0049,2025-09-13 00:00:00,Scope2,Combustion,2.1781,4819.63,EQ013
GHG0050,2025-09-13 06:00:00,Scope1,Process,2.2242,4070.73,EQ046
GHG0051,2025-09-13 12:00:00,Scope3,Combustion,2.6838,4193.42,EQ020
GHG0052,2025-09-13 18:00:00,Scope2,Transport,2.4799,3606.29,EQ026
GHG0053,2025-09-14 00:00:00,Scope3,Combustion,1.2163,533.24,EQ043
GHG0054,2025-09-14 06:00:00,Scope2,Transport,2.5518,2768.49,EQ042
GHG0055,2025-09-14 12:00:00,Scope2,Electricity,2.3155,2749.76,EQ024
GHG0056,2025-09-14 18:00:00,Scope2,Electricity,1.5175,2943.04,EQ029
GHG0057,2025-09-15 00:00:00,Scope2,Transport,2.9588,3859.84,EQ034
GHG0058,2025-09-15 06:00:00,Scope1,Transport,2.1893,2098.35,EQ029
GHG0059,2025-09-15 12:00:00,Scope2,Combustion,2.0054,4435.38,EQ008
GHG0060,2025-09-15 18:00:00,Scope2,Electricity,2.1137,2308.77,EQ016
GHG0061,2025-09-16 00:00:00,Scope3,Process,2.7244,1782.92,EQ015
GHG0062,2025-09-16 06:00:00,Scope3,Process,1.997,2747.03,EQ005
GHG0063,2025-09-16 12:00:00,Scope3,Process,2.6277,2911.09,EQ022
GHG0064,2025-09-16 18:00:00,Scope1,Transport,0.7044,2152.98,EQ002
GHG0065,2025-09-17 00:00:00,Scope1,Combustion,1.7989,2919.78,EQ038
GHG0066,2025-09-17 06:00:00,Scope2,Process,2.3493,3451.65,EQ036
GHG0067,2025-09-17 12:00:00,Scope2,Transport,0.7923,3686.09,EQ015
GHG0068,2025-09-17 18:00:00,Scope2,Transport,1.8078,4114.87,EQ038
GHG0069,2025-09-18 00:00:00,Scope1,Electricity,2.3746,3470.22,EQ015
GHG0070,2025-09-18 06:00:00,Scope1,Process,2.1012,2322.91,EQ001
GHG0071,2025-09-18 12:00:00,Scope3,Process,2.2905,4476.6,EQ005
GHG0072,2025-09-18 18:00:00,Scope3,Combustion,1.738,4587.63,EQ046
GHG0073,2025-09-19 00:00:00,Scope3,Electricity,1.1046,2089.99,EQ041
GHG0074,2025-09-19 06:00:00,Scope1,Combustion,2.8789,1035.93,EQ004
GHG0075,2025-09-19 12:00:00,Scope1,Combustion,1.2395,1114.73,EQ015
GHG0076,2025-09-19 18:00:00,Scope3,Combustion,0.6676,2317.74,EQ005
GHG0077,2025-09-20 00:00:00,Scope1,Transport,2.8622,3341.77,EQ003
GHG0078,2025-09-20 06:00:00,Scope1,Electricity,1.3579,1937.09,EQ022
GHG0079,2025-09-20 12:00:00,Scope2,Transport,2.0481,4605.82,EQ005
GHG0080,2025-09-20 18:00:00,Scope3,Combustion,2.1978,4887.37,EQ033
GHG0081,2025-09-21 00:00:00,Scope2,Electricity,1.3787,1353.33,EQ016
GHG0082,2025-09-21 06:00:00,Scope2,Transport,2.3823,3871.96,EQ018
GHG0083,2025-09-21 12:00:00,Scope2,Electricity,2.8728,3455.76,EQ043
GHG0084,2025-09-21 18:00:00,Scope1,Transport,0.5967,2488.5,EQ032
GHG0085,2025-09-22 00:00:00,Scope1,Transport,1.1304,551.04,EQ014
GHG0086,2025-09-22 06:00:00,Scope1,Combustion,1.6367,3770.36,EQ035
GHG0087,2025-09-22 12:00:00,Scope1,Transport,0.5859,1618.09,EQ009
GHG0088,2025-09-22 18:00:00,Scope3,Transport,1.0414,2111.97,EQ047
GHG0089,2025-09-23 00:00:00,Scope1,Process,1.9836,3408.69,EQ037
GHG0090,2025-09-23 06:00:00,Scope1,Transport,0.6727,988.04,EQ037
GHG0091,2025-09-23 12:00:00,Scope2,Transport,2.5033,2724.75,EQ031
GHG0092,2025-09-23 18:00:00,Scope3,Combustion,1.133,676.58,EQ016
GHG0093,2025-09-24 00:00:00,Scope3,Transport,0.9348,2313.46,EQ031
GHG0094,2025-09-24 06:00:00,Scope1,Combustion,1.2257,1723.94,EQ027
GHG0095,2025-09-24 12:00:00,Scope1,Process,2.9214,476.42,EQ013
GHG0096,2025-09-24 18:00:00,Scope2,Transport,1.1226,1997.79,EQ007
GHG0097,2025-09-25 00:00:00,Scope3,Process,2.4312,314.99,EQ007
GHG0098,2025-09-25 06:00:00,Scope1,Process,1.3502,3446.86,EQ043
GHG0099,2025-09-25 12:00:00,Scope2,Process,2.2846,4061.25,EQ028
GHG0100,2025-09-25 18:00:00,Scope1,Combustion,0.9111,746.8,EQ023
GHG0101,2025-09-26 00:00:00,Scope3,Combustion,1.5952,1896.71,EQ028
GHG0102,2025-09-26 06:00:00,Scope3,Transport,0.5513,2673.36,EQ027
GHG0103,2025-09-26 12:00:00,Scope3,Electricity,2.0871,621.01,EQ030
GHG0104,2025-09-26 18:00:00,Scope2,Combustion,1.1973,2830.68,EQ047
GHG0105,2025-09-27 00:00:00,Scope2,Combustion,0.6629,1387.6,EQ004
GHG0106,2025-09-27 06:00:00,Scope3,Electricity,1.6866,2584.86,EQ044
GHG0107,2025-09-27 12:00:00,Scope1,Process,0.8025,893.78,EQ042
GHG0108,2025-09-27 18:00:00,Scope3,Process,2.1616,2285.9,EQ042
GHG0109,2025-09-28 00:00:00,Scope3,Electricity,1.8934,2441.61,EQ007
GHG0110,2025-09-28 06:00:00,Scope3,Process,1.9553,667.66,EQ004
GHG0111,2025-09-28 12:00:00,Scope1,Process,1.0061,1571.68,EQ026
GHG0112,2025-09-28 18:00:00,Scope3,Transport,0.528,393.97,EQ047
GHG0113,2025-09-29 00:00:00,Scope1,Combustion,1.8114,1402.85,EQ022
GHG0114,2025-09-29 06:00:00,Scope3,Combustion,1.2584,4076.16,EQ007
GHG0115,2025-09-29 12:00:00,Scope2,Process,2.6515,4026.0,EQ016
GHG0116,2025-09-29 18:00:00,Scope1,Transport,1.6957,1149.2,EQ013
GHG0117,2025-09-30 00:00:00,Scope1,Transport,1.8826,3172.45,EQ013
GHG0118,2025-09-30 06:00:00,Scope1,Process,2.1677,4303.44,EQ035
GHG0119,2025-09-30 12:00:00,Scope1,Combustion,1.6942,4950.35,EQ029
GHG0120,2025-09-30 18:00:00,Scope1,Process,1.1177,3791.73,EQ009
