Item_Code,Warehouse_Code,Zone_Code,Current_Stock,Reserved_Stock,Available_Stock
ITM001,WH010,Zone_C,2783.1,408.9,2374.2
ITM002,WH004,Zone_C,1389.0,314.8,1074.2
ITM003,WH005,Zone_B,4608.2,509.9,4098.3
ITM003,WH008,Zone_B,240.3,41.5,198.8
ITM004,WH010,Zone_B,4982.8,487.1,4495.7
ITM004,WH007,Zone_B,3458.8,184.4,3274.4
ITM004,WH004,Zone_A,2222.5,522.1,1700.4
ITM005,WH004,Zone_C,1659.8,345.3,1314.5
ITM005,WH002,Zone_C,4223.9,547.3,3676.6
ITM005,WH006,Zone_C,4527.2,631.0,3896.2
ITM006,WH009,Zone_C,2402.6,482.6,1920.0
ITM007,WH009,Zone_B,1383.8,353.6,1030.2
ITM008,WH005,Zone_A,1850.9,328.1,1522.8
ITM009,WH002,Zone_B,1570.6,199.7,1370.9
ITM010,WH002,Zone_C,3767.7,1070.2,2697.5
ITM011,WH001,Zone_A,2015.0,599.7,1415.3
ITM011,WH004,Zone_C,1635.0,388.3,1246.7
ITM012,WH002,Zone_B,4394.1,714.4,3679.7
ITM012,WH001,Zone_A,2697.9,724.2,1973.7
ITM012,WH008,Zone_C,1176.0,345.0,831.0
ITM013,WH006,Zone_B,2571.6,297.9,2273.7
ITM013,WH007,Zone_A,2881.0,355.4,2525.6
ITM014,WH007,Zone_A,4075.7,271.4,3804.3
ITM014,WH005,Zone_B,4689.4,953.3,3736.1
ITM015,WH008,Zone_A,2540.0,259.3,2280.7
ITM016,WH010,Zone_A,1842.9,417.6,1425.3
ITM016,WH008,Zone_A,3015.1,680.9,2334.2
ITM017,WH008,Zone_C,2555.0,742.1,1812.9
ITM017,WH004,Zone_C,1057.7,62.9,994.8
ITM017,WH002,Zone_B,4152.7,551.7,3601.0
ITM018,WH005,Zone_B,1148.7,143.6,1005.1
ITM018,WH003,Zone_A,4275.6,1000.9,3274.7
ITM018,WH004,Zone_B,2759.0,570.3,2188.7
ITM019,WH004,Zone_A,139.4,23.2,116.2
ITM019,WH007,Zone_B,1513.5,376.4,1137.1
ITM019,WH009,Zone_C,3550.9,522.7,3028.2
ITM020,WH006,Zone_C,3720.2,718.3,3001.9
ITM021,WH002,Zone_C,1353.3,382.9,970.4
ITM021,WH008,Zone_A,592.2,39.0,553.2
ITM022,WH001,Zone_C,4489.8,310.8,4179.0
ITM022,WH003,Zone_A,488.3,93.3,395.0
ITM023,WH005,Zone_B,3942.9,492.7,3450.2
ITM023,WH002,Zone_A,3344.9,490.5,2854.4
ITM023,WH004,Zone_C,3532.1,401.9,3130.2
ITM024,WH008,Zone_C,4058.1,494.9,3563.2
ITM025,WH010,Zone_C,4055.6,1074.2,2981.4
ITM026,WH005,Zone_A,4856.0,1178.4,3677.6
ITM026,WH004,Zone_C,4063.3,634.6,3428.7
ITM027,WH001,Zone_C,3541.3,342.8,3198.5
ITM027,WH007,Zone_B,4455.6,685.7,3769.9
ITM028,WH002,Zone_A,4949.9,759.6,4190.3
ITM028,WH007,Zone_C,27.4,8.2,19.2
ITM029,WH004,Zone_A,886.0,254.8,631.2
ITM029,WH005,Zone_A,689.4,180.8,508.6
ITM030,WH004,Zone_A,1358.0,267.7,1090.3
ITM031,WH004,Zone_C,3631.5,1064.0,2567.5
ITM032,WH007,Zone_A,2451.3,500.8,1950.5
ITM033,WH008,Zone_B,4323.9,880.2,3443.7
ITM034,WH005,Zone_B,1394.9,210.5,1184.4
ITM035,WH001,Zone_B,1072.2,261.8,810.4
ITM035,WH003,Zone_B,332.1,41.8,290.3
ITM036,WH007,Zone_A,717.8,181.1,536.7
ITM036,WH005,Zone_B,568.0,82.9,485.1
ITM037,WH007,Zone_B,1106.6,212.4,894.2
ITM038,WH007,Zone_A,2921.6,261.4,2660.2
ITM038,WH006,Zone_B,2440.1,389.6,2050.5
ITM038,WH009,Zone_A,4063.2,506.5,3556.7
ITM039,WH004,Zone_C,4637.9,1355.1,3282.8
ITM040,WH001,Zone_A,3719.9,497.1,3222.8
ITM040,WH003,Zone_B,3648.5,1075.2,2573.3
ITM041,WH005,Zone_C,2008.7,171.1,1837.6
ITM041,WH009,Zone_A,4554.8,488.2,4066.6
ITM042,WH008,Zone_B,4784.4,318.3,4466.1
ITM042,WH004,Zone_C,1394.4,324.6,1069.8
ITM043,WH006,Zone_A,3439.5,423.4,3016.1
ITM044,WH006,Zone_C,482.1,55.5,426.6
ITM045,WH009,Zone_A,2343.5,599.9,1743.6
ITM045,WH010,Zone_A,336.4,90.4,246.0
ITM046,WH001,Zone_C,1441.4,230.9,1210.5
ITM046,WH006,Zone_A,2188.5,161.3,2027.2
ITM047,WH009,Zone_A,4025.9,706.6,3319.3
ITM048,WH009,Zone_B,2412.5,267.3,2145.2
ITM049,WH010,Zone_A,439.9,32.1,407.8
ITM050,WH004,Zone_C,2417.3,370.2,2047.1
ITM050,WH007,Zone_B,537.3,134.4,402.9
