Item_Code,Item_Name,Category,Unit,Specification,Safety_Stock
ITM001,Item_1,Raw_Material,ton,Spec_1,110
ITM002,Item_2,Spare_Part,kg,Spec_2,749
ITM003,Item_3,Consumable,ea,Spec_3,714
ITM004,Item_4,Semi_Finished,m,Spec_4,583
ITM005,Item_5,Finished,L,Spec_5,340
ITM006,Item_6,Raw_Material,ton,Spec_6,677
ITM007,Item_7,Spare_Part,kg,Spec_7,200
ITM008,Item_8,Consumable,ea,Spec_8,491
ITM009,Item_9,Semi_Finished,m,Spec_9,508
ITM010,Item_10,Finished,L,Spec_10,958
ITM011,Item_11,Raw_Material,ton,Spec_11,888
ITM012,Item_12,Spare_Part,kg,Spec_12,337
ITM013,Item_13,Consumable,ea,Spec_13,551
ITM014,Item_14,Semi_Finished,m,Spec_14,261
ITM015,Item_15,Finished,L,Spec_15,921
ITM016,Item_16,Raw_Material,ton,Spec_16,883
ITM017,Item_17,Spare_Part,kg,Spec_17,369
ITM018,Item_18,Consumable,ea,Spec_18,675
ITM019,Item_19,Semi_Finished,m,Spec_19,648
ITM020,Item_20,Finished,L,Spec_20,238
ITM021,Item_21,Raw_Material,ton,Spec_21,786
ITM022,Item_22,Spare_Part,kg,Spec_22,585
ITM023,Item_23,Consumable,ea,Spec_23,801
ITM024,Item_24,Semi_Finished,m,Spec_24,577
ITM025,Item_25,Finished,L,Spec_25,101
ITM026,Item_26,Raw_Material,ton,Spec_26,392
ITM027,Item_27,Spare_Part,kg,Spec_27,118
ITM028,Item_28,Consumable,ea,Spec_28,936
ITM029,Item_29,Semi_Finished,m,Spec_29,891
ITM030,Item_30,Finished,L,Spec_30,848
ITM031,Item_31,Raw_Material,ton,Spec_31,377
ITM032,Item_32,Spare_Part,kg,Spec_32,152
ITM033,Item_33,Consumable,ea,Spec_33,890
ITM034,Item_34,Semi_Finished,m,Spec_34,952
ITM035,Item_35,Finished,L,Spec_35,177
ITM036,Item_36,Raw_Material,ton,Spec_36,537
ITM037,Item_37,Spare_Part,kg,Spec_37,162
ITM038,Item_38,Consumable,ea,Spec_38,785
ITM039,Item_39,Semi_Finished,m,Spec_39,789
ITM040,Item_40,Finished,L,Spec_40,216
ITM041,Item_41,Raw_Material,ton,Spec_41,528
ITM042,Item_42,Spare_Part,kg,Spec_42,595
ITM043,Item_43,Consumable,ea,Spec_43,339
ITM044,Item_44,Semi_Finished,m,Spec_44,885
ITM045,Item_45,Finished,L,Spec_45,481
ITM046,Item_46,Raw_Material,ton,Spec_46,291
ITM047,Item_47,Spare_Part,kg,Spec_47,585
ITM048,Item_48,Consumable,ea,Spec_48,757
ITM049,Item_49,Semi_Finished,m,Spec_49,281
ITM050,Item_50,Finished,L,Spec_50,381
