Mapping_ID,Item_Code,Supplier_ID,Priority,Unit_Price,Lead_Time_Days,Quality_Score
ISM0001,ITM001,SUP008,Primary,1411.4,17,82.8
ISM0002,ITM001,SUP002,Secondary,557.35,37,81.7
ISM0003,ITM001,SUP048,Secondary,2138.51,4,81.9
ISM0004,ITM002,SUP033,Primary,3029.99,38,84.0
ISM0005,ITM003,SUP045,Primary,1141.18,40,85.6
ISM0006,ITM003,SUP035,Secondary,4353.04,13,94.0
ISM0007,ITM003,SUP027,Secondary,1734.24,12,84.3
ISM0008,ITM004,SUP007,Primary,1930.64,25,96.9
ISM0009,ITM004,SUP006,Secondary,3038.44,5,94.6
ISM0010,ITM005,SUP008,Primary,2782.6,43,92.4
ISM0011,ITM005,SUP025,Secondary,4315.45,39,83.8
ISM0012,ITM005,SUP006,Secondary,394.3,45,84.6
ISM0013,ITM006,SUP006,Primary,4339.09,27,85.6
ISM0014,ITM006,SUP015,Secondary,3196.64,26,83.3
ISM0015,ITM007,SUP014,Primary,1371.54,44,81.4
ISM0016,ITM007,SUP043,Secondary,3193.14,37,94.6
ISM0017,ITM008,SUP030,Primary,1928.3,43,93.8
ISM0018,ITM009,SUP044,Primary,1655.2,6,84.6
ISM0019,ITM010,SUP021,Primary,2035.77,7,84.2
ISM0020,ITM011,SUP046,Primary,3294.42,28,97.7
ISM0021,ITM011,SUP021,Secondary,3232.12,12,85.3
ISM0022,ITM011,SUP014,Secondary,1270.81,38,90.8
ISM0023,ITM012,SUP038,Primary,1841.88,11,90.2
ISM0024,ITM012,SUP028,Secondary,500.0,6,97.2
ISM0025,ITM012,SUP026,Secondary,806.56,13,95.8
ISM0026,ITM013,SUP039,Primary,1954.6,41,99.9
ISM0027,ITM013,SUP005,Secondary,2669.12,38,97.2
ISM0028,ITM014,SUP044,Primary,3617.57,37,95.0
ISM0029,ITM015,SUP022,Primary,2202.09,32,80.1
ISM0030,ITM015,SUP008,Secondary,3624.36,19,99.4
ISM0031,ITM015,SUP019,Secondary,3821.71,35,98.3
ISM0032,ITM016,SUP020,Primary,3064.4,12,87.5
ISM0033,ITM016,SUP041,Secondary,849.67,36,98.4
ISM0034,ITM016,SUP033,Secondary,3014.78,34,80.4
ISM0035,ITM017,SUP020,Primary,336.73,39,98.9
ISM0036,ITM017,SUP016,Secondary,473.98,34,96.3
ISM0037,ITM018,SUP050,Primary,2402.65,38,83.3
ISM0038,ITM018,SUP009,Secondary,2661.99,41,88.5
ISM0039,ITM018,SUP043,Secondary,1098.4,37,95.1
ISM0040,ITM019,SUP013,Primary,2025.01,45,93.0
ISM0041,ITM019,SUP046,Secondary,2218.6,36,89.0
ISM0042,ITM019,SUP020,Secondary,1277.13,7,86.8
ISM0043,ITM020,SUP036,Primary,1140.08,7,94.2
ISM0044,ITM020,SUP015,Secondary,341.43,7,98.1
ISM0045,ITM020,SUP038,Secondary,4305.2,7,90.3
ISM0046,ITM021,SUP043,Primary,1110.47,11,94.5
ISM0047,ITM021,SUP032,Secondary,4417.8,39,89.5
ISM0048,ITM022,SUP027,Primary,516.91,45,88.6
ISM0049,ITM022,SUP013,Secondary,2146.71,32,97.3
ISM0050,ITM023,SUP044,Primary,3284.6,44,82.0
ISM0051,ITM024,SUP047,Primary,4012.93,9,85.0
ISM0052,ITM024,SUP022,Secondary,991.53,31,82.8
ISM0053,ITM025,SUP018,Primary,2340.01,7,88.9
ISM0054,ITM026,SUP007,Primary,4996.45,3,99.4
ISM0055,ITM026,SUP004,Secondary,4635.52,18,83.3
ISM0056,ITM026,SUP042,Secondary,2453.92,16,97.3
ISM0057,ITM027,SUP011,Primary,1925.92,27,85.3
ISM0058,ITM028,SUP019,Primary,3498.13,38,93.2
ISM0059,ITM028,SUP028,Secondary,2459.02,15,85.9
ISM0060,ITM029,SUP038,Primary,3691.9,6,95.0
ISM0061,ITM030,SUP004,Primary,2941.68,35,98.4
ISM0062,ITM031,SUP011,Primary,446.55,14,81.4
ISM0063,ITM031,SUP004,Secondary,386.41,18,88.1
ISM0064,ITM031,SUP033,Secondary,4710.9,39,84.9
ISM0065,ITM032,SUP003,Primary,2125.16,40,91.3
ISM0066,ITM032,SUP040,Secondary,1616.03,19,84.1
ISM0067,ITM032,SUP006,Secondary,3595.15,18,85.3
ISM0068,ITM033,SUP043,Primary,3245.23,32,86.3
ISM0069,ITM034,SUP001,Primary,2318.51,39,99.9
ISM0070,ITM035,SUP035,Primary,1105.11,19,82.6
ISM0071,ITM036,SUP005,Primary,1879.16,13,88.8
ISM0072,ITM036,SUP016,Secondary,2738.93,22,92.2
ISM0073,ITM037,SUP034,Primary,4094.67,22,98.6
ISM0074,ITM037,SUP001,Secondary,562.75,11,85.3
ISM0075,ITM037,SUP043,Secondary,4454.08,38,83.1
ISM0076,ITM038,SUP039,Primary,3602.18,16,93.7
ISM0077,ITM038,SUP014,Secondary,4271.92,35,89.8
ISM0078,ITM039,SUP006,Primary,3189.71,20,80.9
ISM0079,ITM040,SUP050,Primary,3203.71,19,83.2
ISM0080,ITM040,SUP009,Secondary,2237.09,30,91.2
ISM0081,ITM041,SUP005,Primary,4728.0,12,90.9
ISM0082,ITM042,SUP038,Primary,783.06,11,80.8
ISM0083,ITM042,SUP036,Secondary,1855.03,5,98.0
ISM0084,ITM043,SUP044,Primary,1285.17,9,87.1
ISM0085,ITM044,SUP027,Primary,815.04,18,97.3
ISM0086,ITM044,SUP040,Secondary,4882.22,14,97.6
ISM0087,ITM044,SUP048,Secondary,172.69,24,95.6
ISM0088,ITM045,SUP043,Primary,4063.21,20,83.2
ISM0089,ITM045,SUP048,Secondary,3521.33,27,97.4
ISM0090,ITM046,SUP015,Primary,4092.1,32,87.0
ISM0091,ITM046,SUP013,Secondary,4111.66,17,84.5
ISM0092,ITM047,SUP013,Primary,1429.09,7,99.3
ISM0093,ITM047,SUP026,Secondary,1431.67,44,90.2
ISM0094,ITM047,SUP022,Secondary,3413.61,37,86.6
ISM0095,ITM048,SUP008,Primary,4391.34,19,83.6
ISM0096,ITM049,SUP003,Primary,3003.03,25,94.6
ISM0097,ITM049,SUP007,Secondary,1602.7,41,99.7
ISM0098,ITM050,SUP025,Primary,4502.55,15,85.1
