Sample_ID,Product_ID,Test_DateTime,Tensile_Strength_MPa,Yield_Strength_MPa,Elongation_Percent,Hardness_HB
M0001,P001,2025-09-06 15:31:22,777.5,495.2,43.5,185.5
M0002,P001,2025-09-13 22:03:03,753.8,497.0,16.7,237.5
M0003,P001,2025-09-26 17:35:54,695.6,446.9,31.8,199.6
M0004,P002,2025-09-13 22:24:39,516.2,336.7,32.8,284.8
M0005,P002,2025-09-24 07:19:43,440.2,327.0,20.9,175.0
M0006,P002,2025-09-12 20:47:54,463.4,273.1,35.2,215.9
M0007,P003,2025-09-17 07:27:08,680.6,431.2,15.9,174.0
M0008,P003,2025-09-13 00:15:47,593.1,327.3,17.4,231.1
M0009,P003,2025-09-15 19:26:53,489.4,352.7,38.7,164.3
M0010,P004,2025-09-19 11:04:15,609.9,346.9,17.3,238.7
M0011,P004,2025-09-23 11:10:24,715.6,456.2,36.9,239.8
M0012,P004,2025-09-11 05:31:06,731.6,443.5,30.5,218.0
M0013,P005,2025-09-23 11:49:41,702.3,414.1,17.8,270.0
M0014,P005,2025-09-18 10:24:05,481.0,333.2,41.3,131.0
M0015,P005,2025-09-22 18:21:43,426.0,309.6,40.3,195.8
M0016,P006,2025-09-18 18:52:45,414.0,253.0,43.0,192.0
M0017,P006,2025-09-09 13:45:45,659.8,475.4,27.7,179.6
M0018,P006,2025-09-14 19:17:49,721.8,422.0,17.3,293.4
M0019,P007,2025-09-25 02:39:49,769.9,508.9,18.0,137.6
M0020,P007,2025-09-20 11:32:02,565.9,364.6,26.5,226.4
M0021,P007,2025-09-16 09:00:47,588.1,386.6,22.2,209.4
M0022,P008,2025-09-15 14:30:36,608.5,351.5,27.5,198.0
M0023,P008,2025-09-07 06:10:44,576.7,321.7,32.6,230.1
M0024,P008,2025-09-02 16:57:47,400.7,294.3,27.2,141.3
M0025,P009,2025-09-19 13:56:53,583.5,424.5,36.4,272.6
M0026,P009,2025-09-26 21:27:46,696.1,475.7,37.8,245.8
M0027,P009,2025-09-19 05:35:31,710.2,437.4,37.2,255.4
M0028,P010,2025-09-30 22:59:43,629.5,397.4,29.1,239.9
M0029,P010,2025-09-15 20:06:52,696.3,469.9,40.3,205.0
M0030,P010,2025-09-15 01:02:00,791.3,591.8,45.0,223.1
M0031,P011,2025-09-26 04:06:57,588.6,425.2,20.8,245.5
M0032,P011,2025-09-13 02:17:34,528.8,313.3,19.3,156.9
M0033,P011,2025-09-06 02:26:24,792.4,474.3,16.1,122.8
M0034,P012,2025-09-22 14:37:52,695.4,433.5,33.5,157.8
M0035,P012,2025-09-01 13:12:40,700.5,386.0,40.0,199.6
M0036,P012,2025-09-21 02:35:06,558.8,404.3,23.0,291.9
M0037,P013,2025-09-21 05:49:20,438.2,289.0,24.0,248.6
M0038,P013,2025-09-06 04:29:59,608.3,353.1,42.6,216.4
M0039,P013,2025-09-28 15:06:15,637.8,408.1,22.9,228.2
M0040,P014,2025-09-22 17:28:28,490.6,276.7,20.7,204.9
M0041,P014,2025-09-06 13:10:08,483.9,311.9,40.2,181.3
M0042,P014,2025-09-09 17:33:41,624.7,417.8,23.1,178.2
M0043,P015,2025-09-21 01:31:53,667.0,471.2,23.3,192.1
M0044,P015,2025-09-14 19:06:21,729.2,460.1,40.1,180.3
M0045,P015,2025-09-16 21:23:29,737.9,427.5,40.4,151.6
M0046,P016,2025-09-03 18:26:35,523.9,390.7,40.4,243.1
M0047,P016,2025-09-27 15:47:35,704.6,520.6,43.9,201.2
M0048,P016,2025-09-16 19:59:41,494.5,281.6,22.6,230.7
M0049,P017,2025-09-09 18:05:07,436.8,264.8,15.7,276.5
M0050,P017,2025-09-12 21:40:41,635.1,444.5,36.1,222.6
M0051,P017,2025-09-02 11:01:36,532.6,306.4,34.0,299.2
M0052,P018,2025-09-24 07:40:30,632.4,436.3,26.3,228.6
M0053,P018,2025-09-12 02:29:39,789.3,445.1,28.6,145.7
M0054,P018,2025-09-27 12:13:25,565.1,392.4,26.0,244.8
M0055,P019,2025-09-13 11:43:46,416.8,298.9,41.7,232.1
M0056,P019,2025-09-03 12:01:17,468.4,302.5,19.2,205.3
M0057,P019,2025-09-06 10:10:50,414.4,267.3,21.7,236.0
M0058,P020,2025-09-18 14:44:33,731.1,423.5,31.5,198.2
M0059,P020,2025-09-25 16:33:35,604.1,430.5,35.1,204.3
M0060,P020,2025-09-01 01:05:12,751.1,452.1,34.8,121.6
M0061,P021,2025-09-21 10:00:02,476.3,291.5,27.5,171.9
M0062,P021,2025-09-12 18:44:00,546.5,377.9,17.5,216.3
M0063,P021,2025-09-23 05:54:59,540.4,379.1,38.8,164.3
M0064,P022,2025-09-09 00:17:40,602.6,336.2,27.2,192.4
M0065,P022,2025-09-26 12:29:29,527.0,333.4,31.5,136.8
M0066,P022,2025-09-13 20:28:27,570.7,342.4,44.6,225.3
M0067,P023,2025-09-28 16:22:03,658.3,402.9,15.8,198.9
M0068,P023,2025-09-16 01:34:50,578.9,345.1,42.6,252.6
M0069,P023,2025-09-30 18:27:28,457.8,319.2,38.0,138.8
M0070,P024,2025-09-19 14:47:53,623.2,395.2,35.4,230.1
M0071,P024,2025-09-30 08:56:59,389.9,266.1,16.8,164.2
M0072,P024,2025-09-06 11:00:43,591.4,419.8,21.0,256.4
M0073,P025,2025-09-20 04:24:26,520.1,291.3,34.8,250.5
M0074,P025,2025-09-26 22:59:43,756.3,540.6,20.8,175.9
M0075,P025,2025-09-07 16:06:20,533.4,298.9,40.6,295.1
M0076,P026,2025-09-10 06:23:49,476.8,275.1,27.0,245.3
M0077,P026,2025-09-17 04:22:31,754.8,566.0,21.5,122.0
M0078,P026,2025-09-17 09:04:08,794.3,439.4,35.1,296.6
M0079,P027,2025-09-30 04:13:09,489.8,360.5,33.4,236.5
M0080,P027,2025-09-30 07:28:04,573.2,369.7,17.9,251.1
M0081,P027,2025-09-28 07:39:20,763.9,522.9,16.5,287.4
M0082,P028,2025-09-22 19:25:22,700.9,507.1,39.7,219.6
M0083,P028,2025-09-26 09:00:34,794.1,551.4,15.6,152.2
M0084,P028,2025-09-20 15:42:35,416.8,262.0,23.2,243.1
M0085,P029,2025-09-22 23:31:59,552.0,409.5,23.5,263.1
M0086,P029,2025-09-16 03:45:49,714.8,463.9,16.3,173.7
M0087,P029,2025-09-23 11:05:59,449.3,255.2,23.8,127.7
M0088,P030,2025-09-05 19:11:20,608.8,426.6,29.3,237.3
M0089,P030,2025-09-13 20:26:18,718.4,420.3,42.9,206.7
M0090,P030,2025-09-04 22:07:35,573.9,377.0,39.2,139.1
M0091,P031,2025-09-11 08:55:37,399.4,231.0,40.0,208.1
M0092,P031,2025-09-28 14:36:13,696.5,434.4,34.3,145.6
M0093,P031,2025-09-06 03:32:52,427.8,275.8,42.0,165.9
M0094,P032,2025-09-13 06:52:31,430.6,241.1,19.2,214.4
M0095,P032,2025-09-16 05:53:08,712.9,424.7,19.7,129.1
M0096,P032,2025-09-24 00:26:05,632.0,362.0,17.9,179.1
M0097,P033,2025-09-10 22:49:46,427.2,258.5,19.6,268.9
M0098,P033,2025-09-03 00:19:57,588.5,373.6,43.1,125.5
M0099,P033,2025-09-17 08:15:19,692.4,490.1,29.5,145.2
M0100,P034,2025-09-05 22:09:38,639.9,452.6,27.4,224.4
M0101,P034,2025-09-09 16:48:54,672.5,464.7,16.1,279.1
M0102,P034,2025-09-09 21:49:40,635.7,391.4,29.7,299.3
M0103,P035,2025-09-17 09:05:15,532.2,390.6,33.7,281.1
M0104,P035,2025-09-17 04:00:31,422.0,302.1,32.6,296.7
M0105,P035,2025-09-02 22:55:06,532.1,297.2,40.9,170.9
M0106,P036,2025-09-29 23:16:38,535.9,296.9,15.4,276.7
M0107,P036,2025-09-29 14:59:22,488.9,280.3,29.2,262.7
M0108,P036,2025-09-30 07:04:49,657.9,412.8,37.0,171.8
M0109,P037,2025-09-02 07:55:41,412.3,298.8,27.4,172.1
M0110,P037,2025-09-01 22:41:33,762.4,509.0,40.3,259.7
M0111,P037,2025-09-18 23:29:58,796.2,455.7,30.7,207.6
M0112,P038,2025-09-02 08:42:26,701.0,415.5,39.8,155.4
M0113,P038,2025-09-11 02:49:13,490.5,271.2,44.8,239.7
M0114,P038,2025-09-23 00:34:01,767.5,570.9,43.4,295.4
M0115,P039,2025-09-04 06:52:09,520.5,388.8,17.1,197.6
M0116,P039,2025-09-08 17:58:39,466.4,311.1,32.7,138.4
M0117,P039,2025-09-01 12:24:15,476.1,268.8,31.3,226.9
M0118,P040,2025-09-27 07:32:08,708.5,463.9,31.1,178.3
M0119,P040,2025-09-10 21:28:06,661.7,471.6,42.1,121.7
M0120,P040,2025-09-05 23:02:31,774.5,457.5,15.6,265.7
M0121,P041,2025-09-24 11:18:58,799.6,559.0,38.0,209.7
M0122,P041,2025-09-27 02:22:41,407.0,278.5,21.9,228.8
M0123,P041,2025-09-28 15:38:49,523.9,334.0,42.8,236.2
M0124,P042,2025-09-01 09:50:48,645.6,446.3,39.0,260.7
M0125,P042,2025-09-11 19:18:53,432.3,261.1,30.3,155.7
M0126,P042,2025-09-29 01:06:52,767.1,445.9,42.6,153.8
M0127,P043,2025-09-03 14:06:53,484.6,349.1,44.2,283.8
M0128,P043,2025-09-28 17:50:55,729.9,418.0,18.8,274.2
M0129,P043,2025-09-12 06:11:50,728.0,420.6,17.6,240.7
M0130,P044,2025-09-05 18:20:17,476.9,294.4,29.6,224.6
M0131,P044,2025-09-18 05:19:21,754.4,526.2,29.3,228.2
M0132,P044,2025-09-30 12:03:52,758.9,418.0,24.9,261.0
M0133,P045,2025-09-28 12:00:38,675.0,438.5,20.7,212.0
M0134,P045,2025-09-05 15:11:16,637.1,467.3,41.8,289.9
M0135,P045,2025-09-01 03:35:56,755.0,502.6,18.5,183.1
M0136,P046,2025-09-21 05:17:56,659.7,390.6,20.6,281.4
M0137,P046,2025-09-22 23:28:36,611.8,424.1,44.6,199.8
M0138,P046,2025-09-05 10:09:49,618.4,382.3,18.7,146.7
M0139,P047,2025-09-27 09:00:46,740.8,546.8,41.4,198.1
M0140,P047,2025-09-15 11:06:35,723.4,538.9,27.3,131.5
M0141,P047,2025-09-28 13:50:16,646.2,375.9,43.6,250.0
M0142,P048,2025-09-05 15:27:22,658.2,440.2,36.8,250.6
M0143,P048,2025-09-02 19:39:34,713.9,444.6,38.6,162.3
M0144,P048,2025-09-12 22:00:37,642.5,413.0,40.0,296.9
M0145,P049,2025-09-15 10:04:03,406.4,230.8,24.0,185.5
M0146,P049,2025-09-05 19:39:37,553.8,312.4,41.1,287.3
M0147,P049,2025-09-07 20:04:08,674.5,424.3,20.1,251.7
M0148,P050,2025-09-20 17:10:07,551.6,356.9,25.4,224.0
M0149,P050,2025-09-03 17:58:30,774.2,524.0,17.6,254.5
M0150,P050,2025-09-03 19:17:31,782.4,496.1,23.4,136.3
