Sample_ID,Product_ID,Test_DateTime,Test_Method,Result,Defect_Location,Severity
N0001,P001,2025-09-18 09:57:46,Radiographic,Pass,,
N0002,P001,2025-09-02 00:19:36,Eddy_Current,Fail,Section_10,Minor
N0003,P002,2025-09-30 08:55:15,Radiographic,Pass,,
N0004,P002,2025-09-26 11:50:11,Ultrasonic,Conditional,Section_3,Critical
N0005,P003,2025-09-08 22:48:45,Radiographic,Pass,,
N0006,P003,2025-09-18 22:01:36,Ultrasonic,Fail,Section_4,Major
N0007,P004,2025-09-10 08:32:50,Eddy_Current,Pass,,
N0008,P004,2025-09-28 05:05:57,Ultrasonic,Fail,Section_5,Major
N0009,P005,2025-09-01 02:22:49,Ultrasonic,Fail,Section_4,Critical
N0010,P005,2025-09-23 07:19:17,Ultrasonic,Pass,,
N0011,P006,2025-09-16 00:41:58,Magnetic_Particle,Fail,Section_4,Minor
N0012,P006,2025-09-15 08:49:32,Radiographic,Pass,,
N0013,P007,2025-09-04 06:53:29,Magnetic_Particle,Pass,,
N0014,P007,2025-09-06 14:34:38,Eddy_Current,Pass,,
N0015,P008,2025-09-10 06:16:02,Radiographic,Pass,,
N0016,P008,2025-09-18 17:36:53,Radiographic,Pass,,
N0017,P009,2025-09-12 15:26:50,Eddy_Current,Pass,,
N0018,P009,2025-09-23 21:29:28,Radiographic,Pass,,
N0019,P010,2025-09-25 16:04:54,Eddy_Current,Fail,Section_3,Critical
N0020,P010,2025-09-24 13:40:31,Ultrasonic,Fail,Section_1,Major
N0021,P011,2025-09-28 00:10:03,Magnetic_Particle,Pass,,
N0022,P011,2025-09-10 05:31:34,Ultrasonic,Pass,,
N0023,P012,2025-09-06 07:31:53,Eddy_Current,Pass,,
N0024,P012,2025-09-07 20:39:40,Radiographic,Fail,Section_9,Minor
N0025,P013,2025-09-14 08:09:30,Ultrasonic,Pass,,
N0026,P013,2025-09-26 06:18:14,Ultrasonic,Pass,,
N0027,P014,2025-09-09 20:11:42,Radiographic,Pass,,
N0028,P014,2025-09-16 08:16:25,Radiographic,Fail,Section_6,Critical
N0029,P015,2025-09-27 20:12:44,Magnetic_Particle,Fail,Section_5,Critical
N0030,P015,2025-09-02 00:53:14,Ultrasonic,Fail,Section_2,Minor
N0031,P016,2025-09-05 14:39:04,Magnetic_Particle,Pass,,
N0032,P016,2025-09-19 17:19:47,Magnetic_Particle,Pass,,
N0033,P017,2025-09-29 09:17:16,Ultrasonic,Pass,,
N0034,P017,2025-09-09 10:16:15,Radiographic,Pass,,
N0035,P018,2025-09-11 21:24:54,Magnetic_Particle,Conditional,Section_8,Minor
N0036,P018,2025-09-21 04:01:34,Ultrasonic,Conditional,Section_10,Critical
N0037,P019,2025-09-19 00:46:27,Eddy_Current,Pass,,
N0038,P019,2025-09-12 07:32:44,Eddy_Current,Fail,Section_10,Major
N0039,P020,2025-09-22 00:13:37,Radiographic,Pass,,
N0040,P020,2025-09-23 07:21:46,Eddy_Current,Fail,Section_4,Minor
N0041,P021,2025-09-28 03:01:19,Eddy_Current,Pass,,
N0042,P021,2025-09-26 04:20:00,Ultrasonic,Pass,,
N0043,P022,2025-09-06 20:28:41,Radiographic,Fail,Section_5,Major
N0044,P022,2025-09-21 05:17:33,Ultrasonic,Conditional,Section_3,Major
N0045,P023,2025-09-30 22:38:58,Eddy_Current,Fail,Section_9,Major
N0046,P023,2025-09-03 19:28:14,Magnetic_Particle,Fail,Section_3,Major
N0047,P024,2025-09-12 22:26:18,Radiographic,Pass,,
N0048,P024,2025-09-14 19:56:23,Radiographic,Fail,Section_2,Critical
N0049,P025,2025-09-16 12:50:13,Magnetic_Particle,Pass,,
N0050,P025,2025-09-04 03:48:41,Ultrasonic,Conditional,Section_5,Major
N0051,P026,2025-09-24 00:56:50,Radiographic,Pass,,
N0052,P026,2025-09-18 09:13:10,Magnetic_Particle,Pass,,
N0053,P027,2025-09-02 02:45:11,Eddy_Current,Conditional,Section_3,Major
N0054,P027,2025-09-10 04:17:01,Radiographic,Conditional,Section_6,Critical
N0055,P028,2025-09-16 21:41:30,Eddy_Current,Fail,Section_8,Major
N0056,P028,2025-09-20 13:29:57,Eddy_Current,Fail,Section_8,Critical
N0057,P029,2025-09-20 00:27:04,Ultrasonic,Pass,,
N0058,P029,2025-09-23 20:43:19,Ultrasonic,Fail,Section_5,Critical
N0059,P030,2025-09-19 08:20:45,Radiographic,Pass,,
N0060,P030,2025-09-01 20:40:58,Eddy_Current,Pass,,
N0061,P031,2025-09-06 05:53:51,Radiographic,Pass,,
N0062,P031,2025-09-21 17:31:09,Eddy_Current,Pass,,
N0063,P032,2025-09-27 17:38:42,Magnetic_Particle,Pass,,
N0064,P032,2025-09-09 14:54:46,Magnetic_Particle,Pass,,
N0065,P033,2025-09-24 15:58:23,Magnetic_Particle,Pass,,
N0066,P033,2025-09-29 17:30:27,Eddy_Current,Pass,,
N0067,P034,2025-09-22 16:33:58,Radiographic,Pass,,
N0068,P034,2025-09-01 13:37:57,Ultrasonic,Pass,,
N0069,P035,2025-09-27 22:54:49,Magnetic_Particle,Fail,Section_3,Critical
N0070,P035,2025-09-23 01:15:39,Ultrasonic,Fail,Section_2,Critical
N0071,P036,2025-09-10 20:36:34,Ultrasonic,Pass,,
N0072,P036,2025-09-14 04:17:32,Magnetic_Particle,Pass,,
N0073,P037,2025-09-06 10:16:02,Eddy_Current,Pass,,
N0074,P037,2025-09-15 20:30:20,Eddy_Current,Pass,,
N0075,P038,2025-09-28 21:00:31,Radiographic,Pass,,
N0076,P038,2025-09-28 02:51:16,Radiographic,Fail,Section_5,Minor
N0077,P039,2025-09-30 14:01:43,Radiographic,Pass,,
N0078,P039,2025-09-05 09:44:51,Eddy_Current,Fail,Section_6,Critical
N0079,P040,2025-09-09 02:05:13,Radiographic,Pass,,
N0080,P040,2025-09-04 09:15:53,Magnetic_Particle,Fail,Section_6,Minor
N0081,P041,2025-09-14 09:52:25,Magnetic_Particle,Fail,Section_8,Minor
N0082,P041,2025-09-12 19:31:05,Magnetic_Particle,Pass,,
N0083,P042,2025-09-29 07:56:12,Ultrasonic,Pass,,
N0084,P042,2025-09-16 23:02:17,Ultrasonic,Pass,,
N0085,P043,2025-09-16 07:46:24,Radiographic,Pass,,
N0086,P043,2025-09-28 05:15:23,Eddy_Current,Fail,Section_3,Major
N0087,P044,2025-09-27 14:59:05,Magnetic_Particle,Pass,,
N0088,P044,2025-09-29 18:26:29,Radiographic,Pass,,
N0089,P045,2025-09-14 20:51:49,Radiographic,Pass,,
N0090,P045,2025-09-25 19:54:20,Eddy_Current,Pass,,
N0091,P046,2025-09-24 17:31:34,Magnetic_Particle,Pass,,
N0092,P046,2025-09-29 09:44:21,Ultrasonic,Pass,,
N0093,P047,2025-09-19 20:18:53,Radiographic,Fail,Section_4,Critical
N0094,P047,2025-09-26 12:05:36,Magnetic_Particle,Fail,Section_4,Critical
N0095,P048,2025-09-12 11:06:22,Magnetic_Particle,Pass,,
N0096,P048,2025-09-13 21:40:59,Eddy_Current,Pass,,
N0097,P049,2025-09-27 15:43:22,Eddy_Current,Conditional,Section_8,Minor
N0098,P049,2025-09-25 16:37:10,Magnetic_Particle,Pass,,
N0099,P050,2025-09-04 20:59:24,Ultrasonic,Conditional,Section_7,Major
N0100,P050,2025-09-18 21:57:42,Radiographic,Pass,,
