Monitor_ID,Point_ID,Timestamp,Measurement_Type,Level_dB,Frequency_Hz
NV00001,MP003,2025-09-01 06:00:00,Noise,74.5,5262.8
NV00002,MP003,2025-09-01 18:00:00,Noise,81.5,3728.1
NV00003,MP007,2025-09-01 06:00:00,Noise,82.3,5358.1
NV00004,MP007,2025-09-01 18:00:00,Noise,47.0,3168.6
NV00005,MP011,2025-09-01 06:00:00,Noise,46.7,1944.2
NV00006,MP011,2025-09-01 18:00:00,Noise,40.6,7669.0
NV00007,MP015,2025-09-01 06:00:00,Noise,86.9,7878.4
NV00008,MP015,2025-09-01 18:00:00,Vibration,47.4,6931.8
NV00009,MP019,2025-09-01 06:00:00,Vibration,46.7,5793.6
NV00010,MP019,2025-09-01 18:00:00,Noise,71.6,5526.9
NV00011,MP023,2025-09-01 06:00:00,Vibration,85.4,6384.9
NV00012,MP023,2025-09-01 18:00:00,Noise,42.3,2635.4
NV00013,MP027,2025-09-01 06:00:00,Noise,56.5,5722.8
NV00014,MP027,2025-09-01 18:00:00,Noise,62.0,7248.1
NV00015,MP031,2025-09-01 06:00:00,Vibration,51.3,6065.1
NV00016,MP031,2025-09-01 18:00:00,Noise,90.3,649.3
NV00017,MP035,2025-09-01 06:00:00,Vibration,68.0,4804.7
NV00018,MP035,2025-09-01 18:00:00,Noise,51.5,1951.1
NV00019,MP039,2025-09-01 06:00:00,Noise,78.7,5020.5
NV00020,MP039,2025-09-01 18:00:00,Vibration,93.6,7813.0
NV00021,MP043,2025-09-01 06:00:00,Vibration,45.0,5070.3
NV00022,MP043,2025-09-01 18:00:00,Vibration,64.8,1985.6
NV00023,MP047,2025-09-01 06:00:00,Vibration,87.3,6566.9
NV00024,MP047,2025-09-01 18:00:00,Noise,72.2,4553.4
NV00025,MP003,2025-09-02 06:00:00,Vibration,59.1,7020.2
NV00026,MP003,2025-09-02 18:00:00,Noise,60.9,1983.9
NV00027,MP007,2025-09-02 06:00:00,Noise,76.3,6709.8
NV00028,MP007,2025-09-02 18:00:00,Noise,65.9,1470.1
NV00029,MP011,2025-09-02 06:00:00,Noise,87.0,4366.7
NV00030,MP011,2025-09-02 18:00:00,Vibration,94.8,5208.3
NV00031,MP015,2025-09-02 06:00:00,Vibration,40.3,7314.6
NV00032,MP015,2025-09-02 18:00:00,Vibration,49.7,676.0
NV00033,MP019,2025-09-02 06:00:00,Vibration,54.1,6539.7
NV00034,MP019,2025-09-02 18:00:00,Vibration,44.2,7148.5
NV00035,MP023,2025-09-02 06:00:00,Vibration,92.7,2600.2
NV00036,MP023,2025-09-02 18:00:00,Noise,58.4,6980.1
NV00037,MP027,2025-09-02 06:00:00,Vibration,62.5,2139.5
NV00038,MP027,2025-09-02 18:00:00,Vibration,93.0,319.0
NV00039,MP031,2025-09-02 06:00:00,Noise,47.4,7841.4
NV00040,MP031,2025-09-02 18:00:00,Noise,54.5,3903.1
NV00041,MP035,2025-09-02 06:00:00,Noise,63.2,7470.3
NV00042,MP035,2025-09-02 18:00:00,Noise,54.5,2088.1
NV00043,MP039,2025-09-02 06:00:00,Vibration,64.9,4240.4
NV00044,MP039,2025-09-02 18:00:00,Noise,72.6,6358.1
NV00045,MP043,2025-09-02 06:00:00,Noise,71.6,4609.6
NV00046,MP043,2025-09-02 18:00:00,Noise,63.0,3229.0
NV00047,MP047,2025-09-02 06:00:00,Noise,71.3,1401.6
NV00048,MP047,2025-09-02 18:00:00,Vibration,91.6,4083.0
NV00049,MP003,2025-09-03 06:00:00,Vibration,87.9,6040.1
NV00050,MP003,2025-09-03 18:00:00,Vibration,46.2,5661.2
NV00051,MP007,2025-09-03 06:00:00,Vibration,69.6,7144.2
NV00052,MP007,2025-09-03 18:00:00,Noise,86.5,1003.8
NV00053,MP011,2025-09-03 06:00:00,Vibration,88.9,189.8
NV00054,MP011,2025-09-03 18:00:00,Vibration,84.3,7679.6
NV00055,MP015,2025-09-03 06:00:00,Noise,83.4,6065.3
NV00056,MP015,2025-09-03 18:00:00,Vibration,82.7,6130.0
NV00057,MP019,2025-09-03 06:00:00,Noise,51.2,7577.9
NV00058,MP019,2025-09-03 18:00:00,Noise,67.9,1660.3
NV00059,MP023,2025-09-03 06:00:00,Vibration,64.4,5984.4
NV00060,MP023,2025-09-03 18:00:00,Noise,80.3,1731.3
NV00061,MP027,2025-09-03 06:00:00,Vibration,81.9,3607.1
NV00062,MP027,2025-09-03 18:00:00,Vibration,45.2,5745.3
NV00063,MP031,2025-09-03 06:00:00,Noise,74.2,919.5
NV00064,MP031,2025-09-03 18:00:00,Vibration,50.6,6610.7
NV00065,MP035,2025-09-03 06:00:00,Vibration,93.3,1506.6
NV00066,MP035,2025-09-03 18:00:00,Noise,61.8,2802.5
NV00067,MP039,2025-09-03 06:00:00,Noise,93.3,7392.2
NV00068,MP039,2025-09-03 18:00:00,Noise,76.0,1379.7
NV00069,MP043,2025-09-03 06:00:00,Noise,89.2,4897.5
NV00070,MP043,2025-09-03 18:00:00,Vibration,64.8,1088.9
NV00071,MP047,2025-09-03 06:00:00,Vibration,81.7,549.0
NV00072,MP047,2025-09-03 18:00:00,Noise,78.9,3968.1
NV00073,MP003,2025-09-04 06:00:00,Vibration,45.5,1736.4
NV00074,MP003,2025-09-04 18:00:00,Vibration,60.4,6250.6
NV00075,MP007,2025-09-04 06:00:00,Noise,43.3,3872.1
NV00076,MP007,2025-09-04 18:00:00,Vibration,45.4,5081.6
NV00077,MP011,2025-09-04 06:00:00,Noise,47.9,2230.8
NV00078,MP011,2025-09-04 18:00:00,Vibration,41.5,5846.9
NV00079,MP015,2025-09-04 06:00:00,Vibration,48.3,3130.4
NV00080,MP015,2025-09-04 18:00:00,Vibration,87.6,4603.2
NV00081,MP019,2025-09-04 06:00:00,Noise,50.1,2998.1
NV00082,MP019,2025-09-04 18:00:00,Vibration,86.3,6351.7
NV00083,MP023,2025-09-04 06:00:00,Noise,55.9,2134.8
NV00084,MP023,2025-09-04 18:00:00,Noise,49.5,815.4
NV00085,MP027,2025-09-04 06:00:00,Noise,41.9,2457.7
NV00086,MP027,2025-09-04 18:00:00,Vibration,45.5,3064.2
NV00087,MP031,2025-09-04 06:00:00,Noise,66.1,1211.5
NV00088,MP031,2025-09-04 18:00:00,Vibration,64.7,5229.3
NV00089,MP035,2025-09-04 06:00:00,Noise,91.4,1228.5
NV00090,MP035,2025-09-04 18:00:00,Noise,41.7,2695.1
NV00091,MP039,2025-09-04 06:00:00,Noise,61.5,6424.6
NV00092,MP039,2025-09-04 18:00:00,Noise,43.9,2895.9
NV00093,MP043,2025-09-04 06:00:00,Vibration,92.7,4675.5
NV00094,MP043,2025-09-04 18:00:00,Noise,58.6,3816.9
NV00095,MP047,2025-09-04 06:00:00,Vibration,41.7,784.3
NV00096,MP047,2025-09-04 18:00:00,Noise,47.5,7643.4
NV00097,MP003,2025-09-05 06:00:00,Noise,41.4,3701.9
NV00098,MP003,2025-09-05 18:00:00,Vibration,44.9,6026.0
NV00099,MP007,2025-09-05 06:00:00,Noise,76.0,1389.9
NV00100,MP007,2025-09-05 18:00:00,Noise,46.0,4333.5
NV00101,MP011,2025-09-05 06:00:00,Vibration,71.2,5951.1
NV00102,MP011,2025-09-05 18:00:00,Vibration,88.7,5247.6
NV00103,MP015,2025-09-05 06:00:00,Vibration,47.8,977.2
NV00104,MP015,2025-09-05 18:00:00,Vibration,57.4,7378.0
NV00105,MP019,2025-09-05 06:00:00,Vibration,80.9,6342.9
NV00106,MP019,2025-09-05 18:00:00,Vibration,46.1,1354.1
NV00107,MP023,2025-09-05 06:00:00,Noise,66.1,70.2
NV00108,MP023,2025-09-05 18:00:00,Vibration,56.9,3268.4
NV00109,MP027,2025-09-05 06:00:00,Noise,85.4,6081.4
NV00110,MP027,2025-09-05 18:00:00,Vibration,87.1,7446.8
NV00111,MP031,2025-09-05 06:00:00,Noise,50.1,1170.9
NV00112,MP031,2025-09-05 18:00:00,Vibration,40.8,2751.7
NV00113,MP035,2025-09-05 06:00:00,Noise,90.1,2173.6
NV00114,MP035,2025-09-05 18:00:00,Noise,47.8,5865.9
NV00115,MP039,2025-09-05 06:00:00,Noise,72.1,2454.6
NV00116,MP039,2025-09-05 18:00:00,Vibration,83.9,3806.2
NV00117,MP043,2025-09-05 06:00:00,Noise,60.7,200.4
NV00118,MP043,2025-09-05 18:00:00,Noise,63.1,5011.6
NV00119,MP047,2025-09-05 06:00:00,Vibration,45.2,7385.1
NV00120,MP047,2025-09-05 18:00:00,Vibration,62.5,5219.3
NV00121,MP003,2025-09-06 06:00:00,Vibration,79.6,212.4
NV00122,MP003,2025-09-06 18:00:00,Noise,54.9,2772.7
NV00123,MP007,2025-09-06 06:00:00,Vibration,72.1,2819.0
NV00124,MP007,2025-09-06 18:00:00,Vibration,42.0,864.0
NV00125,MP011,2025-09-06 06:00:00,Noise,57.6,7442.5
NV00126,MP011,2025-09-06 18:00:00,Noise,49.4,3450.3
NV00127,MP015,2025-09-06 06:00:00,Vibration,94.6,5630.9
NV00128,MP015,2025-09-06 18:00:00,Vibration,54.0,4456.9
NV00129,MP019,2025-09-06 06:00:00,Vibration,47.0,3719.6
NV00130,MP019,2025-09-06 18:00:00,Noise,89.9,4011.6
NV00131,MP023,2025-09-06 06:00:00,Vibration,57.2,2085.4
NV00132,MP023,2025-09-06 18:00:00,Noise,64.1,5265.6
NV00133,MP027,2025-09-06 06:00:00,Noise,93.7,894.1
NV00134,MP027,2025-09-06 18:00:00,Noise,67.0,4965.3
NV00135,MP031,2025-09-06 06:00:00,Noise,44.7,2420.2
NV00136,MP031,2025-09-06 18:00:00,Noise,62.2,5901.1
NV00137,MP035,2025-09-06 06:00:00,Noise,61.6,7696.3
NV00138,MP035,2025-09-06 18:00:00,Noise,85.8,6287.7
NV00139,MP039,2025-09-06 06:00:00,Noise,55.3,2166.7
NV00140,MP039,2025-09-06 18:00:00,Vibration,54.9,7557.5
NV00141,MP043,2025-09-06 06:00:00,Noise,67.7,955.8
NV00142,MP043,2025-09-06 18:00:00,Vibration,57.5,3464.9
NV00143,MP047,2025-09-06 06:00:00,Noise,79.3,97.6
NV00144,MP047,2025-09-06 18:00:00,Noise,94.9,1610.4
NV00145,MP003,2025-09-07 06:00:00,Vibration,77.7,5945.5
NV00146,MP003,2025-09-07 18:00:00,Noise,59.8,2644.3
NV00147,MP007,2025-09-07 06:00:00,Noise,81.9,35.8
NV00148,MP007,2025-09-07 18:00:00,Noise,41.0,4161.6
NV00149,MP011,2025-09-07 06:00:00,Noise,83.6,5955.3
NV00150,MP011,2025-09-07 18:00:00,Vibration,64.9,4758.1
NV00151,MP015,2025-09-07 06:00:00,Noise,40.2,4178.3
NV00152,MP015,2025-09-07 18:00:00,Noise,46.7,970.5
NV00153,MP019,2025-09-07 06:00:00,Noise,41.3,7640.5
NV00154,MP019,2025-09-07 18:00:00,Noise,61.1,6028.7
NV00155,MP023,2025-09-07 06:00:00,Noise,85.1,1128.1
NV00156,MP023,2025-09-07 18:00:00,Vibration,51.1,3664.8
NV00157,MP027,2025-09-07 06:00:00,Vibration,80.7,4949.9
NV00158,MP027,2025-09-07 18:00:00,Vibration,40.5,6365.4
NV00159,MP031,2025-09-07 06:00:00,Vibration,56.5,7912.2
NV00160,MP031,2025-09-07 18:00:00,Noise,91.9,6935.5
NV00161,MP035,2025-09-07 06:00:00,Vibration,66.4,2078.9
NV00162,MP035,2025-09-07 18:00:00,Noise,42.2,204.0
NV00163,MP039,2025-09-07 06:00:00,Vibration,77.6,2007.3
NV00164,MP039,2025-09-07 18:00:00,Noise,89.0,5789.6
NV00165,MP043,2025-09-07 06:00:00,Noise,92.4,678.2
NV00166,MP043,2025-09-07 18:00:00,Noise,68.8,699.6
NV00167,MP047,2025-09-07 06:00:00,Noise,76.4,4451.3
NV00168,MP047,2025-09-07 18:00:00,Vibration,78.2,2651.2
NV00169,MP003,2025-09-08 06:00:00,Noise,81.8,7703.6
NV00170,MP003,2025-09-08 18:00:00,Vibration,48.3,165.0
NV00171,MP007,2025-09-08 06:00:00,Vibration,84.3,5324.6
NV00172,MP007,2025-09-08 18:00:00,Noise,60.0,2605.1
NV00173,MP011,2025-09-08 06:00:00,Noise,55.3,3300.7
NV00174,MP011,2025-09-08 18:00:00,Vibration,57.7,7548.7
NV00175,MP015,2025-09-08 06:00:00,Vibration,55.6,7126.8
NV00176,MP015,2025-09-08 18:00:00,Vibration,87.5,3466.9
NV00177,MP019,2025-09-08 06:00:00,Noise,79.4,782.0
NV00178,MP019,2025-09-08 18:00:00,Noise,54.7,5158.8
NV00179,MP023,2025-09-08 06:00:00,Noise,84.6,5656.6
NV00180,MP023,2025-09-08 18:00:00,Noise,77.9,1234.6
NV00181,MP027,2025-09-08 06:00:00,Noise,75.9,4116.4
NV00182,MP027,2025-09-08 18:00:00,Vibration,93.2,1211.3
NV00183,MP031,2025-09-08 06:00:00,Vibration,47.7,4256.4
NV00184,MP031,2025-09-08 18:00:00,Noise,67.3,5516.8
NV00185,MP035,2025-09-08 06:00:00,Noise,65.7,6321.6
NV00186,MP035,2025-09-08 18:00:00,Vibration,75.0,1557.4
NV00187,MP039,2025-09-08 06:00:00,Vibration,48.8,7445.8
NV00188,MP039,2025-09-08 18:00:00,Vibration,94.8,158.8
NV00189,MP043,2025-09-08 06:00:00,Vibration,44.8,4965.6
NV00190,MP043,2025-09-08 18:00:00,Noise,70.3,2669.5
NV00191,MP047,2025-09-08 06:00:00,Noise,77.8,7507.4
NV00192,MP047,2025-09-08 18:00:00,Noise,83.2,7796.9
NV00193,MP003,2025-09-09 06:00:00,Vibration,71.0,2309.2
NV00194,MP003,2025-09-09 18:00:00,Vibration,46.3,273.0
NV00195,MP007,2025-09-09 06:00:00,Vibration,73.1,1768.1
NV00196,MP007,2025-09-09 18:00:00,Vibration,63.5,207.8
NV00197,MP011,2025-09-09 06:00:00,Noise,47.0,1953.6
NV00198,MP011,2025-09-09 18:00:00,Noise,65.2,256.4
NV00199,MP015,2025-09-09 06:00:00,Noise,51.0,7234.6
NV00200,MP015,2025-09-09 18:00:00,Vibration,43.8,734.8
NV00201,MP019,2025-09-09 06:00:00,Noise,76.0,2130.6
NV00202,MP019,2025-09-09 18:00:00,Vibration,40.6,5888.7
NV00203,MP023,2025-09-09 06:00:00,Vibration,81.3,1810.6
NV00204,MP023,2025-09-09 18:00:00,Vibration,57.2,5808.7
NV00205,MP027,2025-09-09 06:00:00,Vibration,76.0,7152.8
NV00206,MP027,2025-09-09 18:00:00,Vibration,63.0,1765.7
NV00207,MP031,2025-09-09 06:00:00,Vibration,61.1,7731.8
NV00208,MP031,2025-09-09 18:00:00,Noise,74.2,2676.5
NV00209,MP035,2025-09-09 06:00:00,Noise,60.1,5759.0
NV00210,MP035,2025-09-09 18:00:00,Noise,93.0,2486.8
NV00211,MP039,2025-09-09 06:00:00,Noise,54.3,2810.8
NV00212,MP039,2025-09-09 18:00:00,Vibration,44.6,7993.4
NV00213,MP043,2025-09-09 06:00:00,Noise,49.0,2556.4
NV00214,MP043,2025-09-09 18:00:00,Noise,81.2,1027.2
NV00215,MP047,2025-09-09 06:00:00,Vibration,76.7,1482.5
NV00216,MP047,2025-09-09 18:00:00,Vibration,94.3,4084.9
NV00217,MP003,2025-09-10 06:00:00,Vibration,78.7,3111.7
NV00218,MP003,2025-09-10 18:00:00,Vibration,91.3,6269.7
NV00219,MP007,2025-09-10 06:00:00,Noise,87.1,2223.0
NV00220,MP007,2025-09-10 18:00:00,Noise,92.6,4978.8
NV00221,MP011,2025-09-10 06:00:00,Vibration,88.6,3282.0
NV00222,MP011,2025-09-10 18:00:00,Vibration,68.1,6757.6
NV00223,MP015,2025-09-10 06:00:00,Vibration,66.0,6642.4
NV00224,MP015,2025-09-10 18:00:00,Noise,71.8,5120.1
NV00225,MP019,2025-09-10 06:00:00,Vibration,40.8,3314.0
NV00226,MP019,2025-09-10 18:00:00,Noise,84.3,2440.4
NV00227,MP023,2025-09-10 06:00:00,Vibration,94.6,7789.0
NV00228,MP023,2025-09-10 18:00:00,Noise,52.9,6915.5
NV00229,MP027,2025-09-10 06:00:00,Noise,56.9,2471.8
NV00230,MP027,2025-09-10 18:00:00,Vibration,88.3,6036.1
NV00231,MP031,2025-09-10 06:00:00,Noise,92.1,1223.5
NV00232,MP031,2025-09-10 18:00:00,Vibration,83.5,3473.9
NV00233,MP035,2025-09-10 06:00:00,Vibration,73.3,6014.7
NV00234,MP035,2025-09-10 18:00:00,Noise,59.6,4607.2
NV00235,MP039,2025-09-10 06:00:00,Noise,40.9,3209.4
NV00236,MP039,2025-09-10 18:00:00,Vibration,84.1,5149.7
NV00237,MP043,2025-09-10 06:00:00,Noise,82.2,826.6
NV00238,MP043,2025-09-10 18:00:00,Vibration,82.6,4382.7
NV00239,MP047,2025-09-10 06:00:00,Noise,69.2,3719.5
NV00240,MP047,2025-09-10 18:00:00,Noise,87.1,3443.7
NV00241,MP003,2025-09-11 06:00:00,Vibration,52.4,5423.8
NV00242,MP003,2025-09-11 18:00:00,Vibration,67.5,6914.7
NV00243,MP007,2025-09-11 06:00:00,Noise,79.8,4235.3
NV00244,MP007,2025-09-11 18:00:00,Vibration,72.3,3369.8
NV00245,MP011,2025-09-11 06:00:00,Noise,94.6,3253.1
NV00246,MP011,2025-09-11 18:00:00,Noise,59.1,804.7
NV00247,MP015,2025-09-11 06:00:00,Noise,94.6,1470.3
NV00248,MP015,2025-09-11 18:00:00,Noise,84.8,2981.1
NV00249,MP019,2025-09-11 06:00:00,Noise,76.1,2246.1
NV00250,MP019,2025-09-11 18:00:00,Noise,53.6,253.9
NV00251,MP023,2025-09-11 06:00:00,Vibration,42.8,4898.2
NV00252,MP023,2025-09-11 18:00:00,Vibration,40.2,7568.8
NV00253,MP027,2025-09-11 06:00:00,Vibration,47.8,5714.0
NV00254,MP027,2025-09-11 18:00:00,Vibration,42.9,486.5
NV00255,MP031,2025-09-11 06:00:00,Noise,43.4,5597.0
NV00256,MP031,2025-09-11 18:00:00,Noise,72.7,4415.1
NV00257,MP035,2025-09-11 06:00:00,Noise,44.4,6464.6
NV00258,MP035,2025-09-11 18:00:00,Noise,91.6,1694.7
NV00259,MP039,2025-09-11 06:00:00,Vibration,84.7,1940.8
NV00260,MP039,2025-09-11 18:00:00,Vibration,81.1,4725.8
NV00261,MP043,2025-09-11 06:00:00,Vibration,81.9,4447.1
NV00262,MP043,2025-09-11 18:00:00,Noise,82.9,857.6
NV00263,MP047,2025-09-11 06:00:00,Vibration,88.6,1261.6
NV00264,MP047,2025-09-11 18:00:00,Vibration,77.6,4942.4
NV00265,MP003,2025-09-12 06:00:00,Noise,79.7,2081.8
NV00266,MP003,2025-09-12 18:00:00,Vibration,86.5,5096.3
NV00267,MP007,2025-09-12 06:00:00,Vibration,87.7,7371.7
NV00268,MP007,2025-09-12 18:00:00,Noise,44.2,7666.5
NV00269,MP011,2025-09-12 06:00:00,Vibration,52.3,4250.3
NV00270,MP011,2025-09-12 18:00:00,Noise,41.2,7382.5
NV00271,MP015,2025-09-12 06:00:00,Vibration,68.7,47.6
NV00272,MP015,2025-09-12 18:00:00,Noise,82.9,4798.0
NV00273,MP019,2025-09-12 06:00:00,Noise,79.3,3754.2
NV00274,MP019,2025-09-12 18:00:00,Vibration,45.8,239.4
NV00275,MP023,2025-09-12 06:00:00,Noise,82.9,3770.5
NV00276,MP023,2025-09-12 18:00:00,Noise,47.1,1638.4
NV00277,MP027,2025-09-12 06:00:00,Vibration,53.8,3933.5
NV00278,MP027,2025-09-12 18:00:00,Noise,69.5,3891.6
NV00279,MP031,2025-09-12 06:00:00,Noise,42.2,7028.9
NV00280,MP031,2025-09-12 18:00:00,Noise,89.5,75.7
NV00281,MP035,2025-09-12 06:00:00,Vibration,70.1,5396.4
NV00282,MP035,2025-09-12 18:00:00,Vibration,83.1,3734.9
NV00283,MP039,2025-09-12 06:00:00,Noise,40.8,5217.6
NV00284,MP039,2025-09-12 18:00:00,Vibration,50.7,6148.9
NV00285,MP043,2025-09-12 06:00:00,Noise,88.2,7712.8
NV00286,MP043,2025-09-12 18:00:00,Noise,93.4,989.9
NV00287,MP047,2025-09-12 06:00:00,Noise,83.4,3087.9
NV00288,MP047,2025-09-12 18:00:00,Vibration,70.3,6778.4
NV00289,MP003,2025-09-13 06:00:00,Vibration,61.9,3787.8
NV00290,MP003,2025-09-13 18:00:00,Vibration,84.0,5464.3
NV00291,MP007,2025-09-13 06:00:00,Vibration,43.6,4965.6
NV00292,MP007,2025-09-13 18:00:00,Noise,53.5,6800.6
NV00293,MP011,2025-09-13 06:00:00,Vibration,78.3,7518.0
NV00294,MP011,2025-09-13 18:00:00,Noise,44.9,458.3
NV00295,MP015,2025-09-13 06:00:00,Noise,86.1,7159.3
NV00296,MP015,2025-09-13 18:00:00,Noise,61.4,55.2
NV00297,MP019,2025-09-13 06:00:00,Noise,52.0,2924.5
NV00298,MP019,2025-09-13 18:00:00,Vibration,89.1,1269.2
NV00299,MP023,2025-09-13 06:00:00,Noise,78.7,5564.8
NV00300,MP023,2025-09-13 18:00:00,Noise,71.8,2322.7
NV00301,MP027,2025-09-13 06:00:00,Vibration,67.7,1778.7
NV00302,MP027,2025-09-13 18:00:00,Noise,56.6,875.0
NV00303,MP031,2025-09-13 06:00:00,Vibration,73.0,6479.7
NV00304,MP031,2025-09-13 18:00:00,Noise,57.4,1844.5
NV00305,MP035,2025-09-13 06:00:00,Noise,45.6,7294.5
NV00306,MP035,2025-09-13 18:00:00,Vibration,66.2,2930.5
NV00307,MP039,2025-09-13 06:00:00,Vibration,78.4,3246.2
NV00308,MP039,2025-09-13 18:00:00,Noise,52.7,6944.5
NV00309,MP043,2025-09-13 06:00:00,Vibration,52.8,4408.6
NV00310,MP043,2025-09-13 18:00:00,Noise,40.2,156.3
NV00311,MP047,2025-09-13 06:00:00,Noise,88.4,2223.6
NV00312,MP047,2025-09-13 18:00:00,Vibration,63.1,6154.3
NV00313,MP003,2025-09-14 06:00:00,Noise,67.0,6565.7
NV00314,MP003,2025-09-14 18:00:00,Vibration,87.1,995.8
NV00315,MP007,2025-09-14 06:00:00,Vibration,53.6,2708.9
NV00316,MP007,2025-09-14 18:00:00,Noise,47.5,6168.0
NV00317,MP011,2025-09-14 06:00:00,Vibration,89.9,2649.5
NV00318,MP011,2025-09-14 18:00:00,Noise,47.4,4746.4
NV00319,MP015,2025-09-14 06:00:00,Vibration,67.9,2744.1
NV00320,MP015,2025-09-14 18:00:00,Vibration,48.5,6835.6
NV00321,MP019,2025-09-14 06:00:00,Noise,81.9,6500.5
NV00322,MP019,2025-09-14 18:00:00,Vibration,48.8,5880.1
NV00323,MP023,2025-09-14 06:00:00,Noise,48.4,6298.4
NV00324,MP023,2025-09-14 18:00:00,Vibration,81.7,6743.8
NV00325,MP027,2025-09-14 06:00:00,Vibration,82.4,3394.4
NV00326,MP027,2025-09-14 18:00:00,Vibration,65.8,312.7
NV00327,MP031,2025-09-14 06:00:00,Noise,64.3,238.0
NV00328,MP031,2025-09-14 18:00:00,Noise,43.4,4010.3
NV00329,MP035,2025-09-14 06:00:00,Noise,59.9,6448.0
NV00330,MP035,2025-09-14 18:00:00,Vibration,69.2,5136.9
NV00331,MP039,2025-09-14 06:00:00,Noise,66.5,5786.8
NV00332,MP039,2025-09-14 18:00:00,Noise,45.4,2558.0
NV00333,MP043,2025-09-14 06:00:00,Noise,69.2,6215.0
NV00334,MP043,2025-09-14 18:00:00,Vibration,56.3,601.7
NV00335,MP047,2025-09-14 06:00:00,Vibration,67.7,2608.1
NV00336,MP047,2025-09-14 18:00:00,Vibration,76.9,3078.9
NV00337,MP003,2025-09-15 06:00:00,Noise,70.9,2672.0
NV00338,MP003,2025-09-15 18:00:00,Vibration,77.7,3234.6
NV00339,MP007,2025-09-15 06:00:00,Noise,89.1,1503.8
NV00340,MP007,2025-09-15 18:00:00,Vibration,94.8,3600.6
NV00341,MP011,2025-09-15 06:00:00,Vibration,53.8,102.1
NV00342,MP011,2025-09-15 18:00:00,Vibration,77.6,1167.7
NV00343,MP015,2025-09-15 06:00:00,Noise,87.3,5657.1
NV00344,MP015,2025-09-15 18:00:00,Vibration,51.5,4396.9
NV00345,MP019,2025-09-15 06:00:00,Vibration,66.2,5539.2
NV00346,MP019,2025-09-15 18:00:00,Vibration,73.2,1758.7
NV00347,MP023,2025-09-15 06:00:00,Vibration,79.7,6690.4
NV00348,MP023,2025-09-15 18:00:00,Noise,62.4,5381.1
NV00349,MP027,2025-09-15 06:00:00,Noise,83.9,4145.8
NV00350,MP027,2025-09-15 18:00:00,Vibration,72.5,1885.4
NV00351,MP031,2025-09-15 06:00:00,Noise,78.2,6245.8
NV00352,MP031,2025-09-15 18:00:00,Noise,54.3,2787.9
NV00353,MP035,2025-09-15 06:00:00,Noise,77.8,7549.9
NV00354,MP035,2025-09-15 18:00:00,Noise,66.1,4630.1
NV00355,MP039,2025-09-15 06:00:00,Noise,92.6,2632.4
NV00356,MP039,2025-09-15 18:00:00,Vibration,63.6,2073.8
NV00357,MP043,2025-09-15 06:00:00,Noise,57.3,5460.9
NV00358,MP043,2025-09-15 18:00:00,Vibration,62.6,481.0
NV00359,MP047,2025-09-15 06:00:00,Vibration,67.5,7057.1
NV00360,MP047,2025-09-15 18:00:00,Vibration,79.1,2767.2
NV00361,MP003,2025-09-16 06:00:00,Noise,64.0,634.3
NV00362,MP003,2025-09-16 18:00:00,Noise,53.3,6254.4
NV00363,MP007,2025-09-16 06:00:00,Vibration,48.1,1463.8
NV00364,MP007,2025-09-16 18:00:00,Noise,87.3,6001.6
NV00365,MP011,2025-09-16 06:00:00,Noise,65.0,1665.8
NV00366,MP011,2025-09-16 18:00:00,Noise,78.8,1420.0
NV00367,MP015,2025-09-16 06:00:00,Noise,66.5,869.2
NV00368,MP015,2025-09-16 18:00:00,Noise,86.0,6644.5
NV00369,MP019,2025-09-16 06:00:00,Vibration,63.4,983.1
NV00370,MP019,2025-09-16 18:00:00,Vibration,45.9,1331.8
NV00371,MP023,2025-09-16 06:00:00,Vibration,48.7,7066.7
NV00372,MP023,2025-09-16 18:00:00,Vibration,46.3,2160.3
NV00373,MP027,2025-09-16 06:00:00,Vibration,71.7,1876.9
NV00374,MP027,2025-09-16 18:00:00,Vibration,49.7,846.5
NV00375,MP031,2025-09-16 06:00:00,Vibration,92.5,82.8
NV00376,MP031,2025-09-16 18:00:00,Noise,50.3,7189.9
NV00377,MP035,2025-09-16 06:00:00,Vibration,94.7,7871.9
NV00378,MP035,2025-09-16 18:00:00,Noise,45.3,7834.8
NV00379,MP039,2025-09-16 06:00:00,Vibration,50.1,3192.2
NV00380,MP039,2025-09-16 18:00:00,Vibration,85.6,503.2
NV00381,MP043,2025-09-16 06:00:00,Noise,87.8,3615.6
NV00382,MP043,2025-09-16 18:00:00,Noise,90.7,6453.7
NV00383,MP047,2025-09-16 06:00:00,Noise,62.0,1568.3
NV00384,MP047,2025-09-16 18:00:00,Noise,88.8,5488.3
NV00385,MP003,2025-09-17 06:00:00,Noise,56.0,1602.3
NV00386,MP003,2025-09-17 18:00:00,Noise,62.7,3681.5
NV00387,MP007,2025-09-17 06:00:00,Vibration,90.4,3026.3
NV00388,MP007,2025-09-17 18:00:00,Noise,86.9,6906.9
NV00389,MP011,2025-09-17 06:00:00,Vibration,48.8,2243.5
NV00390,MP011,2025-09-17 18:00:00,Vibration,63.8,1948.5
NV00391,MP015,2025-09-17 06:00:00,Noise,69.7,7664.1
NV00392,MP015,2025-09-17 18:00:00,Noise,80.8,6054.7
NV00393,MP019,2025-09-17 06:00:00,Vibration,54.3,1267.1
NV00394,MP019,2025-09-17 18:00:00,Vibration,73.9,4909.7
NV00395,MP023,2025-09-17 06:00:00,Vibration,46.0,4836.9
NV00396,MP023,2025-09-17 18:00:00,Noise,47.0,5611.7
NV00397,MP027,2025-09-17 06:00:00,Vibration,49.9,6892.2
NV00398,MP027,2025-09-17 18:00:00,Noise,89.2,960.6
NV00399,MP031,2025-09-17 06:00:00,Vibration,52.2,5224.7
NV00400,MP031,2025-09-17 18:00:00,Vibration,93.6,4514.4
NV00401,MP035,2025-09-17 06:00:00,Vibration,43.3,6647.0
NV00402,MP035,2025-09-17 18:00:00,Vibration,64.9,5174.1
NV00403,MP039,2025-09-17 06:00:00,Noise,64.9,1346.3
NV00404,MP039,2025-09-17 18:00:00,Vibration,59.6,1659.2
NV00405,MP043,2025-09-17 06:00:00,Vibration,54.6,5996.4
NV00406,MP043,2025-09-17 18:00:00,Vibration,41.3,5787.8
NV00407,MP047,2025-09-17 06:00:00,Vibration,56.6,42.3
NV00408,MP047,2025-09-17 18:00:00,Vibration,94.7,6033.2
NV00409,MP003,2025-09-18 06:00:00,Noise,49.3,4374.2
NV00410,MP003,2025-09-18 18:00:00,Noise,71.1,6742.4
NV00411,MP007,2025-09-18 06:00:00,Noise,72.7,1343.9
NV00412,MP007,2025-09-18 18:00:00,Noise,89.7,6217.5
NV00413,MP011,2025-09-18 06:00:00,Vibration,88.5,1920.8
NV00414,MP011,2025-09-18 18:00:00,Noise,55.4,4346.9
NV00415,MP015,2025-09-18 06:00:00,Noise,72.2,1403.4
NV00416,MP015,2025-09-18 18:00:00,Noise,59.2,1555.6
NV00417,MP019,2025-09-18 06:00:00,Noise,49.5,7660.1
NV00418,MP019,2025-09-18 18:00:00,Noise,59.7,345.1
NV00419,MP023,2025-09-18 06:00:00,Vibration,89.8,6446.8
NV00420,MP023,2025-09-18 18:00:00,Vibration,86.9,493.8
NV00421,MP027,2025-09-18 06:00:00,Noise,94.4,2283.8
NV00422,MP027,2025-09-18 18:00:00,Noise,52.4,3250.5
NV00423,MP031,2025-09-18 06:00:00,Vibration,78.2,1681.0
NV00424,MP031,2025-09-18 18:00:00,Noise,81.5,1979.9
NV00425,MP035,2025-09-18 06:00:00,Noise,56.2,1985.4
NV00426,MP035,2025-09-18 18:00:00,Noise,72.6,1075.5
NV00427,MP039,2025-09-18 06:00:00,Noise,59.1,5978.0
NV00428,MP039,2025-09-18 18:00:00,Noise,46.7,6656.6
NV00429,MP043,2025-09-18 06:00:00,Vibration,81.4,741.9
NV00430,MP043,2025-09-18 18:00:00,Noise,64.4,2680.1
NV00431,MP047,2025-09-18 06:00:00,Vibration,57.2,6999.0
NV00432,MP047,2025-09-18 18:00:00,Noise,92.3,960.9
NV00433,MP003,2025-09-19 06:00:00,Noise,93.2,3223.9
NV00434,MP003,2025-09-19 18:00:00,Noise,66.5,2485.7
NV00435,MP007,2025-09-19 06:00:00,Vibration,55.3,543.2
NV00436,MP007,2025-09-19 18:00:00,Noise,61.1,4770.5
NV00437,MP011,2025-09-19 06:00:00,Vibration,75.3,4539.5
NV00438,MP011,2025-09-19 18:00:00,Vibration,58.8,7888.1
NV00439,MP015,2025-09-19 06:00:00,Noise,72.2,1462.9
NV00440,MP015,2025-09-19 18:00:00,Vibration,44.2,1848.1
NV00441,MP019,2025-09-19 06:00:00,Vibration,60.5,5785.9
NV00442,MP019,2025-09-19 18:00:00,Noise,91.9,6842.7
NV00443,MP023,2025-09-19 06:00:00,Vibration,66.0,1226.1
NV00444,MP023,2025-09-19 18:00:00,Vibration,53.9,841.0
NV00445,MP027,2025-09-19 06:00:00,Noise,78.6,7125.0
NV00446,MP027,2025-09-19 18:00:00,Vibration,46.6,6473.0
NV00447,MP031,2025-09-19 06:00:00,Noise,41.5,4577.2
NV00448,MP031,2025-09-19 18:00:00,Noise,76.3,7037.3
NV00449,MP035,2025-09-19 06:00:00,Vibration,57.3,1116.7
NV00450,MP035,2025-09-19 18:00:00,Noise,50.5,5647.1
NV00451,MP039,2025-09-19 06:00:00,Noise,59.5,1857.6
NV00452,MP039,2025-09-19 18:00:00,Vibration,59.5,2556.0
NV00453,MP043,2025-09-19 06:00:00,Vibration,51.5,6179.7
NV00454,MP043,2025-09-19 18:00:00,Noise,72.0,858.4
NV00455,MP047,2025-09-19 06:00:00,Noise,76.6,414.0
NV00456,MP047,2025-09-19 18:00:00,Vibration,66.7,4738.4
NV00457,MP003,2025-09-20 06:00:00,Noise,54.4,4851.6
NV00458,MP003,2025-09-20 18:00:00,Noise,60.6,5935.2
NV00459,MP007,2025-09-20 06:00:00,Noise,48.4,765.5
NV00460,MP007,2025-09-20 18:00:00,Noise,79.0,2049.9
NV00461,MP011,2025-09-20 06:00:00,Vibration,78.5,4326.8
NV00462,MP011,2025-09-20 18:00:00,Noise,72.5,5892.9
NV00463,MP015,2025-09-20 06:00:00,Noise,56.6,4351.0
NV00464,MP015,2025-09-20 18:00:00,Vibration,42.3,3951.8
NV00465,MP019,2025-09-20 06:00:00,Vibration,85.6,1602.2
NV00466,MP019,2025-09-20 18:00:00,Noise,88.4,6065.3
NV00467,MP023,2025-09-20 06:00:00,Vibration,59.5,2876.6
NV00468,MP023,2025-09-20 18:00:00,Noise,49.1,3748.8
NV00469,MP027,2025-09-20 06:00:00,Vibration,92.8,2214.0
NV00470,MP027,2025-09-20 18:00:00,Vibration,75.0,6289.2
NV00471,MP031,2025-09-20 06:00:00,Vibration,80.4,4252.6
NV00472,MP031,2025-09-20 18:00:00,Noise,93.5,2578.7
NV00473,MP035,2025-09-20 06:00:00,Vibration,79.1,3833.1
NV00474,MP035,2025-09-20 18:00:00,Vibration,83.4,163.6
NV00475,MP039,2025-09-20 06:00:00,Vibration,61.9,1020.1
NV00476,MP039,2025-09-20 18:00:00,Noise,59.9,7393.3
NV00477,MP043,2025-09-20 06:00:00,Vibration,80.5,659.6
NV00478,MP043,2025-09-20 18:00:00,Vibration,49.3,1289.0
NV00479,MP047,2025-09-20 06:00:00,Noise,87.8,88.8
NV00480,MP047,2025-09-20 18:00:00,Noise,69.3,2834.3
NV00481,MP003,2025-09-21 06:00:00,Vibration,49.2,7065.7
NV00482,MP003,2025-09-21 18:00:00,Vibration,64.6,4428.7
NV00483,MP007,2025-09-21 06:00:00,Noise,72.4,2030.6
NV00484,MP007,2025-09-21 18:00:00,Noise,75.5,743.3
NV00485,MP011,2025-09-21 06:00:00,Noise,83.6,1980.6
NV00486,MP011,2025-09-21 18:00:00,Vibration,44.8,4566.5
NV00487,MP015,2025-09-21 06:00:00,Noise,72.7,6308.7
NV00488,MP015,2025-09-21 18:00:00,Vibration,61.7,6655.2
NV00489,MP019,2025-09-21 06:00:00,Vibration,42.2,3291.1
NV00490,MP019,2025-09-21 18:00:00,Noise,54.4,6651.7
NV00491,MP023,2025-09-21 06:00:00,Vibration,85.5,439.9
NV00492,MP023,2025-09-21 18:00:00,Vibration,63.7,1497.2
NV00493,MP027,2025-09-21 06:00:00,Vibration,86.0,5183.2
NV00494,MP027,2025-09-21 18:00:00,Noise,79.4,4923.9
NV00495,MP031,2025-09-21 06:00:00,Noise,80.6,693.5
NV00496,MP031,2025-09-21 18:00:00,Noise,53.5,6108.9
NV00497,MP035,2025-09-21 06:00:00,Noise,47.4,2397.1
NV00498,MP035,2025-09-21 18:00:00,Vibration,45.2,7598.1
NV00499,MP039,2025-09-21 06:00:00,Noise,61.0,66.2
NV00500,MP039,2025-09-21 18:00:00,Noise,63.1,189.7
NV00501,MP043,2025-09-21 06:00:00,Noise,65.4,5279.4
NV00502,MP043,2025-09-21 18:00:00,Vibration,62.0,3213.9
NV00503,MP047,2025-09-21 06:00:00,Vibration,85.7,458.0
NV00504,MP047,2025-09-21 18:00:00,Vibration,87.9,3139.6
NV00505,MP003,2025-09-22 06:00:00,Noise,79.0,5711.6
NV00506,MP003,2025-09-22 18:00:00,Vibration,40.6,4588.1
NV00507,MP007,2025-09-22 06:00:00,Noise,65.5,1615.1
NV00508,MP007,2025-09-22 18:00:00,Vibration,45.0,6612.8
NV00509,MP011,2025-09-22 06:00:00,Noise,87.2,5392.9
NV00510,MP011,2025-09-22 18:00:00,Noise,94.1,7090.8
NV00511,MP015,2025-09-22 06:00:00,Vibration,46.3,5150.5
NV00512,MP015,2025-09-22 18:00:00,Vibration,55.6,763.4
NV00513,MP019,2025-09-22 06:00:00,Vibration,56.5,7510.8
NV00514,MP019,2025-09-22 18:00:00,Noise,61.4,2222.7
NV00515,MP023,2025-09-22 06:00:00,Vibration,46.4,5995.9
NV00516,MP023,2025-09-22 18:00:00,Vibration,49.8,3769.5
NV00517,MP027,2025-09-22 06:00:00,Vibration,68.8,3823.3
NV00518,MP027,2025-09-22 18:00:00,Vibration,89.2,6021.4
NV00519,MP031,2025-09-22 06:00:00,Vibration,87.2,1683.3
NV00520,MP031,2025-09-22 18:00:00,Vibration,73.2,1456.9
NV00521,MP035,2025-09-22 06:00:00,Noise,85.0,7042.4
NV00522,MP035,2025-09-22 18:00:00,Noise,66.0,6869.6
NV00523,MP039,2025-09-22 06:00:00,Noise,68.1,3542.2
NV00524,MP039,2025-09-22 18:00:00,Noise,86.0,3965.4
NV00525,MP043,2025-09-22 06:00:00,Noise,49.5,5584.7
NV00526,MP043,2025-09-22 18:00:00,Noise,88.5,2310.5
NV00527,MP047,2025-09-22 06:00:00,Noise,64.5,2147.5
NV00528,MP047,2025-09-22 18:00:00,Vibration,44.3,3979.8
NV00529,MP003,2025-09-23 06:00:00,Noise,54.8,3438.6
NV00530,MP003,2025-09-23 18:00:00,Vibration,83.8,4017.8
NV00531,MP007,2025-09-23 06:00:00,Vibration,71.5,3600.1
NV00532,MP007,2025-09-23 18:00:00,Noise,49.1,6995.7
NV00533,MP011,2025-09-23 06:00:00,Vibration,81.0,3040.4
NV00534,MP011,2025-09-23 18:00:00,Noise,63.0,4551.2
NV00535,MP015,2025-09-23 06:00:00,Vibration,77.9,1400.2
NV00536,MP015,2025-09-23 18:00:00,Vibration,80.4,2144.4
NV00537,MP019,2025-09-23 06:00:00,Noise,93.9,45.6
NV00538,MP019,2025-09-23 18:00:00,Vibration,52.5,6997.7
NV00539,MP023,2025-09-23 06:00:00,Vibration,66.5,7550.0
NV00540,MP023,2025-09-23 18:00:00,Noise,45.0,5814.4
NV00541,MP027,2025-09-23 06:00:00,Noise,57.7,4727.9
NV00542,MP027,2025-09-23 18:00:00,Noise,85.9,279.4
NV00543,MP031,2025-09-23 06:00:00,Noise,66.2,639.7
NV00544,MP031,2025-09-23 18:00:00,Vibration,42.7,3920.1
NV00545,MP035,2025-09-23 06:00:00,Vibration,80.5,2362.9
NV00546,MP035,2025-09-23 18:00:00,Vibration,67.8,7254.1
NV00547,MP039,2025-09-23 06:00:00,Vibration,55.2,3667.2
NV00548,MP039,2025-09-23 18:00:00,Vibration,80.0,677.2
NV00549,MP043,2025-09-23 06:00:00,Vibration,86.4,7704.9
NV00550,MP043,2025-09-23 18:00:00,Vibration,88.3,2066.1
NV00551,MP047,2025-09-23 06:00:00,Vibration,86.7,1068.4
NV00552,MP047,2025-09-23 18:00:00,Vibration,81.5,3245.0
NV00553,MP003,2025-09-24 06:00:00,Noise,60.2,2389.5
NV00554,MP003,2025-09-24 18:00:00,Noise,68.6,6535.5
NV00555,MP007,2025-09-24 06:00:00,Noise,91.6,1210.2
NV00556,MP007,2025-09-24 18:00:00,Vibration,90.8,1352.2
NV00557,MP011,2025-09-24 06:00:00,Noise,40.6,4145.8
NV00558,MP011,2025-09-24 18:00:00,Vibration,42.3,3646.3
NV00559,MP015,2025-09-24 06:00:00,Vibration,41.1,7810.8
NV00560,MP015,2025-09-24 18:00:00,Vibration,62.7,7060.8
NV00561,MP019,2025-09-24 06:00:00,Noise,58.6,311.3
NV00562,MP019,2025-09-24 18:00:00,Noise,64.4,7320.5
NV00563,MP023,2025-09-24 06:00:00,Noise,51.6,3182.9
NV00564,MP023,2025-09-24 18:00:00,Vibration,76.6,197.6
NV00565,MP027,2025-09-24 06:00:00,Vibration,65.9,6335.8
NV00566,MP027,2025-09-24 18:00:00,Noise,70.1,1102.4
NV00567,MP031,2025-09-24 06:00:00,Noise,63.1,7105.1
NV00568,MP031,2025-09-24 18:00:00,Vibration,90.1,5146.1
NV00569,MP035,2025-09-24 06:00:00,Noise,73.8,6173.4
NV00570,MP035,2025-09-24 18:00:00,Vibration,67.9,4066.4
NV00571,MP039,2025-09-24 06:00:00,Vibration,52.0,6084.2
NV00572,MP039,2025-09-24 18:00:00,Noise,61.3,6016.4
NV00573,MP043,2025-09-24 06:00:00,Vibration,51.2,5444.3
NV00574,MP043,2025-09-24 18:00:00,Noise,78.3,5554.9
NV00575,MP047,2025-09-24 06:00:00,Vibration,94.3,212.1
NV00576,MP047,2025-09-24 18:00:00,Vibration,83.9,5108.7
NV00577,MP003,2025-09-25 06:00:00,Noise,86.4,5101.7
NV00578,MP003,2025-09-25 18:00:00,Noise,47.6,961.2
NV00579,MP007,2025-09-25 06:00:00,Vibration,43.2,5190.3
NV00580,MP007,2025-09-25 18:00:00,Vibration,82.1,6123.4
NV00581,MP011,2025-09-25 06:00:00,Vibration,77.6,3553.4
NV00582,MP011,2025-09-25 18:00:00,Vibration,61.5,1510.8
NV00583,MP015,2025-09-25 06:00:00,Noise,81.9,3229.7
NV00584,MP015,2025-09-25 18:00:00,Noise,71.8,7698.0
NV00585,MP019,2025-09-25 06:00:00,Noise,66.1,7549.2
NV00586,MP019,2025-09-25 18:00:00,Noise,82.2,4081.6
NV00587,MP023,2025-09-25 06:00:00,Noise,77.0,4541.9
NV00588,MP023,2025-09-25 18:00:00,Noise,67.0,4503.6
NV00589,MP027,2025-09-25 06:00:00,Vibration,78.6,7726.9
NV00590,MP027,2025-09-25 18:00:00,Noise,82.5,1882.4
NV00591,MP031,2025-09-25 06:00:00,Noise,65.2,7317.1
NV00592,MP031,2025-09-25 18:00:00,Noise,69.4,6582.4
NV00593,MP035,2025-09-25 06:00:00,Vibration,73.6,1389.5
NV00594,MP035,2025-09-25 18:00:00,Vibration,48.7,1665.8
NV00595,MP039,2025-09-25 06:00:00,Noise,93.5,715.0
NV00596,MP039,2025-09-25 18:00:00,Noise,92.7,2433.8
NV00597,MP043,2025-09-25 06:00:00,Noise,46.2,2883.2
NV00598,MP043,2025-09-25 18:00:00,Vibration,64.7,7951.2
NV00599,MP047,2025-09-25 06:00:00,Noise,43.5,2733.0
NV00600,MP047,2025-09-25 18:00:00,Vibration,50.4,2955.6
NV00601,MP003,2025-09-26 06:00:00,Noise,92.7,2187.0
NV00602,MP003,2025-09-26 18:00:00,Vibration,76.2,1978.0
NV00603,MP007,2025-09-26 06:00:00,Noise,78.4,6266.8
NV00604,MP007,2025-09-26 18:00:00,Noise,65.6,4319.4
NV00605,MP011,2025-09-26 06:00:00,Vibration,65.9,6883.1
NV00606,MP011,2025-09-26 18:00:00,Noise,61.3,3027.7
NV00607,MP015,2025-09-26 06:00:00,Vibration,76.5,5428.9
NV00608,MP015,2025-09-26 18:00:00,Vibration,88.6,4231.1
NV00609,MP019,2025-09-26 06:00:00,Noise,45.7,5210.9
NV00610,MP019,2025-09-26 18:00:00,Vibration,88.5,4655.7
NV00611,MP023,2025-09-26 06:00:00,Noise,89.6,5239.3
NV00612,MP023,2025-09-26 18:00:00,Noise,58.1,1613.7
NV00613,MP027,2025-09-26 06:00:00,Vibration,82.6,933.2
NV00614,MP027,2025-09-26 18:00:00,Noise,91.5,7819.1
NV00615,MP031,2025-09-26 06:00:00,Vibration,74.7,359.4
NV00616,MP031,2025-09-26 18:00:00,Noise,51.2,4115.2
NV00617,MP035,2025-09-26 06:00:00,Noise,68.5,7188.1
NV00618,MP035,2025-09-26 18:00:00,Noise,65.0,3228.8
NV00619,MP039,2025-09-26 06:00:00,Noise,73.0,3328.7
NV00620,MP039,2025-09-26 18:00:00,Noise,75.8,6167.7
NV00621,MP043,2025-09-26 06:00:00,Vibration,86.3,2623.5
NV00622,MP043,2025-09-26 18:00:00,Noise,76.3,173.5
NV00623,MP047,2025-09-26 06:00:00,Noise,68.4,5285.0
NV00624,MP047,2025-09-26 18:00:00,Vibration,92.3,1487.1
NV00625,MP003,2025-09-27 06:00:00,Vibration,74.7,728.8
NV00626,MP003,2025-09-27 18:00:00,Vibration,69.7,3395.4
NV00627,MP007,2025-09-27 06:00:00,Noise,79.6,7078.8
NV00628,MP007,2025-09-27 18:00:00,Vibration,87.2,1388.5
NV00629,MP011,2025-09-27 06:00:00,Vibration,62.3,1076.8
NV00630,MP011,2025-09-27 18:00:00,Noise,69.2,6728.6
NV00631,MP015,2025-09-27 06:00:00,Noise,74.4,3661.2
NV00632,MP015,2025-09-27 18:00:00,Noise,94.7,3381.8
NV00633,MP019,2025-09-27 06:00:00,Vibration,55.4,1762.4
NV00634,MP019,2025-09-27 18:00:00,Vibration,74.7,1487.4
NV00635,MP023,2025-09-27 06:00:00,Vibration,58.4,4184.9
NV00636,MP023,2025-09-27 18:00:00,Vibration,89.5,668.2
NV00637,MP027,2025-09-27 06:00:00,Noise,80.5,2376.0
NV00638,MP027,2025-09-27 18:00:00,Noise,56.4,5267.9
NV00639,MP031,2025-09-27 06:00:00,Vibration,51.8,4781.4
NV00640,MP031,2025-09-27 18:00:00,Noise,91.6,1266.6
NV00641,MP035,2025-09-27 06:00:00,Noise,65.2,2004.2
NV00642,MP035,2025-09-27 18:00:00,Noise,70.3,2144.8
NV00643,MP039,2025-09-27 06:00:00,Vibration,62.3,6534.6
NV00644,MP039,2025-09-27 18:00:00,Noise,53.7,3026.2
NV00645,MP043,2025-09-27 06:00:00,Vibration,40.0,7348.0
NV00646,MP043,2025-09-27 18:00:00,Vibration,53.3,2559.6
NV00647,MP047,2025-09-27 06:00:00,Vibration,42.3,2851.8
NV00648,MP047,2025-09-27 18:00:00,Vibration,54.1,6036.1
NV00649,MP003,2025-09-28 06:00:00,Vibration,83.4,6235.5
NV00650,MP003,2025-09-28 18:00:00,Vibration,77.4,7767.8
NV00651,MP007,2025-09-28 06:00:00,Vibration,85.5,2190.4
NV00652,MP007,2025-09-28 18:00:00,Noise,46.5,6996.7
NV00653,MP011,2025-09-28 06:00:00,Vibration,94.9,2005.2
NV00654,MP011,2025-09-28 18:00:00,Vibration,55.2,5704.2
NV00655,MP015,2025-09-28 06:00:00,Vibration,48.4,1596.7
NV00656,MP015,2025-09-28 18:00:00,Noise,52.7,326.8
NV00657,MP019,2025-09-28 06:00:00,Vibration,84.4,4842.5
NV00658,MP019,2025-09-28 18:00:00,Vibration,55.6,608.0
NV00659,MP023,2025-09-28 06:00:00,Vibration,72.0,4544.2
NV00660,MP023,2025-09-28 18:00:00,Vibration,93.2,6845.4
NV00661,MP027,2025-09-28 06:00:00,Noise,47.4,423.0
NV00662,MP027,2025-09-28 18:00:00,Vibration,50.2,4205.0
NV00663,MP031,2025-09-28 06:00:00,Noise,49.1,3297.6
NV00664,MP031,2025-09-28 18:00:00,Noise,40.6,3347.3
NV00665,MP035,2025-09-28 06:00:00,Noise,93.2,7590.0
NV00666,MP035,2025-09-28 18:00:00,Vibration,49.7,7142.5
NV00667,MP039,2025-09-28 06:00:00,Vibration,73.6,4728.3
NV00668,MP039,2025-09-28 18:00:00,Noise,72.3,5903.2
NV00669,MP043,2025-09-28 06:00:00,Noise,51.8,6016.9
NV00670,MP043,2025-09-28 18:00:00,Vibration,87.6,3210.5
NV00671,MP047,2025-09-28 06:00:00,Vibration,79.1,3618.5
NV00672,MP047,2025-09-28 18:00:00,Noise,60.5,6252.3
NV00673,MP003,2025-09-29 06:00:00,Noise,56.6,1991.5
NV00674,MP003,2025-09-29 18:00:00,Noise,42.7,7581.3
NV00675,MP007,2025-09-29 06:00:00,Vibration,89.2,6508.5
NV00676,MP007,2025-09-29 18:00:00,Noise,58.0,4832.9
NV00677,MP011,2025-09-29 06:00:00,Noise,93.7,4803.9
NV00678,MP011,2025-09-29 18:00:00,Noise,94.5,3231.6
NV00679,MP015,2025-09-29 06:00:00,Noise,40.2,550.7
NV00680,MP015,2025-09-29 18:00:00,Vibration,42.7,7831.5
NV00681,MP019,2025-09-29 06:00:00,Vibration,91.1,1191.4
NV00682,MP019,2025-09-29 18:00:00,Noise,92.6,2453.6
NV00683,MP023,2025-09-29 06:00:00,Noise,86.9,6968.3
NV00684,MP023,2025-09-29 18:00:00,Noise,52.0,963.3
NV00685,MP027,2025-09-29 06:00:00,Noise,68.4,4607.8
NV00686,MP027,2025-09-29 18:00:00,Vibration,48.4,5091.8
NV00687,MP031,2025-09-29 06:00:00,Vibration,47.3,4739.7
NV00688,MP031,2025-09-29 18:00:00,Vibration,75.4,6665.9
NV00689,MP035,2025-09-29 06:00:00,Vibration,56.3,5943.4
NV00690,MP035,2025-09-29 18:00:00,Noise,56.3,110.6
NV00691,MP039,2025-09-29 06:00:00,Noise,43.1,1477.6
NV00692,MP039,2025-09-29 18:00:00,Vibration,85.7,267.2
NV00693,MP043,2025-09-29 06:00:00,Vibration,94.6,3436.3
NV00694,MP043,2025-09-29 18:00:00,Noise,74.2,2102.9
NV00695,MP047,2025-09-29 06:00:00,Vibration,46.9,7502.8
NV00696,MP047,2025-09-29 18:00:00,Noise,75.7,6861.3
NV00697,MP003,2025-09-30 06:00:00,Vibration,69.4,7037.2
NV00698,MP003,2025-09-30 18:00:00,Noise,66.1,2928.7
NV00699,MP007,2025-09-30 06:00:00,Noise,64.7,3279.8
NV00700,MP007,2025-09-30 18:00:00,Noise,91.5,3456.3
NV00701,MP011,2025-09-30 06:00:00,Vibration,93.8,1240.4
NV00702,MP011,2025-09-30 18:00:00,Vibration,86.7,73.7
NV00703,MP015,2025-09-30 06:00:00,Noise,83.7,2472.7
NV00704,MP015,2025-09-30 18:00:00,Vibration,46.6,1323.7
NV00705,MP019,2025-09-30 06:00:00,Noise,93.0,5260.1
NV00706,MP019,2025-09-30 18:00:00,Vibration,76.3,2539.7
NV00707,MP023,2025-09-30 06:00:00,Vibration,45.3,433.6
NV00708,MP023,2025-09-30 18:00:00,Vibration,67.3,5146.1
NV00709,MP027,2025-09-30 06:00:00,Noise,67.3,7766.0
NV00710,MP027,2025-09-30 18:00:00,Noise,52.4,707.6
NV00711,MP031,2025-09-30 06:00:00,Noise,93.1,1190.0
NV00712,MP031,2025-09-30 18:00:00,Vibration,85.8,5958.8
NV00713,MP035,2025-09-30 06:00:00,Noise,72.5,4134.8
NV00714,MP035,2025-09-30 18:00:00,Noise,51.5,341.7
NV00715,MP039,2025-09-30 06:00:00,Vibration,80.2,6486.7
NV00716,MP039,2025-09-30 18:00:00,Vibration,55.1,3599.5
NV00717,MP043,2025-09-30 06:00:00,Noise,82.9,3957.2
NV00718,MP043,2025-09-30 18:00:00,Noise,64.4,7671.0
NV00719,MP047,2025-09-30 06:00:00,Vibration,87.6,6200.2
NV00720,MP047,2025-09-30 18:00:00,Vibration,94.3,7385.6
