Result_ID,Production_Date,Process_Type,Product_ID,Equipment_ID,Planned_Quantity_ton,Actual_Quantity_ton,Defect_Quantity_ton,Yield_Rate_Percent,Unit,Status
PR00001,2025-09-01,Blast_Furnace,P011,EQ027,374.82,330.59,44.23,88.2,ton,Delayed
PR00002,2025-09-01,Blast_Furnace,P009,EQ020,327.64,290.29,37.35,88.6,ton,Completed
PR00003,2025-09-01,Blast_Furnace,P007,EQ043,371.71,342.34,29.37,92.1,ton,In_Progress
PR00004,2025-09-01,Blast_Furnace,P015,EQ031,250.69,232.14,18.55,92.6,ton,In_Progress
PR00005,2025-09-01,Blast_Furnace,P003,EQ019,286.56,276.82,9.74,96.6,ton,Delayed
PR00006,2025-09-01,Steelmaking,P022,EQ020,236.58,235.63,0.95,99.6,ton,Delayed
PR00007,2025-09-01,Steelmaking,P027,EQ039,303.58,297.51,6.07,98.0,ton,Completed
PR00008,2025-09-01,Steelmaking,P021,EQ023,203.57,195.22,8.35,95.9,ton,Completed
PR00009,2025-09-01,Steelmaking,P009,EQ021,319.96,289.24,30.72,90.4,ton,Completed
PR00010,2025-09-01,Continuous_Casting,P035,EQ011,282.59,240.48,42.11,85.1,ton,Delayed
PR00011,2025-09-01,Continuous_Casting,P018,EQ013,219.25,216.62,2.63,98.8,ton,In_Progress
PR00012,2025-09-01,Continuous_Casting,P026,EQ049,207.46,177.79,29.67,85.7,ton,Delayed
PR00013,2025-09-01,Continuous_Casting,P030,EQ029,211.82,203.56,8.26,96.1,ton,Completed
PR00014,2025-09-01,Rolling,P018,EQ001,16.04,15.86,0.18,98.9,ton,Completed
PR00015,2025-09-01,Rolling,P041,EQ027,13.44,12.55,0.89,93.4,ton,Completed
PR00016,2025-09-01,Rolling,P023,EQ008,18.86,17.94,0.92,95.1,ton,Completed
PR00017,2025-09-01,Rolling,P043,EQ020,34.81,29.69,5.12,85.3,ton,Completed
PR00018,2025-09-01,Rolling,P044,EQ036,12.36,10.89,1.47,88.1,ton,Completed
PR00019,2025-09-02,Blast_Furnace,P003,EQ017,365.77,348.58,17.19,95.3,ton,Completed
PR00020,2025-09-02,Blast_Furnace,P008,EQ015,362.59,341.92,20.67,94.3,ton,Completed
PR00021,2025-09-02,Blast_Furnace,P010,EQ013,261.8,250.8,11.0,95.8,ton,Completed
PR00022,2025-09-02,Steelmaking,P005,EQ023,286.42,255.2,31.22,89.1,ton,Completed
PR00023,2025-09-02,Steelmaking,P008,EQ026,253.7,249.39,4.31,98.3,ton,Completed
PR00024,2025-09-02,Steelmaking,P022,EQ010,282.7,275.92,6.78,97.6,ton,Delayed
PR00025,2025-09-02,Continuous_Casting,P023,EQ024,249.43,231.72,17.71,92.9,ton,In_Progress
PR00026,2025-09-02,Continuous_Casting,P008,EQ046,274.77,247.84,26.93,90.2,ton,Completed
PR00027,2025-09-02,Continuous_Casting,P004,EQ006,216.34,208.34,8.0,96.3,ton,Completed
PR00028,2025-09-02,Continuous_Casting,P034,EQ039,295.33,278.79,16.54,94.4,ton,In_Progress
PR00029,2025-09-02,Rolling,P021,EQ043,32.55,29.16,3.39,89.6,ton,Completed
PR00030,2025-09-02,Rolling,P007,EQ021,28.89,25.51,3.38,88.3,ton,Delayed
PR00031,2025-09-02,Rolling,P006,EQ045,10.78,10.4,0.38,96.5,ton,Completed
PR00032,2025-09-02,Rolling,P031,EQ031,14.66,14.32,0.34,97.7,ton,Delayed
PR00033,2025-09-03,Blast_Furnace,P004,EQ009,376.88,358.04,18.84,95.0,ton,Delayed
PR00034,2025-09-03,Blast_Furnace,P015,EQ024,394.5,377.93,16.57,95.8,ton,Completed
PR00035,2025-09-03,Blast_Furnace,P008,EQ049,313.81,308.16,5.65,98.2,ton,Completed
PR00036,2025-09-03,Blast_Furnace,P005,EQ049,313.65,290.75,22.9,92.7,ton,In_Progress
PR00037,2025-09-03,Blast_Furnace,P007,EQ008,326.67,316.22,10.45,96.8,ton,Delayed
PR00038,2025-09-03,Blast_Furnace,P002,EQ026,273.97,256.98,16.99,93.8,ton,Completed
PR00039,2025-09-03,Steelmaking,P019,EQ002,318.51,281.88,36.63,88.5,ton,In_Progress
PR00040,2025-09-03,Steelmaking,P008,EQ039,250.4,215.59,34.81,86.1,ton,Delayed
PR00041,2025-09-03,Steelmaking,P003,EQ004,246.61,210.85,35.76,85.5,ton,Completed
PR00042,2025-09-03,Steelmaking,P020,EQ047,292.33,274.5,17.83,93.9,ton,Completed
PR00043,2025-09-03,Steelmaking,P014,EQ009,337.16,322.32,14.84,95.6,ton,Delayed
PR00044,2025-09-03,Steelmaking,P029,EQ029,234.13,227.34,6.79,97.1,ton,Completed
PR00045,2025-09-03,Continuous_Casting,P018,EQ034,314.02,281.36,32.66,89.6,ton,Completed
PR00046,2025-09-03,Continuous_Casting,P015,EQ006,272.06,257.91,14.15,94.8,ton,Completed
PR00047,2025-09-03,Continuous_Casting,P034,EQ010,231.7,225.21,6.49,97.2,ton,Delayed
PR00048,2025-09-03,Continuous_Casting,P036,EQ020,231.28,226.42,4.86,97.9,ton,Completed
PR00049,2025-09-03,Rolling,P047,EQ009,21.78,21.02,0.76,96.5,ton,Delayed
PR00050,2025-09-03,Rolling,P016,EQ025,21.66,20.38,1.28,94.1,ton,Completed
PR00051,2025-09-03,Rolling,P007,EQ008,27.96,25.0,2.96,89.4,ton,Completed
PR00052,2025-09-03,Rolling,P017,EQ048,17.13,15.23,1.9,88.9,ton,Completed
PR00053,2025-09-04,Blast_Furnace,P011,EQ040,305.88,301.9,3.98,98.7,ton,Completed
PR00054,2025-09-04,Blast_Furnace,P005,EQ003,352.85,345.09,7.76,97.8,ton,In_Progress
PR00055,2025-09-04,Blast_Furnace,P004,EQ031,322.55,307.07,15.48,95.2,ton,Completed
PR00056,2025-09-04,Blast_Furnace,P007,EQ021,252.37,220.07,32.3,87.2,ton,In_Progress
PR00057,2025-09-04,Steelmaking,P022,EQ039,218.98,215.7,3.28,98.5,ton,Completed
PR00058,2025-09-04,Steelmaking,P030,EQ005,336.46,296.76,39.7,88.2,ton,Completed
PR00059,2025-09-04,Steelmaking,P015,EQ033,216.73,198.09,18.64,91.4,ton,In_Progress
PR00060,2025-09-04,Continuous_Casting,P004,EQ015,294.81,257.37,37.44,87.3,ton,Completed
PR00061,2025-09-04,Continuous_Casting,P033,EQ038,256.99,233.86,23.13,91.0,ton,Completed
PR00062,2025-09-04,Continuous_Casting,P032,EQ021,241.97,230.36,11.61,95.2,ton,Delayed
PR00063,2025-09-04,Rolling,P008,EQ044,21.28,18.09,3.19,85.0,ton,Completed
PR00064,2025-09-04,Rolling,P002,EQ023,31.26,30.04,1.22,96.1,ton,Completed
PR00065,2025-09-04,Rolling,P023,EQ024,31.58,27.1,4.48,85.8,ton,Completed
PR00066,2025-09-04,Rolling,P009,EQ021,11.28,10.95,0.33,97.1,ton,Completed
PR00067,2025-09-04,Rolling,P037,EQ001,13.27,12.57,0.7,94.7,ton,In_Progress
PR00068,2025-09-04,Rolling,P033,EQ016,24.01,22.4,1.61,93.3,ton,Completed
PR00069,2025-09-05,Blast_Furnace,P012,EQ004,275.52,247.14,28.38,89.7,ton,Delayed
PR00070,2025-09-05,Blast_Furnace,P005,EQ029,364.18,312.1,52.08,85.7,ton,Completed
PR00071,2025-09-05,Blast_Furnace,P011,EQ018,251.28,242.99,8.29,96.7,ton,Completed
PR00072,2025-09-05,Blast_Furnace,P006,EQ018,311.21,296.58,14.63,95.3,ton,Completed
PR00073,2025-09-05,Steelmaking,P021,EQ010,236.01,215.71,20.3,91.4,ton,In_Progress
PR00074,2025-09-05,Steelmaking,P003,EQ007,206.7,203.19,3.51,98.3,ton,In_Progress
PR00075,2025-09-05,Steelmaking,P018,EQ043,219.82,192.56,27.26,87.6,ton,Completed
PR00076,2025-09-05,Steelmaking,P023,EQ049,247.04,219.12,27.92,88.7,ton,Completed
PR00077,2025-09-05,Steelmaking,P024,EQ025,209.02,194.81,14.21,93.2,ton,Completed
PR00078,2025-09-05,Continuous_Casting,P001,EQ043,256.57,231.94,24.63,90.4,ton,Completed
PR00079,2025-09-05,Continuous_Casting,P007,EQ012,184.41,172.05,12.36,93.3,ton,Completed
PR00080,2025-09-05,Continuous_Casting,P016,EQ044,282.37,277.29,5.08,98.2,ton,Delayed
PR00081,2025-09-05,Continuous_Casting,P035,EQ034,197.02,190.52,6.5,96.7,ton,Delayed
PR00082,2025-09-05,Rolling,P027,EQ037,26.92,25.63,1.29,95.2,ton,Delayed
PR00083,2025-09-05,Rolling,P001,EQ016,28.46,26.75,1.71,94.0,ton,Delayed
PR00084,2025-09-05,Rolling,P016,EQ048,22.76,21.76,1.0,95.6,ton,Delayed
PR00085,2025-09-05,Rolling,P035,EQ028,22.05,18.9,3.15,85.7,ton,Completed
PR00086,2025-09-06,Blast_Furnace,P003,EQ050,257.55,237.2,20.35,92.1,ton,Completed
PR00087,2025-09-06,Blast_Furnace,P002,EQ030,267.12,236.67,30.45,88.6,ton,In_Progress
PR00088,2025-09-06,Blast_Furnace,P005,EQ024,380.7,325.12,55.58,85.4,ton,In_Progress
PR00089,2025-09-06,Blast_Furnace,P012,EQ039,298.1,261.43,36.67,87.7,ton,Delayed
PR00090,2025-09-06,Blast_Furnace,P014,EQ001,329.36,283.91,45.45,86.2,ton,Completed
PR00091,2025-09-06,Steelmaking,P020,EQ042,245.59,218.33,27.26,88.9,ton,Completed
PR00092,2025-09-06,Steelmaking,P009,EQ027,290.83,253.31,37.52,87.1,ton,Delayed
PR00093,2025-09-06,Steelmaking,P026,EQ023,250.76,243.99,6.77,97.3,ton,In_Progress
PR00094,2025-09-06,Continuous_Casting,P030,EQ016,241.49,231.83,9.66,96.0,ton,Completed
PR00095,2025-09-06,Continuous_Casting,P028,EQ045,285.73,264.3,21.43,92.5,ton,Delayed
PR00096,2025-09-06,Continuous_Casting,P032,EQ049,199.79,182.61,17.18,91.4,ton,In_Progress
PR00097,2025-09-06,Continuous_Casting,P006,EQ023,236.11,205.42,30.69,87.0,ton,Delayed
PR00098,2025-09-06,Rolling,P050,EQ024,22.36,20.55,1.81,91.9,ton,Completed
PR00099,2025-09-06,Rolling,P029,EQ035,31.15,28.94,2.21,92.9,ton,Completed
PR00100,2025-09-06,Rolling,P035,EQ003,14.15,12.32,1.83,87.1,ton,Completed
PR00101,2025-09-06,Rolling,P015,EQ043,19.52,16.79,2.73,86.0,ton,Completed
PR00102,2025-09-06,Rolling,P002,EQ026,32.14,28.15,3.99,87.6,ton,Delayed
PR00103,2025-09-06,Rolling,P024,EQ014,28.19,23.96,4.23,85.0,ton,Completed
PR00104,2025-09-07,Blast_Furnace,P013,EQ050,264.51,236.74,27.77,89.5,ton,Completed
PR00105,2025-09-07,Blast_Furnace,P008,EQ024,277.84,257.56,20.28,92.7,ton,Completed
PR00106,2025-09-07,Blast_Furnace,P007,EQ039,309.52,287.85,21.67,93.0,ton,Delayed
PR00107,2025-09-07,Steelmaking,P029,EQ031,204.08,181.22,22.86,88.8,ton,Completed
PR00108,2025-09-07,Steelmaking,P030,EQ025,280.8,262.55,18.25,93.5,ton,In_Progress
PR00109,2025-09-07,Steelmaking,P014,EQ033,335.36,331.67,3.69,98.9,ton,Completed
PR00110,2025-09-07,Steelmaking,P009,EQ025,282.68,273.35,9.33,96.7,ton,Completed
PR00111,2025-09-07,Continuous_Casting,P002,EQ015,248.1,233.46,14.64,94.1,ton,Completed
PR00112,2025-09-07,Continuous_Casting,P018,EQ026,282.05,269.08,12.97,95.4,ton,Completed
PR00113,2025-09-07,Continuous_Casting,P035,EQ049,228.23,227.32,0.91,99.6,ton,Completed
PR00114,2025-09-07,Rolling,P043,EQ031,33.38,30.28,3.1,90.7,ton,In_Progress
PR00115,2025-09-07,Rolling,P042,EQ015,17.0,14.57,2.43,85.7,ton,Completed
PR00116,2025-09-07,Rolling,P011,EQ004,19.43,19.24,0.19,99.0,ton,Completed
PR00117,2025-09-08,Blast_Furnace,P002,EQ011,269.24,235.32,33.92,87.4,ton,Delayed
PR00118,2025-09-08,Blast_Furnace,P009,EQ008,327.79,279.6,48.19,85.3,ton,In_Progress
PR00119,2025-09-08,Blast_Furnace,P008,EQ008,316.95,297.3,19.65,93.8,ton,Delayed
PR00120,2025-09-08,Steelmaking,P028,EQ022,301.57,280.16,21.41,92.9,ton,In_Progress
PR00121,2025-09-08,Steelmaking,P027,EQ042,237.81,222.59,15.22,93.6,ton,Completed
PR00122,2025-09-08,Steelmaking,P016,EQ038,292.15,275.79,16.36,94.4,ton,Completed
PR00123,2025-09-08,Continuous_Casting,P011,EQ008,219.08,214.26,4.82,97.8,ton,Completed
PR00124,2025-09-08,Continuous_Casting,P009,EQ027,229.83,220.87,8.96,96.1,ton,In_Progress
PR00125,2025-09-08,Continuous_Casting,P007,EQ040,254.84,220.44,34.4,86.5,ton,Completed
PR00126,2025-09-08,Continuous_Casting,P032,EQ028,190.78,168.27,22.51,88.2,ton,Completed
PR00127,2025-09-08,Continuous_Casting,P008,EQ027,300.62,259.74,40.88,86.4,ton,Delayed
PR00128,2025-09-08,Rolling,P007,EQ024,30.82,28.26,2.56,91.7,ton,Completed
PR00129,2025-09-08,Rolling,P011,EQ048,31.67,28.88,2.79,91.2,ton,Delayed
PR00130,2025-09-08,Rolling,P039,EQ039,17.63,16.08,1.55,91.2,ton,Delayed
PR00131,2025-09-08,Rolling,P030,EQ036,22.68,19.57,3.11,86.3,ton,Completed
PR00132,2025-09-09,Blast_Furnace,P007,EQ045,257.1,248.1,9.0,96.5,ton,Completed
PR00133,2025-09-09,Blast_Furnace,P009,EQ032,261.53,261.27,0.26,99.9,ton,Completed
PR00134,2025-09-09,Blast_Furnace,P003,EQ013,369.3,352.31,16.99,95.4,ton,Completed
PR00135,2025-09-09,Steelmaking,P008,EQ016,211.53,199.26,12.27,94.2,ton,In_Progress
PR00136,2025-09-09,Steelmaking,P026,EQ022,240.16,205.34,34.82,85.5,ton,Completed
PR00137,2025-09-09,Steelmaking,P023,EQ020,303.39,295.81,7.58,97.5,ton,Completed
PR00138,2025-09-09,Steelmaking,P007,EQ031,300.88,282.83,18.05,94.0,ton,Completed
PR00139,2025-09-09,Steelmaking,P014,EQ024,277.38,249.64,27.74,90.0,ton,Completed
PR00140,2025-09-09,Steelmaking,P004,EQ022,304.23,299.97,4.26,98.6,ton,Completed
PR00141,2025-09-09,Continuous_Casting,P010,EQ047,210.5,198.92,11.58,94.5,ton,Completed
PR00142,2025-09-09,Continuous_Casting,P031,EQ021,288.81,284.19,4.62,98.4,ton,Completed
PR00143,2025-09-09,Continuous_Casting,P018,EQ029,293.22,252.17,41.05,86.0,ton,In_Progress
PR00144,2025-09-09,Rolling,P021,EQ048,31.08,30.61,0.47,98.5,ton,Completed
PR00145,2025-09-09,Rolling,P036,EQ032,31.69,31.21,0.48,98.5,ton,Completed
PR00146,2025-09-09,Rolling,P005,EQ046,34.79,33.26,1.53,95.6,ton,Delayed
PR00147,2025-09-09,Rolling,P041,EQ003,13.04,12.14,0.9,93.1,ton,Completed
PR00148,2025-09-10,Blast_Furnace,P006,EQ017,297.75,257.26,40.49,86.4,ton,Delayed
PR00149,2025-09-10,Blast_Furnace,P005,EQ014,366.4,344.42,21.98,94.0,ton,Completed
PR00150,2025-09-10,Blast_Furnace,P002,EQ050,370.15,347.94,22.21,94.0,ton,In_Progress
PR00151,2025-09-10,Blast_Furnace,P004,EQ043,360.53,348.27,12.26,96.6,ton,In_Progress
PR00152,2025-09-10,Blast_Furnace,P009,EQ003,347.59,317.7,29.89,91.4,ton,Completed
PR00153,2025-09-10,Steelmaking,P029,EQ009,294.45,290.62,3.83,98.7,ton,Completed
PR00154,2025-09-10,Steelmaking,P026,EQ036,347.79,327.62,20.17,94.2,ton,Completed
PR00155,2025-09-10,Steelmaking,P019,EQ045,216.14,199.5,16.64,92.3,ton,Completed
PR00156,2025-09-10,Steelmaking,P018,EQ022,297.63,286.92,10.71,96.4,ton,Completed
PR00157,2025-09-10,Steelmaking,P015,EQ027,260.07,223.66,36.41,86.0,ton,Completed
PR00158,2025-09-10,Continuous_Casting,P040,EQ029,184.03,175.56,8.47,95.4,ton,Completed
PR00159,2025-09-10,Continuous_Casting,P031,EQ031,271.96,259.99,11.97,95.6,ton,Completed
PR00160,2025-09-10,Continuous_Casting,P013,EQ046,308.78,276.67,32.11,89.6,ton,Completed
PR00161,2025-09-10,Continuous_Casting,P028,EQ042,203.9,199.41,4.49,97.8,ton,Completed
PR00162,2025-09-10,Rolling,P045,EQ047,15.74,15.28,0.46,97.1,ton,Delayed
PR00163,2025-09-10,Rolling,P040,EQ044,32.81,28.81,4.0,87.8,ton,Completed
PR00164,2025-09-10,Rolling,P034,EQ028,17.82,17.55,0.27,98.5,ton,Completed
PR00165,2025-09-11,Blast_Furnace,P011,EQ019,290.27,259.5,30.77,89.4,ton,In_Progress
PR00166,2025-09-11,Blast_Furnace,P013,EQ018,273.3,272.75,0.55,99.8,ton,Completed
PR00167,2025-09-11,Blast_Furnace,P005,EQ011,353.97,313.97,40.0,88.7,ton,Completed
PR00168,2025-09-11,Steelmaking,P023,EQ029,261.7,249.92,11.78,95.5,ton,Completed
PR00169,2025-09-11,Steelmaking,P020,EQ008,300.25,278.33,21.92,92.7,ton,Completed
PR00170,2025-09-11,Steelmaking,P010,EQ022,262.48,233.87,28.61,89.1,ton,In_Progress
PR00171,2025-09-11,Continuous_Casting,P007,EQ040,255.48,244.24,11.24,95.6,ton,Completed
PR00172,2025-09-11,Continuous_Casting,P020,EQ030,185.45,166.35,19.1,89.7,ton,Completed
PR00173,2025-09-11,Continuous_Casting,P032,EQ020,297.43,297.13,0.3,99.9,ton,In_Progress
PR00174,2025-09-11,Continuous_Casting,P023,EQ004,251.2,244.67,6.53,97.4,ton,Delayed
PR00175,2025-09-11,Continuous_Casting,P013,EQ005,273.44,266.06,7.38,97.3,ton,Completed
PR00176,2025-09-11,Rolling,P042,EQ025,17.99,16.01,1.98,89.0,ton,In_Progress
PR00177,2025-09-11,Rolling,P013,EQ038,34.75,29.71,5.04,85.5,ton,Completed
PR00178,2025-09-11,Rolling,P021,EQ016,22.01,21.06,0.95,95.7,ton,Delayed
PR00179,2025-09-12,Blast_Furnace,P010,EQ015,284.76,258.56,26.2,90.8,ton,In_Progress
PR00180,2025-09-12,Blast_Furnace,P003,EQ017,263.93,226.98,36.95,86.0,ton,In_Progress
PR00181,2025-09-12,Blast_Furnace,P013,EQ049,278.78,265.4,13.38,95.2,ton,In_Progress
PR00182,2025-09-12,Blast_Furnace,P014,EQ015,367.52,329.3,38.22,89.6,ton,Completed
PR00183,2025-09-12,Blast_Furnace,P015,EQ042,344.64,300.53,44.11,87.2,ton,Completed
PR00184,2025-09-12,Blast_Furnace,P006,EQ025,313.7,275.11,38.59,87.7,ton,Completed
PR00185,2025-09-12,Steelmaking,P014,EQ034,280.82,248.53,32.29,88.5,ton,Completed
PR00186,2025-09-12,Steelmaking,P007,EQ017,231.3,209.56,21.74,90.6,ton,In_Progress
PR00187,2025-09-12,Steelmaking,P026,EQ025,265.43,250.04,15.39,94.2,ton,Completed
PR00188,2025-09-12,Steelmaking,P010,EQ033,265.2,257.51,7.69,97.1,ton,Completed
PR00189,2025-09-12,Steelmaking,P022,EQ012,242.64,232.69,9.95,95.9,ton,Completed
PR00190,2025-09-12,Continuous_Casting,P040,EQ029,217.66,196.11,21.55,90.1,ton,Completed
PR00191,2025-09-12,Continuous_Casting,P009,EQ037,300.68,262.79,37.89,87.4,ton,In_Progress
PR00192,2025-09-12,Continuous_Casting,P036,EQ041,306.48,284.41,22.07,92.8,ton,In_Progress
PR00193,2025-09-12,Continuous_Casting,P022,EQ024,265.23,260.46,4.77,98.2,ton,Delayed
PR00194,2025-09-12,Continuous_Casting,P037,EQ041,301.19,267.16,34.03,88.7,ton,Delayed
PR00195,2025-09-12,Continuous_Casting,P002,EQ039,302.31,276.01,26.3,91.3,ton,Completed
PR00196,2025-09-12,Rolling,P021,EQ026,18.2,16.18,2.02,88.9,ton,Completed
PR00197,2025-09-12,Rolling,P039,EQ036,23.08,19.64,3.44,85.1,ton,In_Progress
PR00198,2025-09-12,Rolling,P007,EQ038,18.51,16.1,2.41,87.0,ton,In_Progress
PR00199,2025-09-12,Rolling,P031,EQ030,15.31,13.64,1.67,89.1,ton,Completed
PR00200,2025-09-13,Blast_Furnace,P011,EQ038,330.83,309.99,20.84,93.7,ton,Delayed
PR00201,2025-09-13,Blast_Furnace,P007,EQ002,311.29,269.58,41.71,86.6,ton,Completed
PR00202,2025-09-13,Blast_Furnace,P009,EQ028,337.64,291.38,46.26,86.3,ton,Completed
PR00203,2025-09-13,Blast_Furnace,P014,EQ040,316.05,272.44,43.61,86.2,ton,Completed
PR00204,2025-09-13,Blast_Furnace,P012,EQ049,282.23,262.19,20.04,92.9,ton,Delayed
PR00205,2025-09-13,Blast_Furnace,P008,EQ007,300.51,277.07,23.44,92.2,ton,Completed
PR00206,2025-09-13,Steelmaking,P014,EQ005,281.42,260.59,20.83,92.6,ton,Completed
PR00207,2025-09-13,Steelmaking,P024,EQ044,214.39,198.1,16.29,92.4,ton,Completed
PR00208,2025-09-13,Steelmaking,P011,EQ017,284.45,272.5,11.95,95.8,ton,Completed
PR00209,2025-09-13,Steelmaking,P001,EQ014,242.61,213.74,28.87,88.1,ton,Completed
PR00210,2025-09-13,Steelmaking,P021,EQ040,333.14,332.47,0.67,99.8,ton,In_Progress
PR00211,2025-09-13,Steelmaking,P028,EQ034,249.15,244.67,4.48,98.2,ton,Completed
PR00212,2025-09-13,Continuous_Casting,P002,EQ032,228.04,195.43,32.61,85.7,ton,Completed
PR00213,2025-09-13,Continuous_Casting,P022,EQ012,291.36,266.59,24.77,91.5,ton,Delayed
PR00214,2025-09-13,Continuous_Casting,P027,EQ045,255.19,223.29,31.9,87.5,ton,Completed
PR00215,2025-09-13,Continuous_Casting,P037,EQ029,197.41,196.23,1.18,99.4,ton,Completed
PR00216,2025-09-13,Continuous_Casting,P015,EQ022,187.8,183.86,3.94,97.9,ton,Completed
PR00217,2025-09-13,Rolling,P046,EQ049,19.41,18.92,0.49,97.5,ton,In_Progress
PR00218,2025-09-13,Rolling,P032,EQ005,25.73,24.8,0.93,96.4,ton,Completed
PR00219,2025-09-13,Rolling,P028,EQ034,26.17,24.5,1.67,93.6,ton,Delayed
PR00220,2025-09-13,Rolling,P048,EQ036,31.7,30.15,1.55,95.1,ton,Completed
PR00221,2025-09-13,Rolling,P012,EQ021,22.8,20.13,2.67,88.3,ton,Completed
PR00222,2025-09-14,Blast_Furnace,P013,EQ010,315.89,295.99,19.9,93.7,ton,In_Progress
PR00223,2025-09-14,Blast_Furnace,P002,EQ022,262.61,254.99,7.62,97.1,ton,Completed
PR00224,2025-09-14,Blast_Furnace,P015,EQ001,363.86,344.21,19.65,94.6,ton,In_Progress
PR00225,2025-09-14,Steelmaking,P005,EQ032,268.95,249.85,19.1,92.9,ton,Delayed
PR00226,2025-09-14,Steelmaking,P030,EQ004,333.73,303.03,30.7,90.8,ton,Delayed
PR00227,2025-09-14,Steelmaking,P028,EQ010,207.74,182.6,25.14,87.9,ton,Delayed
PR00228,2025-09-14,Steelmaking,P029,EQ014,238.06,226.63,11.43,95.2,ton,Completed
PR00229,2025-09-14,Steelmaking,P023,EQ041,289.27,263.24,26.03,91.0,ton,In_Progress
PR00230,2025-09-14,Continuous_Casting,P016,EQ013,211.13,193.4,17.73,91.6,ton,Delayed
PR00231,2025-09-14,Continuous_Casting,P015,EQ006,246.75,240.83,5.92,97.6,ton,Completed
PR00232,2025-09-14,Continuous_Casting,P007,EQ029,303.59,296.3,7.29,97.6,ton,Delayed
PR00233,2025-09-14,Continuous_Casting,P035,EQ020,219.19,198.15,21.04,90.4,ton,Delayed
PR00234,2025-09-14,Continuous_Casting,P005,EQ028,204.23,186.26,17.97,91.2,ton,Completed
PR00235,2025-09-14,Continuous_Casting,P010,EQ025,214.3,194.8,19.5,90.9,ton,In_Progress
PR00236,2025-09-14,Rolling,P045,EQ039,22.21,20.52,1.69,92.4,ton,Delayed
PR00237,2025-09-14,Rolling,P003,EQ050,31.47,29.64,1.83,94.2,ton,Completed
PR00238,2025-09-14,Rolling,P033,EQ042,15.99,14.28,1.71,89.3,ton,In_Progress
PR00239,2025-09-14,Rolling,P040,EQ046,18.36,17.22,1.14,93.8,ton,Completed
PR00240,2025-09-14,Rolling,P036,EQ029,28.75,27.83,0.92,96.8,ton,Completed
PR00241,2025-09-15,Blast_Furnace,P008,EQ036,321.3,274.39,46.91,85.4,ton,Completed
PR00242,2025-09-15,Blast_Furnace,P007,EQ002,393.74,363.03,30.71,92.2,ton,Delayed
PR00243,2025-09-15,Blast_Furnace,P015,EQ023,262.08,246.36,15.72,94.0,ton,Completed
PR00244,2025-09-15,Blast_Furnace,P014,EQ013,294.71,253.75,40.96,86.1,ton,Delayed
PR00245,2025-09-15,Steelmaking,P021,EQ040,288.25,279.03,9.22,96.8,ton,Completed
PR00246,2025-09-15,Steelmaking,P025,EQ037,327.67,314.89,12.78,96.1,ton,Delayed
PR00247,2025-09-15,Steelmaking,P007,EQ024,259.76,249.11,10.65,95.9,ton,Completed
PR00248,2025-09-15,Steelmaking,P002,EQ016,311.73,298.64,13.09,95.8,ton,Completed
PR00249,2025-09-15,Continuous_Casting,P034,EQ016,227.87,199.84,28.03,87.7,ton,Completed
PR00250,2025-09-15,Continuous_Casting,P022,EQ044,198.22,180.78,17.44,91.2,ton,Completed
PR00251,2025-09-15,Continuous_Casting,P028,EQ041,275.7,272.12,3.58,98.7,ton,Completed
PR00252,2025-09-15,Continuous_Casting,P024,EQ003,216.43,184.83,31.6,85.4,ton,In_Progress
PR00253,2025-09-15,Rolling,P005,EQ016,30.37,28.49,1.88,93.8,ton,Completed
PR00254,2025-09-15,Rolling,P004,EQ027,11.94,11.22,0.72,94.0,ton,In_Progress
PR00255,2025-09-15,Rolling,P048,EQ033,24.19,23.22,0.97,96.0,ton,Completed
PR00256,2025-09-16,Blast_Furnace,P002,EQ044,383.01,354.28,28.73,92.5,ton,Delayed
PR00257,2025-09-16,Blast_Furnace,P009,EQ018,310.27,267.14,43.13,86.1,ton,Completed
PR00258,2025-09-16,Blast_Furnace,P015,EQ031,317.3,313.49,3.81,98.8,ton,In_Progress
PR00259,2025-09-16,Steelmaking,P017,EQ030,309.96,282.68,27.28,91.2,ton,Delayed
PR00260,2025-09-16,Steelmaking,P016,EQ036,332.82,318.18,14.64,95.6,ton,Completed
PR00261,2025-09-16,Steelmaking,P022,EQ048,255.93,222.66,33.27,87.0,ton,Delayed
PR00262,2025-09-16,Steelmaking,P001,EQ022,346.69,325.2,21.49,93.8,ton,Completed
PR00263,2025-09-16,Steelmaking,P009,EQ034,296.29,254.81,41.48,86.0,ton,Completed
PR00264,2025-09-16,Steelmaking,P024,EQ045,234.9,207.89,27.01,88.5,ton,Completed
PR00265,2025-09-16,Continuous_Casting,P032,EQ021,218.95,201.87,17.08,92.2,ton,Completed
PR00266,2025-09-16,Continuous_Casting,P028,EQ040,254.9,223.29,31.61,87.6,ton,Completed
PR00267,2025-09-16,Continuous_Casting,P019,EQ005,215.47,194.57,20.9,90.3,ton,Completed
PR00268,2025-09-16,Continuous_Casting,P002,EQ006,254.47,230.55,23.92,90.6,ton,Completed
PR00269,2025-09-16,Rolling,P020,EQ006,16.33,15.68,0.65,96.0,ton,In_Progress
PR00270,2025-09-16,Rolling,P029,EQ022,14.19,13.03,1.16,91.8,ton,Completed
PR00271,2025-09-16,Rolling,P016,EQ009,10.07,9.05,1.02,89.9,ton,Completed
PR00272,2025-09-16,Rolling,P014,EQ019,12.58,12.45,0.13,99.0,ton,Completed
PR00273,2025-09-16,Rolling,P036,EQ047,15.65,14.49,1.16,92.6,ton,Completed
PR00274,2025-09-16,Rolling,P038,EQ023,34.8,32.4,2.4,93.1,ton,Delayed
PR00275,2025-09-17,Blast_Furnace,P005,EQ014,263.53,232.17,31.36,88.1,ton,Completed
PR00276,2025-09-17,Blast_Furnace,P014,EQ005,325.82,286.07,39.75,87.8,ton,Completed
PR00277,2025-09-17,Blast_Furnace,P008,EQ023,327.12,287.54,39.58,87.9,ton,Delayed
PR00278,2025-09-17,Blast_Furnace,P013,EQ050,297.74,289.4,8.34,97.2,ton,Completed
PR00279,2025-09-17,Blast_Furnace,P015,EQ014,392.63,388.7,3.93,99.0,ton,In_Progress
PR00280,2025-09-17,Blast_Furnace,P002,EQ024,345.65,329.75,15.9,95.4,ton,Delayed
PR00281,2025-09-17,Steelmaking,P011,EQ037,278.38,266.13,12.25,95.6,ton,Completed
PR00282,2025-09-17,Steelmaking,P029,EQ011,345.67,322.51,23.16,93.3,ton,Delayed
PR00283,2025-09-17,Steelmaking,P020,EQ022,254.15,235.85,18.3,92.8,ton,Completed
PR00284,2025-09-17,Steelmaking,P026,EQ025,269.11,259.42,9.69,96.4,ton,Completed
PR00285,2025-09-17,Steelmaking,P002,EQ014,280.71,278.18,2.53,99.1,ton,Completed
PR00286,2025-09-17,Continuous_Casting,P020,EQ036,304.81,294.14,10.67,96.5,ton,Completed
PR00287,2025-09-17,Continuous_Casting,P035,EQ013,314.47,270.44,44.03,86.0,ton,Completed
PR00288,2025-09-17,Continuous_Casting,P037,EQ025,206.47,179.42,27.05,86.9,ton,In_Progress
PR00289,2025-09-17,Continuous_Casting,P006,EQ012,223.65,195.47,28.18,87.4,ton,In_Progress
PR00290,2025-09-17,Rolling,P037,EQ004,31.01,29.77,1.24,96.0,ton,Completed
PR00291,2025-09-17,Rolling,P030,EQ012,11.58,10.39,1.19,89.7,ton,Delayed
PR00292,2025-09-17,Rolling,P048,EQ013,17.38,17.36,0.02,99.9,ton,Completed
PR00293,2025-09-17,Rolling,P016,EQ047,20.04,17.62,2.42,87.9,ton,Completed
PR00294,2025-09-17,Rolling,P049,EQ022,32.07,28.96,3.11,90.3,ton,Completed
PR00295,2025-09-18,Blast_Furnace,P002,EQ003,278.47,270.39,8.08,97.1,ton,Completed
PR00296,2025-09-18,Blast_Furnace,P006,EQ001,317.47,295.25,22.22,93.0,ton,Completed
PR00297,2025-09-18,Blast_Furnace,P004,EQ004,342.5,336.68,5.82,98.3,ton,Delayed
PR00298,2025-09-18,Steelmaking,P020,EQ021,247.97,225.9,22.07,91.1,ton,Delayed
PR00299,2025-09-18,Steelmaking,P018,EQ016,312.4,279.91,32.49,89.6,ton,Completed
PR00300,2025-09-18,Steelmaking,P010,EQ008,317.46,305.08,12.38,96.1,ton,Completed
PR00301,2025-09-18,Steelmaking,P022,EQ039,288.65,251.41,37.24,87.1,ton,In_Progress
PR00302,2025-09-18,Steelmaking,P025,EQ039,240.04,209.55,30.49,87.3,ton,Delayed
PR00303,2025-09-18,Continuous_Casting,P006,EQ007,308.48,296.76,11.72,96.2,ton,Delayed
PR00304,2025-09-18,Continuous_Casting,P040,EQ045,266.22,227.09,39.13,85.3,ton,In_Progress
PR00305,2025-09-18,Continuous_Casting,P007,EQ041,198.54,188.61,9.93,95.0,ton,Completed
PR00306,2025-09-18,Continuous_Casting,P002,EQ048,197.29,183.48,13.81,93.0,ton,Delayed
PR00307,2025-09-18,Continuous_Casting,P027,EQ033,309.51,270.2,39.31,87.3,ton,Completed
PR00308,2025-09-18,Rolling,P023,EQ040,24.21,21.96,2.25,90.7,ton,Completed
PR00309,2025-09-18,Rolling,P041,EQ002,23.23,21.95,1.28,94.5,ton,Delayed
PR00310,2025-09-18,Rolling,P026,EQ037,29.99,28.67,1.32,95.6,ton,Completed
PR00311,2025-09-18,Rolling,P011,EQ001,18.63,16.49,2.14,88.5,ton,Completed
PR00312,2025-09-18,Rolling,P042,EQ032,13.24,11.52,1.72,87.0,ton,Delayed
PR00313,2025-09-18,Rolling,P025,EQ004,27.59,24.11,3.48,87.4,ton,Completed
PR00314,2025-09-19,Blast_Furnace,P011,EQ018,333.83,314.47,19.36,94.2,ton,Completed
PR00315,2025-09-19,Blast_Furnace,P015,EQ017,370.76,345.92,24.84,93.3,ton,Completed
PR00316,2025-09-19,Blast_Furnace,P008,EQ010,341.51,294.72,46.79,86.3,ton,Completed
PR00317,2025-09-19,Steelmaking,P029,EQ022,301.53,279.52,22.01,92.7,ton,Completed
PR00318,2025-09-19,Steelmaking,P023,EQ046,339.46,335.05,4.41,98.7,ton,In_Progress
PR00319,2025-09-19,Steelmaking,P026,EQ026,202.39,183.57,18.82,90.7,ton,Completed
PR00320,2025-09-19,Steelmaking,P002,EQ036,204.3,197.97,6.33,96.9,ton,Completed
PR00321,2025-09-19,Continuous_Casting,P001,EQ017,243.16,236.11,7.05,97.1,ton,In_Progress
PR00322,2025-09-19,Continuous_Casting,P027,EQ022,185.83,174.12,11.71,93.7,ton,Completed
PR00323,2025-09-19,Continuous_Casting,P023,EQ006,268.84,267.76,1.08,99.6,ton,In_Progress
PR00324,2025-09-19,Continuous_Casting,P020,EQ033,226.27,205.68,20.59,90.9,ton,Completed
PR00325,2025-09-19,Continuous_Casting,P031,EQ014,184.94,182.17,2.77,98.5,ton,Completed
PR00326,2025-09-19,Rolling,P028,EQ032,23.27,23.01,0.26,98.9,ton,Delayed
PR00327,2025-09-19,Rolling,P009,EQ047,32.0,28.86,3.14,90.2,ton,In_Progress
PR00328,2025-09-19,Rolling,P015,EQ040,30.74,26.47,4.27,86.1,ton,Delayed
PR00329,2025-09-19,Rolling,P033,EQ043,33.97,31.01,2.96,91.3,ton,Completed
PR00330,2025-09-19,Rolling,P036,EQ009,31.08,26.51,4.57,85.3,ton,Completed
PR00331,2025-09-20,Blast_Furnace,P013,EQ036,307.33,303.64,3.69,98.8,ton,Delayed
PR00332,2025-09-20,Blast_Furnace,P012,EQ038,291.56,280.77,10.79,96.3,ton,Completed
PR00333,2025-09-20,Blast_Furnace,P004,EQ049,336.61,286.79,49.82,85.2,ton,In_Progress
PR00334,2025-09-20,Steelmaking,P007,EQ049,308.15,273.64,34.51,88.8,ton,In_Progress
PR00335,2025-09-20,Steelmaking,P011,EQ038,319.65,308.46,11.19,96.5,ton,Completed
PR00336,2025-09-20,Steelmaking,P004,EQ036,225.27,215.81,9.46,95.8,ton,Completed
PR00337,2025-09-20,Continuous_Casting,P005,EQ037,282.35,280.66,1.69,99.4,ton,Completed
PR00338,2025-09-20,Continuous_Casting,P038,EQ020,241.67,225.72,15.95,93.4,ton,In_Progress
PR00339,2025-09-20,Continuous_Casting,P008,EQ023,303.58,301.76,1.82,99.4,ton,Delayed
PR00340,2025-09-20,Continuous_Casting,P017,EQ031,210.11,180.27,29.84,85.8,ton,In_Progress
PR00341,2025-09-20,Continuous_Casting,P030,EQ022,282.02,245.08,36.94,86.9,ton,Delayed
PR00342,2025-09-20,Rolling,P001,EQ041,23.22,22.43,0.79,96.6,ton,Completed
PR00343,2025-09-20,Rolling,P036,EQ025,27.22,23.74,3.48,87.2,ton,Completed
PR00344,2025-09-20,Rolling,P017,EQ024,29.36,29.1,0.26,99.1,ton,In_Progress
PR00345,2025-09-20,Rolling,P033,EQ043,14.64,14.39,0.25,98.3,ton,In_Progress
PR00346,2025-09-20,Rolling,P034,EQ011,27.92,27.5,0.42,98.5,ton,Completed
PR00347,2025-09-20,Rolling,P026,EQ034,15.46,13.71,1.75,88.7,ton,Completed
PR00348,2025-09-21,Blast_Furnace,P007,EQ022,314.06,301.18,12.88,95.9,ton,Delayed
PR00349,2025-09-21,Blast_Furnace,P009,EQ032,386.0,365.16,20.84,94.6,ton,In_Progress
PR00350,2025-09-21,Blast_Furnace,P014,EQ002,341.62,310.87,30.75,91.0,ton,Completed
PR00351,2025-09-21,Steelmaking,P016,EQ021,324.64,298.99,25.65,92.1,ton,Completed
PR00352,2025-09-21,Steelmaking,P009,EQ006,234.66,221.75,12.91,94.5,ton,Completed
PR00353,2025-09-21,Steelmaking,P024,EQ031,248.36,224.02,24.34,90.2,ton,Completed
PR00354,2025-09-21,Steelmaking,P019,EQ039,294.28,291.04,3.24,98.9,ton,In_Progress
PR00355,2025-09-21,Continuous_Casting,P018,EQ046,269.06,267.98,1.08,99.6,ton,Delayed
PR00356,2025-09-21,Continuous_Casting,P035,EQ044,304.23,300.88,3.35,98.9,ton,Delayed
PR00357,2025-09-21,Continuous_Casting,P030,EQ029,225.25,195.52,29.73,86.8,ton,Completed
PR00358,2025-09-21,Continuous_Casting,P040,EQ040,266.63,243.7,22.93,91.4,ton,Completed
PR00359,2025-09-21,Continuous_Casting,P006,EQ015,217.55,198.19,19.36,91.1,ton,Completed
PR00360,2025-09-21,Continuous_Casting,P005,EQ005,287.45,277.96,9.49,96.7,ton,Delayed
PR00361,2025-09-21,Rolling,P008,EQ039,20.67,20.46,0.21,99.0,ton,Completed
PR00362,2025-09-21,Rolling,P040,EQ004,24.14,21.27,2.87,88.1,ton,In_Progress
PR00363,2025-09-21,Rolling,P026,EQ012,11.53,10.0,1.53,86.7,ton,Completed
PR00364,2025-09-21,Rolling,P029,EQ003,12.15,11.66,0.49,96.0,ton,In_Progress
PR00365,2025-09-21,Rolling,P034,EQ031,26.31,22.97,3.34,87.3,ton,Completed
PR00366,2025-09-22,Blast_Furnace,P003,EQ048,282.24,272.64,9.6,96.6,ton,In_Progress
PR00367,2025-09-22,Blast_Furnace,P009,EQ011,321.94,293.61,28.33,91.2,ton,Completed
PR00368,2025-09-22,Blast_Furnace,P005,EQ037,344.26,332.21,12.05,96.5,ton,Delayed
PR00369,2025-09-22,Blast_Furnace,P014,EQ042,354.12,351.64,2.48,99.3,ton,In_Progress
PR00370,2025-09-22,Steelmaking,P009,EQ014,229.48,205.38,24.1,89.5,ton,Completed
PR00371,2025-09-22,Steelmaking,P001,EQ005,325.78,293.2,32.58,90.0,ton,Completed
PR00372,2025-09-22,Steelmaking,P026,EQ029,312.16,282.82,29.34,90.6,ton,In_Progress
PR00373,2025-09-22,Continuous_Casting,P026,EQ018,238.36,203.08,35.28,85.2,ton,Completed
PR00374,2025-09-22,Continuous_Casting,P032,EQ038,201.59,183.25,18.34,90.9,ton,In_Progress
PR00375,2025-09-22,Continuous_Casting,P007,EQ028,247.84,220.58,27.26,89.0,ton,Delayed
PR00376,2025-09-22,Continuous_Casting,P023,EQ041,278.07,256.94,21.13,92.4,ton,Completed
PR00377,2025-09-22,Continuous_Casting,P021,EQ041,226.59,199.63,26.96,88.1,ton,Completed
PR00378,2025-09-22,Continuous_Casting,P017,EQ040,260.27,225.39,34.88,86.6,ton,Completed
PR00379,2025-09-22,Rolling,P027,EQ010,30.08,27.22,2.86,90.5,ton,Completed
PR00380,2025-09-22,Rolling,P029,EQ011,34.53,33.91,0.62,98.2,ton,Completed
PR00381,2025-09-22,Rolling,P048,EQ021,28.07,27.42,0.65,97.7,ton,Completed
PR00382,2025-09-22,Rolling,P041,EQ036,16.15,13.78,2.37,85.3,ton,Delayed
PR00383,2025-09-22,Rolling,P044,EQ030,18.5,16.61,1.89,89.8,ton,Completed
PR00384,2025-09-23,Blast_Furnace,P015,EQ012,312.52,275.96,36.56,88.3,ton,In_Progress
PR00385,2025-09-23,Blast_Furnace,P003,EQ024,309.65,292.93,16.72,94.6,ton,Completed
PR00386,2025-09-23,Blast_Furnace,P007,EQ019,362.26,307.92,54.34,85.0,ton,In_Progress
PR00387,2025-09-23,Steelmaking,P027,EQ006,299.95,295.15,4.8,98.4,ton,In_Progress
PR00388,2025-09-23,Steelmaking,P016,EQ007,291.07,250.32,40.75,86.0,ton,Delayed
PR00389,2025-09-23,Steelmaking,P011,EQ024,255.55,223.1,32.45,87.3,ton,Completed
PR00390,2025-09-23,Continuous_Casting,P007,EQ014,274.11,250.54,23.57,91.4,ton,Completed
PR00391,2025-09-23,Continuous_Casting,P020,EQ040,255.81,237.39,18.42,92.8,ton,Completed
PR00392,2025-09-23,Continuous_Casting,P039,EQ034,289.29,260.36,28.93,90.0,ton,In_Progress
PR00393,2025-09-23,Continuous_Casting,P011,EQ031,218.1,200.0,18.1,91.7,ton,Completed
PR00394,2025-09-23,Continuous_Casting,P022,EQ025,289.22,271.0,18.22,93.7,ton,Completed
PR00395,2025-09-23,Rolling,P002,EQ042,29.84,26.32,3.52,88.2,ton,Completed
PR00396,2025-09-23,Rolling,P024,EQ015,34.6,31.66,2.94,91.5,ton,Delayed
PR00397,2025-09-23,Rolling,P021,EQ043,22.32,20.09,2.23,90.0,ton,Delayed
PR00398,2025-09-23,Rolling,P020,EQ037,14.37,12.52,1.85,87.1,ton,Completed
PR00399,2025-09-23,Rolling,P040,EQ038,16.64,15.67,0.97,94.2,ton,Completed
PR00400,2025-09-23,Rolling,P017,EQ032,20.12,19.96,0.16,99.2,ton,Completed
PR00401,2025-09-24,Blast_Furnace,P014,EQ038,319.57,277.71,41.86,86.9,ton,Completed
PR00402,2025-09-24,Blast_Furnace,P002,EQ043,257.16,223.21,33.95,86.8,ton,Completed
PR00403,2025-09-24,Blast_Furnace,P006,EQ042,287.84,264.24,23.6,91.8,ton,Completed
PR00404,2025-09-24,Blast_Furnace,P004,EQ050,293.16,291.4,1.76,99.4,ton,Completed
PR00405,2025-09-24,Blast_Furnace,P013,EQ043,260.76,256.59,4.17,98.4,ton,Completed
PR00406,2025-09-24,Steelmaking,P005,EQ022,260.19,225.32,34.87,86.6,ton,Completed
PR00407,2025-09-24,Steelmaking,P006,EQ018,297.22,285.33,11.89,96.0,ton,Delayed
PR00408,2025-09-24,Steelmaking,P012,EQ020,214.28,199.28,15.0,93.0,ton,Completed
PR00409,2025-09-24,Steelmaking,P028,EQ030,232.1,220.5,11.6,95.0,ton,Completed
PR00410,2025-09-24,Steelmaking,P015,EQ016,329.11,306.07,23.04,93.0,ton,Completed
PR00411,2025-09-24,Steelmaking,P017,EQ023,282.9,275.83,7.07,97.5,ton,In_Progress
PR00412,2025-09-24,Continuous_Casting,P032,EQ007,271.51,247.07,24.44,91.0,ton,Completed
PR00413,2025-09-24,Continuous_Casting,P039,EQ034,288.28,256.28,32.0,88.9,ton,Completed
PR00414,2025-09-24,Continuous_Casting,P020,EQ050,207.08,181.19,25.89,87.5,ton,Completed
PR00415,2025-09-24,Continuous_Casting,P024,EQ048,283.05,273.99,9.06,96.8,ton,Completed
PR00416,2025-09-24,Continuous_Casting,P033,EQ029,180.26,153.76,26.5,85.3,ton,Completed
PR00417,2025-09-24,Rolling,P026,EQ007,16.36,16.31,0.05,99.7,ton,In_Progress
PR00418,2025-09-24,Rolling,P038,EQ032,28.01,27.2,0.81,97.1,ton,Completed
PR00419,2025-09-24,Rolling,P029,EQ019,13.11,11.83,1.28,90.2,ton,Completed
PR00420,2025-09-24,Rolling,P041,EQ037,18.5,15.84,2.66,85.6,ton,Completed
PR00421,2025-09-24,Rolling,P046,EQ032,33.47,30.32,3.15,90.6,ton,Delayed
PR00422,2025-09-25,Blast_Furnace,P002,EQ013,341.27,309.87,31.4,90.8,ton,Completed
PR00423,2025-09-25,Blast_Furnace,P008,EQ005,319.02,300.52,18.5,94.2,ton,Completed
PR00424,2025-09-25,Blast_Furnace,P001,EQ043,376.96,363.39,13.57,96.4,ton,Delayed
PR00425,2025-09-25,Steelmaking,P013,EQ042,240.46,205.59,34.87,85.5,ton,In_Progress
PR00426,2025-09-25,Steelmaking,P015,EQ028,305.11,267.58,37.53,87.7,ton,In_Progress
PR00427,2025-09-25,Steelmaking,P019,EQ021,247.07,213.72,33.35,86.5,ton,Completed
PR00428,2025-09-25,Continuous_Casting,P024,EQ043,256.95,248.98,7.97,96.9,ton,In_Progress
PR00429,2025-09-25,Continuous_Casting,P038,EQ028,242.32,230.69,11.63,95.2,ton,Completed
PR00430,2025-09-25,Continuous_Casting,P016,EQ013,290.68,268.3,22.38,92.3,ton,Completed
PR00431,2025-09-25,Rolling,P044,EQ027,11.14,9.57,1.57,85.9,ton,Completed
PR00432,2025-09-25,Rolling,P023,EQ009,23.35,20.59,2.76,88.2,ton,Completed
PR00433,2025-09-25,Rolling,P046,EQ014,15.76,14.22,1.54,90.2,ton,Completed
PR00434,2025-09-25,Rolling,P034,EQ049,14.85,12.64,2.21,85.1,ton,Completed
PR00435,2025-09-25,Rolling,P039,EQ013,11.18,10.29,0.89,92.0,ton,Completed
PR00436,2025-09-26,Blast_Furnace,P008,EQ015,314.83,307.9,6.93,97.8,ton,Completed
PR00437,2025-09-26,Blast_Furnace,P011,EQ021,321.97,311.02,10.95,96.6,ton,In_Progress
PR00438,2025-09-26,Blast_Furnace,P005,EQ027,316.24,307.7,8.54,97.3,ton,Completed
PR00439,2025-09-26,Blast_Furnace,P010,EQ045,290.2,288.46,1.74,99.4,ton,Completed
PR00440,2025-09-26,Steelmaking,P022,EQ030,301.03,266.11,34.92,88.4,ton,Completed
PR00441,2025-09-26,Steelmaking,P002,EQ050,294.33,287.56,6.77,97.7,ton,In_Progress
PR00442,2025-09-26,Steelmaking,P030,EQ010,258.47,220.73,37.74,85.4,ton,Completed
PR00443,2025-09-26,Continuous_Casting,P012,EQ017,279.06,270.69,8.37,97.0,ton,Completed
PR00444,2025-09-26,Continuous_Casting,P027,EQ033,300.96,279.29,21.67,92.8,ton,Delayed
PR00445,2025-09-26,Continuous_Casting,P016,EQ038,194.52,189.07,5.45,97.2,ton,Completed
PR00446,2025-09-26,Continuous_Casting,P031,EQ013,291.55,255.11,36.44,87.5,ton,Completed
PR00447,2025-09-26,Continuous_Casting,P038,EQ041,272.07,244.32,27.75,89.8,ton,Completed
PR00448,2025-09-26,Rolling,P006,EQ037,30.15,26.29,3.86,87.2,ton,Completed
PR00449,2025-09-26,Rolling,P007,EQ040,31.63,28.75,2.88,90.9,ton,Completed
PR00450,2025-09-26,Rolling,P038,EQ029,34.09,32.18,1.91,94.4,ton,Completed
PR00451,2025-09-26,Rolling,P032,EQ025,32.87,31.39,1.48,95.5,ton,Completed
PR00452,2025-09-26,Rolling,P042,EQ024,27.16,24.39,2.77,89.8,ton,Completed
PR00453,2025-09-26,Rolling,P035,EQ005,12.73,11.01,1.72,86.5,ton,In_Progress
PR00454,2025-09-27,Blast_Furnace,P002,EQ033,394.96,376.4,18.56,95.3,ton,Completed
PR00455,2025-09-27,Blast_Furnace,P004,EQ004,280.91,273.61,7.3,97.4,ton,In_Progress
PR00456,2025-09-27,Blast_Furnace,P007,EQ007,353.5,311.79,41.71,88.2,ton,Delayed
PR00457,2025-09-27,Blast_Furnace,P008,EQ033,295.14,255.3,39.84,86.5,ton,Completed
PR00458,2025-09-27,Blast_Furnace,P014,EQ032,390.86,347.47,43.39,88.9,ton,Completed
PR00459,2025-09-27,Steelmaking,P001,EQ034,236.57,209.6,26.97,88.6,ton,Completed
PR00460,2025-09-27,Steelmaking,P003,EQ004,334.91,290.37,44.54,86.7,ton,Delayed
PR00461,2025-09-27,Steelmaking,P009,EQ011,281.26,277.6,3.66,98.7,ton,Completed
PR00462,2025-09-27,Steelmaking,P022,EQ013,200.24,184.62,15.62,92.2,ton,Delayed
PR00463,2025-09-27,Continuous_Casting,P030,EQ027,272.6,251.34,21.26,92.2,ton,Completed
PR00464,2025-09-27,Continuous_Casting,P031,EQ035,213.21,196.15,17.06,92.0,ton,Completed
PR00465,2025-09-27,Continuous_Casting,P003,EQ048,264.52,224.84,39.68,85.0,ton,Delayed
PR00466,2025-09-27,Continuous_Casting,P037,EQ042,247.59,241.65,5.94,97.6,ton,Delayed
PR00467,2025-09-27,Continuous_Casting,P001,EQ012,314.18,290.62,23.56,92.5,ton,Completed
PR00468,2025-09-27,Rolling,P035,EQ043,17.5,16.19,1.31,92.5,ton,In_Progress
PR00469,2025-09-27,Rolling,P034,EQ015,11.12,10.93,0.19,98.3,ton,Completed
PR00470,2025-09-27,Rolling,P026,EQ025,31.12,29.5,1.62,94.8,ton,Delayed
PR00471,2025-09-27,Rolling,P036,EQ017,25.37,23.34,2.03,92.0,ton,Completed
PR00472,2025-09-27,Rolling,P004,EQ038,25.32,23.04,2.28,91.0,ton,Completed
PR00473,2025-09-28,Blast_Furnace,P010,EQ017,369.41,345.4,24.01,93.5,ton,In_Progress
PR00474,2025-09-28,Blast_Furnace,P011,EQ047,356.45,329.0,27.45,92.3,ton,Completed
PR00475,2025-09-28,Blast_Furnace,P001,EQ015,294.76,265.28,29.48,90.0,ton,Completed
PR00476,2025-09-28,Blast_Furnace,P007,EQ046,394.2,361.88,32.32,91.8,ton,Completed
PR00477,2025-09-28,Steelmaking,P018,EQ024,283.8,245.49,38.31,86.5,ton,Delayed
PR00478,2025-09-28,Steelmaking,P003,EQ035,221.33,201.19,20.14,90.9,ton,Completed
PR00479,2025-09-28,Steelmaking,P024,EQ030,241.59,209.7,31.89,86.8,ton,Completed
PR00480,2025-09-28,Continuous_Casting,P005,EQ047,199.4,195.61,3.79,98.1,ton,Completed
PR00481,2025-09-28,Continuous_Casting,P039,EQ026,291.42,253.83,37.59,87.1,ton,Completed
PR00482,2025-09-28,Continuous_Casting,P016,EQ028,259.99,257.13,2.86,98.9,ton,Completed
PR00483,2025-09-28,Continuous_Casting,P026,EQ036,279.1,256.21,22.89,91.8,ton,Completed
PR00484,2025-09-28,Rolling,P010,EQ013,29.32,26.53,2.79,90.5,ton,Completed
PR00485,2025-09-28,Rolling,P039,EQ049,22.59,20.22,2.37,89.5,ton,In_Progress
PR00486,2025-09-28,Rolling,P015,EQ041,12.07,11.0,1.07,91.1,ton,Delayed
PR00487,2025-09-29,Blast_Furnace,P015,EQ031,296.72,293.16,3.56,98.8,ton,Delayed
PR00488,2025-09-29,Blast_Furnace,P013,EQ037,282.65,269.65,13.0,95.4,ton,Completed
PR00489,2025-09-29,Blast_Furnace,P006,EQ008,253.9,221.91,31.99,87.4,ton,Completed
PR00490,2025-09-29,Blast_Furnace,P002,EQ020,257.06,249.61,7.45,97.1,ton,Completed
PR00491,2025-09-29,Steelmaking,P030,EQ006,285.7,258.56,27.14,90.5,ton,In_Progress
PR00492,2025-09-29,Steelmaking,P018,EQ046,272.33,255.17,17.16,93.7,ton,Completed
PR00493,2025-09-29,Steelmaking,P008,EQ022,321.2,314.45,6.75,97.9,ton,Delayed
PR00494,2025-09-29,Steelmaking,P007,EQ007,273.92,253.1,20.82,92.4,ton,Delayed
PR00495,2025-09-29,Continuous_Casting,P013,EQ027,250.04,246.54,3.5,98.6,ton,In_Progress
PR00496,2025-09-29,Continuous_Casting,P003,EQ020,190.32,169.0,21.32,88.8,ton,Delayed
PR00497,2025-09-29,Continuous_Casting,P023,EQ001,226.19,224.83,1.36,99.4,ton,Completed
PR00498,2025-09-29,Rolling,P049,EQ021,15.22,13.96,1.26,91.7,ton,In_Progress
PR00499,2025-09-29,Rolling,P041,EQ017,12.88,12.03,0.85,93.4,ton,Delayed
PR00500,2025-09-29,Rolling,P036,EQ030,21.62,20.54,1.08,95.0,ton,Completed
PR00501,2025-09-29,Rolling,P038,EQ001,19.69,17.41,2.28,88.4,ton,Completed
PR00502,2025-09-30,Blast_Furnace,P011,EQ049,285.45,252.34,33.11,88.4,ton,Completed
PR00503,2025-09-30,Blast_Furnace,P015,EQ017,337.02,307.7,29.32,91.3,ton,Delayed
PR00504,2025-09-30,Blast_Furnace,P014,EQ022,386.86,386.09,0.77,99.8,ton,Completed
PR00505,2025-09-30,Blast_Furnace,P004,EQ022,267.45,227.33,40.12,85.0,ton,In_Progress
PR00506,2025-09-30,Blast_Furnace,P002,EQ018,384.54,376.46,8.08,97.9,ton,In_Progress
PR00507,2025-09-30,Blast_Furnace,P008,EQ020,355.14,354.07,1.07,99.7,ton,Completed
PR00508,2025-09-30,Steelmaking,P018,EQ025,202.93,182.84,20.09,90.1,ton,Completed
PR00509,2025-09-30,Steelmaking,P003,EQ011,272.55,250.2,22.35,91.8,ton,In_Progress
PR00510,2025-09-30,Steelmaking,P012,EQ024,322.64,309.09,13.55,95.8,ton,Completed
PR00511,2025-09-30,Continuous_Casting,P027,EQ037,246.17,220.57,25.6,89.6,ton,Delayed
PR00512,2025-09-30,Continuous_Casting,P008,EQ024,220.59,211.99,8.6,96.1,ton,Delayed
PR00513,2025-09-30,Continuous_Casting,P007,EQ022,244.59,226.73,17.86,92.7,ton,Delayed
PR00514,2025-09-30,Continuous_Casting,P038,EQ010,203.3,193.54,9.76,95.2,ton,Completed
PR00515,2025-09-30,Continuous_Casting,P004,EQ019,250.97,223.36,27.61,89.0,ton,Completed
PR00516,2025-09-30,Continuous_Casting,P031,EQ049,208.45,177.6,30.85,85.2,ton,In_Progress
PR00517,2025-09-30,Rolling,P044,EQ027,10.29,9.42,0.87,91.5,ton,In_Progress
PR00518,2025-09-30,Rolling,P025,EQ047,24.94,24.64,0.3,98.8,ton,Delayed
PR00519,2025-09-30,Rolling,P034,EQ005,15.46,13.45,2.01,87.0,ton,Delayed
PR00520,2025-09-30,Rolling,P023,EQ036,21.91,20.68,1.23,94.4,ton,Delayed
PR00521,2025-09-30,Rolling,P048,EQ029,32.26,29.55,2.71,91.6,ton,Completed
