Plan_ID,Plan_Date,Product_ID,Equipment_ID,Planned_Quantity,Actual_Quantity,Achievement_Rate,Status,Unit,Process_Type
PP00001,2025-09-01,P004,EQ014,110.3,86.6,78.5,Delayed,ton,Steelmaking
PP00002,2025-09-01,P036,EQ029,198.6,144.5,72.8,Delayed,ton,Rolling
PP00003,2025-09-01,P027,EQ047,431.2,315.8,73.2,Delayed,ton,Rolling
PP00004,2025-09-01,P048,EQ025,423.2,303.9,71.8,Delayed,ton,Steelmaking
PP00005,2025-09-01,P049,EQ005,353.2,321.8,91.1,Delayed,ton,Steelmaking
PP00006,2025-09-01,P034,EQ047,134.7,130.2,96.7,Completed,ton,Steelmaking
PP00007,2025-09-02,P036,EQ008,471.7,489.0,103.7,Completed,ton,Rolling
PP00008,2025-09-02,P014,EQ016,386.1,372.2,96.4,Completed,ton,Rolling
PP00009,2025-09-02,P031,EQ026,363.0,343.5,94.6,Delayed,ton,Rolling
PP00010,2025-09-02,P049,EQ050,461.8,412.5,89.3,Delayed,ton,Rolling
PP00011,2025-09-02,P022,EQ042,177.4,153.1,86.3,Delayed,ton,Blast_Furnace
PP00012,2025-09-02,P020,EQ033,211.7,167.6,79.2,Delayed,ton,Steelmaking
PP00013,2025-09-02,P001,EQ047,447.3,386.1,86.3,Delayed,ton,Rolling
PP00014,2025-09-02,P047,EQ014,261.3,259.7,99.4,Completed,ton,Rolling
PP00015,2025-09-03,P021,EQ036,383.6,270.7,70.6,Delayed,ton,Blast_Furnace
PP00016,2025-09-03,P027,EQ027,470.6,424.8,90.3,Delayed,ton,Rolling
PP00017,2025-09-03,P003,EQ015,182.8,140.5,76.9,Delayed,ton,Continuous_Casting
PP00018,2025-09-03,P037,EQ032,220.9,219.1,99.2,Completed,ton,Steelmaking
PP00019,2025-09-03,P015,EQ022,297.8,306.8,103.0,Completed,ton,Steelmaking
PP00020,2025-09-04,P049,EQ023,270.8,205.5,75.9,Delayed,ton,Blast_Furnace
PP00021,2025-09-04,P032,EQ032,126.2,120.2,95.2,Completed,ton,Rolling
PP00022,2025-09-04,P047,EQ042,132.8,134.3,101.1,Completed,ton,Continuous_Casting
PP00023,2025-09-04,P042,EQ005,480.8,424.7,88.3,Delayed,ton,Steelmaking
PP00024,2025-09-04,P048,EQ049,475.3,443.9,93.4,Delayed,ton,Continuous_Casting
PP00025,2025-09-05,P027,EQ001,154.1,146.0,94.7,Delayed,ton,Blast_Furnace
PP00026,2025-09-05,P009,EQ004,148.4,127.6,86.0,Delayed,ton,Steelmaking
PP00027,2025-09-05,P041,EQ040,328.0,306.1,93.3,Delayed,ton,Continuous_Casting
PP00028,2025-09-06,P043,EQ047,235.1,165.9,70.6,Delayed,ton,Continuous_Casting
PP00029,2025-09-06,P032,EQ002,173.6,180.9,104.2,Completed,ton,Rolling
PP00030,2025-09-06,P002,EQ028,276.0,260.6,94.4,Delayed,ton,Rolling
PP00031,2025-09-06,P001,EQ007,412.8,420.4,101.8,Completed,ton,Rolling
PP00032,2025-09-06,P035,EQ016,463.1,409.2,88.4,Delayed,ton,Steelmaking
PP00033,2025-09-06,P036,EQ023,136.4,120.6,88.4,Delayed,ton,Rolling
PP00034,2025-09-07,P026,EQ020,159.4,150.5,94.4,Delayed,ton,Continuous_Casting
PP00035,2025-09-07,P006,EQ042,357.8,356.6,99.7,Completed,ton,Rolling
PP00036,2025-09-07,P024,EQ003,496.3,460.3,92.7,Delayed,ton,Rolling
PP00037,2025-09-07,P030,EQ036,92.1,76.7,83.3,Delayed,ton,Continuous_Casting
PP00038,2025-09-07,P037,EQ045,264.2,243.8,92.3,Delayed,ton,Blast_Furnace
PP00039,2025-09-08,P006,EQ007,403.0,361.9,89.8,Delayed,ton,Steelmaking
PP00040,2025-09-08,P032,EQ015,452.7,462.5,102.2,Completed,ton,Continuous_Casting
PP00041,2025-09-08,P028,EQ037,145.1,145.7,100.4,Completed,ton,Blast_Furnace
PP00042,2025-09-08,P042,EQ005,264.0,189.1,71.6,Delayed,ton,Continuous_Casting
PP00043,2025-09-09,P018,EQ049,482.7,437.1,90.6,Delayed,ton,Blast_Furnace
PP00044,2025-09-09,P035,EQ005,419.3,414.0,98.7,Completed,ton,Blast_Furnace
PP00045,2025-09-09,P037,EQ037,184.7,165.7,89.7,Delayed,ton,Continuous_Casting
PP00046,2025-09-09,P043,EQ035,425.6,355.9,83.6,Delayed,ton,Blast_Furnace
PP00047,2025-09-09,P003,EQ009,199.3,192.2,96.4,Completed,ton,Rolling
PP00048,2025-09-09,P012,EQ006,405.7,381.9,94.1,Delayed,ton,Blast_Furnace
PP00049,2025-09-09,P021,EQ004,275.4,286.7,104.1,Completed,ton,Rolling
PP00050,2025-09-09,P002,EQ005,94.0,73.4,78.1,Delayed,ton,Continuous_Casting
PP00051,2025-09-10,P039,EQ029,63.3,50.4,79.6,Delayed,ton,Rolling
PP00052,2025-09-10,P050,EQ025,270.8,223.3,82.5,Delayed,ton,Steelmaking
PP00053,2025-09-10,P040,EQ043,244.3,229.1,93.8,Delayed,ton,Blast_Furnace
PP00054,2025-09-10,P026,EQ019,221.0,214.4,97.0,Completed,ton,Steelmaking
PP00055,2025-09-10,P021,EQ006,409.1,388.5,95.0,Delayed,ton,Continuous_Casting
PP00056,2025-09-11,P010,EQ006,225.3,186.2,82.6,Delayed,ton,Rolling
PP00057,2025-09-11,P025,EQ024,52.3,42.3,80.9,Delayed,ton,Continuous_Casting
PP00058,2025-09-11,P046,EQ006,392.6,288.9,73.6,Delayed,ton,Blast_Furnace
PP00059,2025-09-11,P041,EQ036,134.3,115.1,85.7,Delayed,ton,Rolling
PP00060,2025-09-11,P048,EQ006,280.6,206.6,73.6,Delayed,ton,Blast_Furnace
PP00061,2025-09-12,P036,EQ050,55.6,47.0,84.5,Delayed,ton,Blast_Furnace
PP00062,2025-09-12,P006,EQ016,88.1,89.5,101.6,Completed,ton,Continuous_Casting
PP00063,2025-09-12,P039,EQ025,307.4,233.4,75.9,Delayed,ton,Rolling
PP00064,2025-09-12,P021,EQ018,126.3,100.3,79.4,Delayed,ton,Blast_Furnace
PP00065,2025-09-12,P025,EQ028,271.9,196.4,72.2,Delayed,ton,Blast_Furnace
PP00066,2025-09-13,P027,EQ041,163.3,128.4,78.6,Delayed,ton,Continuous_Casting
PP00067,2025-09-13,P020,EQ030,273.1,250.1,91.6,Delayed,ton,Blast_Furnace
PP00068,2025-09-13,P031,EQ026,98.1,79.1,80.6,Delayed,ton,Blast_Furnace
PP00069,2025-09-13,P005,EQ022,199.5,183.0,91.7,Delayed,ton,Steelmaking
PP00070,2025-09-13,P024,EQ042,248.1,211.1,85.1,Delayed,ton,Continuous_Casting
PP00071,2025-09-14,P009,EQ021,191.4,198.6,103.8,Completed,ton,Continuous_Casting
PP00072,2025-09-14,P020,EQ032,181.2,170.9,94.3,Delayed,ton,Steelmaking
PP00073,2025-09-14,P021,EQ021,485.5,472.7,97.4,Completed,ton,Rolling
PP00074,2025-09-14,P039,EQ026,219.2,216.1,98.6,Completed,ton,Rolling
PP00075,2025-09-14,P045,EQ013,214.3,219.9,102.6,Completed,ton,Continuous_Casting
PP00076,2025-09-14,P013,EQ044,316.5,282.0,89.1,Delayed,ton,Rolling
PP00077,2025-09-14,P031,EQ047,395.4,280.5,70.9,Delayed,ton,Blast_Furnace
PP00078,2025-09-15,P046,EQ027,418.5,409.5,97.8,Completed,ton,Steelmaking
PP00079,2025-09-15,P014,EQ020,352.8,264.1,74.9,Delayed,ton,Blast_Furnace
PP00080,2025-09-15,P029,EQ046,158.9,147.9,93.1,Delayed,ton,Steelmaking
PP00081,2025-09-15,P019,EQ029,240.4,200.0,83.2,Delayed,ton,Steelmaking
PP00082,2025-09-15,P045,EQ026,495.8,430.2,86.8,Delayed,ton,Blast_Furnace
PP00083,2025-09-15,P005,EQ045,290.5,297.2,102.3,Completed,ton,Blast_Furnace
PP00084,2025-09-16,P035,EQ050,337.2,246.1,73.0,Delayed,ton,Blast_Furnace
PP00085,2025-09-16,P003,EQ011,161.7,150.8,93.3,Delayed,ton,Steelmaking
PP00086,2025-09-16,P024,EQ042,341.1,244.1,71.6,Delayed,ton,Continuous_Casting
PP00087,2025-09-16,P045,EQ049,354.9,298.1,84.0,Delayed,ton,Blast_Furnace
PP00088,2025-09-16,P050,EQ007,199.2,195.0,97.9,Completed,ton,Blast_Furnace
PP00089,2025-09-16,P039,EQ033,54.7,43.2,79.0,Delayed,ton,Rolling
PP00090,2025-09-17,P034,EQ038,226.0,219.3,97.0,Completed,ton,Blast_Furnace
PP00091,2025-09-17,P036,EQ002,360.7,271.5,75.3,Delayed,ton,Rolling
PP00092,2025-09-17,P038,EQ006,267.2,214.7,80.4,Delayed,ton,Continuous_Casting
PP00093,2025-09-17,P045,EQ010,102.2,105.2,102.9,Completed,ton,Steelmaking
PP00094,2025-09-17,P037,EQ014,206.7,169.5,82.0,Delayed,ton,Blast_Furnace
PP00095,2025-09-17,P015,EQ007,284.5,233.8,82.2,Delayed,ton,Rolling
PP00096,2025-09-17,P029,EQ021,247.2,233.3,94.4,Delayed,ton,Continuous_Casting
PP00097,2025-09-17,P024,EQ046,80.2,57.4,71.6,Delayed,ton,Steelmaking
PP00098,2025-09-18,P002,EQ048,99.2,97.2,98.0,Completed,ton,Steelmaking
PP00099,2025-09-18,P022,EQ011,159.8,121.6,76.1,Delayed,ton,Steelmaking
PP00100,2025-09-18,P042,EQ030,198.9,168.9,84.9,Delayed,ton,Steelmaking
PP00101,2025-09-19,P026,EQ040,244.5,173.6,71.0,Delayed,ton,Steelmaking
PP00102,2025-09-19,P041,EQ028,447.4,383.6,85.7,Delayed,ton,Rolling
PP00103,2025-09-19,P012,EQ014,225.0,213.0,94.7,Delayed,ton,Steelmaking
PP00104,2025-09-19,P043,EQ005,175.3,165.9,94.6,Delayed,ton,Blast_Furnace
PP00105,2025-09-20,P007,EQ032,101.3,94.7,93.5,Delayed,ton,Blast_Furnace
PP00106,2025-09-20,P035,EQ039,287.5,265.6,92.4,Delayed,ton,Rolling
PP00107,2025-09-20,P012,EQ008,224.9,188.3,83.7,Delayed,ton,Steelmaking
PP00108,2025-09-20,P024,EQ040,206.6,205.8,99.6,Completed,ton,Blast_Furnace
PP00109,2025-09-20,P021,EQ020,127.6,119.4,93.6,Delayed,ton,Blast_Furnace
PP00110,2025-09-20,P013,EQ044,463.4,420.1,90.7,Delayed,ton,Rolling
PP00111,2025-09-20,P030,EQ020,110.3,81.8,74.2,Delayed,ton,Steelmaking
PP00112,2025-09-21,P012,EQ039,113.6,95.0,83.6,Delayed,ton,Blast_Furnace
PP00113,2025-09-21,P024,EQ012,112.0,93.4,83.4,Delayed,ton,Steelmaking
PP00114,2025-09-21,P045,EQ042,269.0,238.9,88.8,Delayed,ton,Continuous_Casting
PP00115,2025-09-22,P036,EQ029,113.1,91.6,81.0,Delayed,ton,Steelmaking
PP00116,2025-09-22,P011,EQ001,328.7,329.7,100.3,Completed,ton,Rolling
PP00117,2025-09-22,P032,EQ025,268.1,206.0,76.8,Delayed,ton,Rolling
PP00118,2025-09-22,P019,EQ032,483.7,424.2,87.7,Delayed,ton,Steelmaking
PP00119,2025-09-23,P044,EQ049,125.3,112.5,89.8,Delayed,ton,Continuous_Casting
PP00120,2025-09-23,P032,EQ015,149.2,106.1,71.1,Delayed,ton,Rolling
PP00121,2025-09-23,P027,EQ030,291.9,221.5,75.9,Delayed,ton,Continuous_Casting
PP00122,2025-09-23,P046,EQ032,304.5,295.5,97.0,Completed,ton,Steelmaking
PP00123,2025-09-23,P029,EQ008,297.4,220.0,74.0,Delayed,ton,Rolling
PP00124,2025-09-23,P049,EQ024,170.6,151.8,89.0,Delayed,ton,Continuous_Casting
PP00125,2025-09-24,P049,EQ049,96.1,95.2,99.1,Completed,ton,Blast_Furnace
PP00126,2025-09-24,P003,EQ003,161.4,162.4,100.6,Completed,ton,Continuous_Casting
PP00127,2025-09-24,P047,EQ006,252.4,207.5,82.2,Delayed,ton,Rolling
PP00128,2025-09-24,P029,EQ050,247.6,259.5,104.8,Completed,ton,Blast_Furnace
PP00129,2025-09-24,P035,EQ048,415.4,321.3,77.3,Delayed,ton,Continuous_Casting
PP00130,2025-09-24,P014,EQ046,314.6,258.8,82.3,Delayed,ton,Continuous_Casting
PP00131,2025-09-24,P028,EQ040,324.6,275.9,85.0,Delayed,ton,Rolling
PP00132,2025-09-25,P014,EQ011,289.5,263.1,90.9,Delayed,ton,Continuous_Casting
PP00133,2025-09-25,P004,EQ019,195.6,185.1,94.6,Delayed,ton,Rolling
PP00134,2025-09-25,P037,EQ033,307.7,318.0,103.3,Completed,ton,Rolling
PP00135,2025-09-25,P023,EQ007,493.5,462.8,93.8,Delayed,ton,Continuous_Casting
PP00136,2025-09-26,P049,EQ009,440.2,0,0.0,Planned,ton,Blast_Furnace
PP00137,2025-09-26,P027,EQ009,365.6,0,0.0,Planned,ton,Rolling
PP00138,2025-09-26,P004,EQ046,162.4,0,0.0,Planned,ton,Rolling
PP00139,2025-09-26,P018,EQ016,194.9,0,0.0,Planned,ton,Steelmaking
PP00140,2025-09-27,P026,EQ005,218.8,0,0.0,Planned,ton,Continuous_Casting
PP00141,2025-09-27,P032,EQ050,335.1,0,0.0,Planned,ton,Continuous_Casting
PP00142,2025-09-27,P010,EQ033,91.9,0,0.0,Planned,ton,Continuous_Casting
PP00143,2025-09-27,P037,EQ045,387.4,0,0.0,Planned,ton,Continuous_Casting
PP00144,2025-09-27,P041,EQ024,471.4,0,0.0,Planned,ton,Steelmaking
PP00145,2025-09-27,P018,EQ032,254.6,0,0.0,Planned,ton,Continuous_Casting
PP00146,2025-09-27,P046,EQ001,197.3,0,0.0,Planned,ton,Continuous_Casting
PP00147,2025-09-27,P027,EQ047,441.0,0,0.0,Planned,ton,Blast_Furnace
PP00148,2025-09-28,P047,EQ023,348.9,0,0.0,Planned,ton,Continuous_Casting
PP00149,2025-09-28,P030,EQ035,432.5,0,0.0,Planned,ton,Rolling
PP00150,2025-09-28,P041,EQ028,229.0,0,0.0,Planned,ton,Rolling
PP00151,2025-09-29,P032,EQ037,202.0,0,0.0,Planned,ton,Rolling
PP00152,2025-09-29,P018,EQ032,108.8,0,0.0,Planned,ton,Continuous_Casting
PP00153,2025-09-29,P021,EQ044,404.7,0,0.0,Planned,ton,Steelmaking
PP00154,2025-09-29,P019,EQ003,393.0,0,0.0,Planned,ton,Continuous_Casting
PP00155,2025-09-30,P041,EQ011,105.9,0,0.0,Planned,ton,Steelmaking
PP00156,2025-09-30,P030,EQ001,248.6,0,0.0,Planned,ton,Continuous_Casting
PP00157,2025-09-30,P002,EQ028,496.3,0,0.0,Planned,ton,Steelmaking
