Product_ID,Steel_Grade,Specification,Target_Tensile_MPa,Target_Yield_MPa
P001,SS400,JIS G3101,655.8,364.0
P002,SM490,JIS G3106,510.0,303.3
P003,SM520,JIS G3114,694.6,476.0
P004,SPA-H,JIS G3131,756.9,429.5
P005,SPHC,JIS G3141,568.8,316.2
P006,SPCC,ASTM A36,487.5,317.4
P007,S45C,ASTM A572,410.6,242.2
P008,SCM440,EN 10025,660.0,434.9
P009,STS304,JIS G3101,488.2,326.0
P010,STS316,JIS G3106,723.8,399.0
P011,SS400,JIS G3114,722.3,498.1
P012,SM490,JIS G3131,536.1,311.5
P013,SM520,JIS G3141,782.9,483.3
P014,SPA-H,ASTM A36,437.1,248.9
P015,SPHC,ASTM A572,739.0,495.7
P016,SPCC,EN 10025,722.9,503.1
P017,S45C,JIS G3101,614.5,457.6
P018,SCM440,JIS G3106,551.4,364.1
P019,STS304,JIS G3114,731.8,493.0
P020,STS316,JIS G3131,744.7,495.6
P021,SS400,JIS G3141,681.8,381.2
P022,SM490,ASTM A36,491.2,298.6
P023,SM520,ASTM A572,431.9,257.7
P024,SPA-H,EN 10025,440.4,266.7
P025,SPHC,JIS G3101,654.3,407.6
P026,SPCC,JIS G3106,548.1,324.4
P027,S45C,JIS G3114,506.8,373.7
P028,SCM440,JIS G3131,659.2,442.9
P029,STS304,JIS G3141,468.5,326.0
P030,STS316,ASTM A36,465.4,291.3
P031,SS400,ASTM A572,795.8,539.6
P032,SM490,EN 10025,622.8,427.8
P033,SM520,JIS G3101,737.1,519.8
P034,SPA-H,JIS G3106,491.6,273.5
P035,SPHC,JIS G3114,526.2,317.6
P036,SPCC,JIS G3131,484.4,357.8
P037,S45C,JIS G3141,750.5,460.0
P038,SCM440,ASTM A36,662.2,416.6
P039,STS304,ASTM A572,765.8,491.5
P040,STS316,EN 10025,506.0,303.3
P041,SS400,JIS G3101,624.5,376.3
P042,SM490,JIS G3106,633.8,462.4
P043,SM520,JIS G3114,559.8,332.4
P044,SPA-H,JIS G3131,799.0,520.9
P045,SPHC,JIS G3141,436.4,244.1
P046,SPCC,ASTM A36,443.9,299.8
P047,S45C,ASTM A572,716.8,454.8
P048,SCM440,EN 10025,425.4,266.4
P049,STS304,JIS G3101,798.4,523.6
P050,STS316,JIS G3106,788.4,569.3
