PO_ID,Item_Code,Supplier_ID,Order_Date,Quantity,Unit_Price,Total_Amount,Expected_Delivery,Actual_Delivery,Status,Warehouse_Code
PO00001,ITM029,SUP007,2025-09-01,1623.82,4188.51,6801386.31,2025-09-09,,Shipped,WH001
PO00002,ITM029,SUP034,2025-09-01,1050.27,802.14,842463.58,2025-09-27,2025-09-27,Received,WH002
PO00003,ITM041,SUP042,2025-09-02,675.95,1655.16,1118805.4,2025-10-10,2025-10-10,Received,WH003
PO00004,ITM043,SUP039,2025-09-02,1747.83,1673.48,2924958.55,2025-10-12,2025-10-12,Received,WH004
PO00005,ITM009,SUP039,2025-09-03,1420.58,432.75,614755.99,2025-10-11,2025-10-11,Received,WH005
PO00006,ITM009,SUP043,2025-09-03,1408.63,4736.07,6671370.28,2025-10-09,2025-10-09,Received,WH006
PO00007,ITM024,SUP002,2025-09-03,731.57,909.51,665370.23,2025-09-19,2025-09-25,Delayed,WH007
PO00008,ITM015,SUP009,2025-09-03,318.34,1486.0,473053.24,2025-09-12,2025-09-21,Delayed,WH008
PO00009,ITM034,SUP003,2025-09-03,1327.24,4383.2,5817558.37,2025-10-15,2025-10-15,Received,WH009
PO00010,ITM045,SUP050,2025-09-04,1253.23,4514.25,5657393.53,2025-10-05,2025-10-05,Received,WH010
PO00011,ITM016,SUP029,2025-09-04,1225.08,3764.43,4611727.9,2025-10-05,2025-10-05,Received,WH001
PO00012,ITM031,SUP013,2025-09-04,742.0,4736.18,3514245.56,2025-10-05,2025-10-13,Delayed,WH002
PO00013,ITM011,SUP013,2025-09-05,1604.51,700.61,1124135.75,2025-09-24,2025-09-24,Received,WH003
PO00014,ITM036,SUP007,2025-09-05,1425.69,2584.39,3684538.98,2025-09-15,2025-09-15,Received,WH004
PO00015,ITM029,SUP033,2025-09-05,303.22,2192.99,664958.43,2025-09-22,2025-09-22,Received,WH005
PO00016,ITM002,SUP027,2025-09-05,115.98,2515.02,291692.02,2025-09-23,2025-09-30,Delayed,WH006
PO00017,ITM002,SUP021,2025-09-05,1862.34,4197.49,7817153.53,2025-10-19,2025-10-25,Delayed,WH007
PO00018,ITM031,SUP045,2025-09-06,1663.91,3796.62,6317233.98,2025-10-09,2025-10-09,Received,WH008
PO00019,ITM002,SUP017,2025-09-06,439.15,756.1,332041.32,2025-10-17,2025-10-17,Received,WH009
PO00020,ITM016,SUP020,2025-09-06,252.48,1199.81,302928.03,2025-10-19,,Shipped,WH010
PO00021,ITM039,SUP035,2025-09-06,42.71,2581.72,110265.26,2025-09-24,2025-09-24,Received,WH001
PO00022,ITM016,SUP037,2025-09-07,838.97,3325.21,2789751.43,2025-09-15,,Delayed,WH002
PO00023,ITM034,SUP035,2025-09-07,1019.58,4941.77,5038529.86,2025-10-15,2025-10-15,Received,WH003
PO00024,ITM041,SUP025,2025-09-07,1962.27,1275.71,2503287.46,2025-09-11,2025-09-17,Delayed,WH004
PO00025,ITM047,SUP043,2025-09-07,1260.23,3859.79,4864223.15,2025-10-01,2025-10-01,Received,WH005
PO00026,ITM050,SUP044,2025-09-08,934.6,3479.99,3252398.65,2025-10-21,,Delayed,WH006
PO00027,ITM050,SUP030,2025-09-08,83.6,1015.94,84932.58,2025-09-23,2025-09-23,Received,WH007
PO00028,ITM026,SUP035,2025-09-08,952.07,192.74,183501.97,2025-10-22,2025-10-22,Received,WH008
PO00029,ITM042,SUP022,2025-09-09,553.7,3998.72,2214091.26,2025-10-09,2025-10-16,Delayed,WH009
PO00030,ITM025,SUP022,2025-09-09,1947.71,2486.05,4842104.45,2025-10-13,2025-10-19,Delayed,WH010
PO00031,ITM047,SUP028,2025-09-10,167.06,3016.24,503893.05,2025-09-24,2025-09-24,Received,WH001
PO00032,ITM021,SUP043,2025-09-10,598.32,2235.12,1337317.0,2025-10-10,2025-10-10,Received,WH002
PO00033,ITM047,SUP023,2025-09-11,1233.55,2180.35,2689570.74,2025-10-24,,Delayed,WH003
PO00034,ITM041,SUP026,2025-09-11,732.99,4007.47,2937435.44,2025-09-24,2025-09-24,Received,WH004
PO00035,ITM003,SUP009,2025-09-12,143.79,3894.79,560031.85,2025-10-08,2025-10-08,Received,WH005
PO00036,ITM039,SUP010,2025-09-12,1361.33,4744.63,6459007.16,2025-10-08,2025-10-16,Delayed,WH006
PO00037,ITM034,SUP024,2025-09-12,802.09,3251.31,2607843.24,2025-09-30,2025-09-30,Received,WH007
PO00038,ITM034,SUP025,2025-09-12,1827.95,597.63,1092437.76,2025-10-01,2025-10-01,Received,WH008
PO00039,ITM019,SUP045,2025-09-12,1833.79,2461.09,4513122.23,2025-09-22,2025-09-25,Delayed,WH009
PO00040,ITM006,SUP044,2025-09-13,1935.45,4933.01,9547594.2,2025-10-28,2025-11-03,Delayed,WH010
PO00041,ITM019,SUP020,2025-09-13,1704.21,3561.93,6070276.73,2025-10-26,2025-10-29,Delayed,WH001
PO00042,ITM008,SUP013,2025-09-13,1586.21,1191.31,1889667.84,2025-10-17,2025-10-17,Received,WH002
PO00043,ITM030,SUP036,2025-09-13,268.24,4422.39,1186261.89,2025-09-20,2025-09-20,Received,WH003
PO00044,ITM031,SUP034,2025-09-13,827.48,2053.07,1698874.36,2025-10-22,2025-10-22,Received,WH004
PO00045,ITM029,SUP030,2025-09-14,1363.42,1729.13,2357530.42,2025-10-22,2025-10-22,Received,WH005
PO00046,ITM009,SUP028,2025-09-14,1010.7,4342.38,4388843.47,2025-09-24,2025-09-24,Received,WH006
PO00047,ITM046,SUP015,2025-09-15,698.59,4705.11,3286942.79,2025-10-06,2025-10-06,Received,WH007
PO00048,ITM036,SUP018,2025-09-15,259.09,1521.09,394099.21,2025-10-22,2025-10-22,Received,WH008
PO00049,ITM038,SUP010,2025-09-15,350.69,3126.15,1096309.54,2025-10-26,2025-11-01,Delayed,WH009
PO00050,ITM002,SUP006,2025-09-15,100.47,3210.85,322594.1,2025-10-24,2025-10-24,Received,WH010
PO00051,ITM040,SUP041,2025-09-16,70.27,4446.09,312426.74,2025-10-23,2025-10-23,Received,WH001
PO00052,ITM016,SUP044,2025-09-16,818.12,2273.19,1859742.2,2025-09-22,2025-09-22,Received,WH002
PO00053,ITM014,SUP022,2025-09-16,1217.25,1569.79,1910826.88,2025-10-09,2025-10-21,Delayed,WH003
PO00054,ITM026,SUP009,2025-09-16,1523.72,2579.75,3930816.67,2025-09-25,2025-09-25,Received,WH004
PO00055,ITM029,SUP016,2025-09-16,290.35,262.52,76222.68,2025-10-13,2025-10-13,Received,WH005
PO00056,ITM021,SUP037,2025-09-17,1445.05,957.27,1383303.01,2025-09-30,2025-10-08,Delayed,WH006
PO00057,ITM020,SUP032,2025-09-17,56.12,4726.71,265262.97,2025-10-22,2025-10-30,Delayed,WH007
PO00058,ITM023,SUP004,2025-09-17,110.58,2479.52,274185.32,2025-10-31,2025-10-31,Received,WH008
PO00059,ITM028,SUP009,2025-09-18,1766.09,3640.27,6429044.44,2025-10-16,,Ordered,WH009
PO00060,ITM024,SUP036,2025-09-18,584.32,1937.88,1132342.04,2025-10-19,2025-10-19,Received,WH010
PO00061,ITM009,SUP007,2025-09-19,793.87,3976.54,3156855.81,2025-10-13,2025-10-22,Delayed,WH001
PO00062,ITM013,SUP039,2025-09-19,1023.15,2505.39,2563389.78,2025-09-24,2025-09-24,Received,WH002
PO00063,ITM034,SUP030,2025-09-20,306.39,4466.73,1368561.4,2025-10-01,2025-10-07,Delayed,WH003
PO00064,ITM026,SUP040,2025-09-20,1481.25,1503.18,2226585.38,2025-10-14,2025-10-23,Delayed,WH004
PO00065,ITM046,SUP037,2025-09-20,606.58,4080.59,2475204.28,2025-10-16,2025-10-16,Received,WH005
PO00066,ITM038,SUP020,2025-09-20,1595.54,3629.37,5790805.01,2025-11-02,2025-11-02,Received,WH006
PO00067,ITM042,SUP050,2025-09-20,1161.16,1145.44,1330039.11,2025-09-26,2025-09-26,Received,WH007
PO00068,ITM010,SUP044,2025-09-21,491.97,2867.13,1410541.95,2025-10-01,2025-10-01,Received,WH008
PO00069,ITM010,SUP027,2025-09-21,1384.1,2057.78,2848173.3,2025-11-02,2025-11-10,Delayed,WH009
PO00070,ITM004,SUP046,2025-09-21,284.78,1044.64,297492.58,2025-10-14,2025-10-14,Received,WH010
PO00071,ITM012,SUP030,2025-09-21,1825.13,1718.21,3135956.62,2025-10-16,2025-10-27,Delayed,WH001
PO00072,ITM042,SUP045,2025-09-21,536.08,2426.06,1300562.24,2025-10-09,2025-10-09,Received,WH002
PO00073,ITM050,SUP019,2025-09-22,1412.75,3454.3,4880062.33,2025-10-26,2025-10-26,Received,WH003
PO00074,ITM047,SUP018,2025-09-22,582.7,2871.65,1673310.46,2025-10-29,2025-11-05,Delayed,WH004
PO00075,ITM023,SUP050,2025-09-22,1611.19,1459.36,2351306.24,2025-10-13,2025-10-13,Received,WH005
PO00076,ITM042,SUP017,2025-09-22,1497.2,1077.79,1613667.19,2025-10-29,2025-11-03,Delayed,WH006
PO00077,ITM007,SUP040,2025-09-23,1484.37,1204.02,1787211.17,2025-09-29,2025-10-10,Delayed,WH007
PO00078,ITM015,SUP004,2025-09-23,209.39,1658.17,347204.22,2025-10-26,2025-10-26,Received,WH008
PO00079,ITM036,SUP011,2025-09-23,819.75,4675.81,3832995.25,2025-10-26,2025-10-26,Received,WH009
PO00080,ITM021,SUP019,2025-09-24,1295.34,4540.61,5881633.76,2025-10-02,2025-10-02,Received,WH010
PO00081,ITM047,SUP003,2025-09-24,1827.33,883.57,1614573.97,2025-10-08,2025-10-09,Delayed,WH001
PO00082,ITM032,SUP012,2025-09-24,1873.85,4811.04,9015167.3,2025-10-15,2025-10-15,Received,WH002
PO00083,ITM007,SUP022,2025-09-24,576.28,4945.61,2850056.13,2025-10-31,2025-10-31,Received,WH003
PO00084,ITM018,SUP013,2025-09-25,1619.54,1660.11,2688614.55,2025-10-27,2025-10-27,Received,WH004
PO00085,ITM048,SUP022,2025-09-25,1583.63,2843.23,4502624.32,2025-10-10,2025-10-10,Received,WH005
PO00086,ITM026,SUP028,2025-09-25,1035.41,442.82,458500.26,2025-11-09,2025-11-09,Received,WH006
PO00087,ITM021,SUP016,2025-09-25,23.59,1924.04,45388.1,2025-10-26,2025-10-26,Received,WH007
PO00088,ITM038,SUP047,2025-09-25,1150.03,1315.15,1512461.95,2025-10-21,2025-10-21,Received,WH008
PO00089,ITM020,SUP011,2025-09-26,816.78,2517.58,2056308.99,2025-10-18,2025-10-18,Received,WH009
PO00090,ITM019,SUP024,2025-09-26,1233.1,1103.45,1360664.2,2025-10-07,2025-10-07,Received,WH010
PO00091,ITM039,SUP024,2025-09-26,837.53,2750.68,2303777.02,2025-10-29,2025-10-29,Received,WH001
PO00092,ITM014,SUP049,2025-09-26,502.46,3776.15,1897364.33,2025-10-04,2025-10-04,Received,WH002
PO00093,ITM005,SUP037,2025-09-26,233.3,4145.58,967163.81,2025-10-31,2025-10-31,Received,WH003
PO00094,ITM034,SUP029,2025-09-27,241.32,1034.95,249754.13,2025-11-06,2025-11-06,Received,WH004
PO00095,ITM004,SUP030,2025-09-27,272.57,2082.97,567755.13,2025-11-05,2025-11-05,Received,WH005
PO00096,ITM020,SUP047,2025-09-27,53.32,1279.74,68235.74,2025-09-30,,Shipped,WH006
PO00097,ITM023,SUP045,2025-09-27,136.88,4970.68,680386.68,2025-10-04,2025-10-04,Received,WH007
PO00098,ITM050,SUP042,2025-09-28,1956.88,3232.95,6326495.2,2025-10-27,2025-11-02,Delayed,WH008
PO00099,ITM025,SUP025,2025-09-28,169.7,4821.08,818137.28,2025-11-04,2025-11-04,Received,WH009
PO00100,ITM012,SUP035,2025-09-28,792.19,645.46,511326.96,2025-10-15,,Shipped,WH010
PO00101,ITM044,SUP047,2025-09-29,1093.45,2664.35,2913333.51,2025-10-16,2025-10-16,Received,WH001
PO00102,ITM013,SUP047,2025-09-29,1533.32,170.76,261829.72,2025-11-13,2025-11-13,Received,WH002
PO00103,ITM002,SUP016,2025-09-29,420.1,513.47,215708.75,2025-10-04,2025-10-04,Received,WH003
PO00104,ITM004,SUP016,2025-09-29,1483.68,2017.3,2993027.66,2025-10-16,2025-10-16,Received,WH004
PO00105,ITM004,SUP009,2025-09-29,1012.75,1453.42,1471951.1,2025-11-07,2025-11-07,Received,WH005
PO00106,ITM016,SUP020,2025-09-30,1753.75,4928.62,8643567.32,2025-11-05,2025-11-05,Received,WH006
PO00107,ITM036,SUP038,2025-09-30,1760.63,4558.77,8026307.23,2025-11-12,2025-11-12,Received,WH007
PO00108,ITM023,SUP042,2025-09-30,1345.97,3931.16,5291223.43,2025-10-23,2025-10-23,Received,WH008
PO00109,ITM025,SUP012,2025-09-30,1511.29,2372.86,3586079.59,2025-10-17,2025-10-22,Delayed,WH009
