Supplier_ID,Supplier_Name,Contact_Info,Credit_Rating,Lead_Time_Days
SUP001,Japan_Co_1,contact_1@example.com,C,31
SUP002,Australia_Co_2,contact_2@example.com,D,10
SUP003,Brazil_Co_3,contact_3@example.com,B,17
SUP004,India_Co_4,contact_4@example.com,A,24
SUP005,China_Co_5,contact_5@example.com,A,40
SUP006,Korea_Co_6,contact_6@example.com,B,40
SUP007,Germany_Co_7,contact_7@example.com,B,3
SUP008,USA_Co_8,contact_8@example.com,A,48
SUP009,Japan_Co_9,contact_9@example.com,A,17
SUP010,Australia_Co_10,contact_10@example.com,A,60
SUP011,Brazil_Co_11,contact_11@example.com,A,58
SUP012,India_Co_12,contact_12@example.com,C,7
SUP013,China_Co_13,contact_13@example.com,B,20
SUP014,Korea_Co_14,contact_14@example.com,D,16
SUP015,Germany_Co_15,contact_15@example.com,B,49
SUP016,USA_Co_16,contact_16@example.com,D,18
SUP017,Japan_Co_17,contact_17@example.com,D,54
SUP018,Australia_Co_18,contact_18@example.com,D,15
SUP019,Brazil_Co_19,contact_19@example.com,A,9
SUP020,India_Co_20,contact_20@example.com,D,25
SUP021,China_Co_21,contact_21@example.com,D,29
SUP022,Korea_Co_22,contact_22@example.com,D,58
SUP023,Germany_Co_23,contact_23@example.com,A,46
SUP024,USA_Co_24,contact_24@example.com,A,6
SUP025,Japan_Co_25,contact_25@example.com,D,49
SUP026,Australia_Co_26,contact_26@example.com,C,54
SUP027,Brazil_Co_27,contact_27@example.com,A,18
SUP028,India_Co_28,contact_28@example.com,B,15
SUP029,China_Co_29,contact_29@example.com,D,11
SUP030,Korea_Co_30,contact_30@example.com,D,14
SUP031,Germany_Co_31,contact_31@example.com,C,32
SUP032,USA_Co_32,contact_32@example.com,B,58
SUP033,Japan_Co_33,contact_33@example.com,A,31
SUP034,Australia_Co_34,contact_34@example.com,A,6
SUP035,Brazil_Co_35,contact_35@example.com,A,8
SUP036,India_Co_36,contact_36@example.com,B,13
SUP037,China_Co_37,contact_37@example.com,D,34
SUP038,Korea_Co_38,contact_38@example.com,D,16
SUP039,Germany_Co_39,contact_39@example.com,D,60
SUP040,USA_Co_40,contact_40@example.com,A,13
SUP041,Japan_Co_41,contact_41@example.com,D,3
SUP042,Australia_Co_42,contact_42@example.com,D,19
SUP043,Brazil_Co_43,contact_43@example.com,D,21
SUP044,India_Co_44,contact_44@example.com,D,47
SUP045,China_Co_45,contact_45@example.com,D,12
SUP046,Korea_Co_46,contact_46@example.com,B,21
SUP047,Germany_Co_47,contact_47@example.com,B,6
SUP048,USA_Co_48,contact_48@example.com,A,50
SUP049,Japan_Co_49,contact_49@example.com,C,6
SUP050,Australia_Co_50,contact_50@example.com,A,40
