Sample_ID,Product_ID,Test_DateTime,Surface_Roughness_Ra,Coating_Thickness_um,Defect_Type,Defect_Count
Q0001,P001,2025-09-30 19:04:59,1.75,38.8,None,0
Q0002,P001,2025-09-01 06:49:57,0.96,21.2,Scratch,9
Q0003,P002,2025-09-21 06:53:02,1.35,36.9,None,0
Q0004,P002,2025-09-26 07:20:56,0.31,32.2,Inclusion,9
Q0005,P003,2025-09-03 10:05:00,2.86,42.5,None,0
Q0006,P003,2025-09-28 21:00:14,2.59,23.1,Scale,3
Q0007,P004,2025-09-14 11:00:24,2.39,47.6,Scratch,9
Q0008,P004,2025-09-26 14:54:52,0.32,30.2,Scratch,3
Q0009,P005,2025-09-13 07:31:47,2.44,29.5,Scratch,9
Q0010,P005,2025-09-12 22:01:31,2.93,31.7,Scratch,8
Q0011,P006,2025-09-08 09:01:37,2.8,10.7,Dent,6
Q0012,P006,2025-09-28 09:46:51,1.64,9.3,None,0
Q0013,P007,2025-09-11 21:18:36,1.83,40.5,Crack,9
Q0014,P007,2025-09-18 11:58:01,1.62,29.4,None,0
Q0015,P008,2025-09-20 05:49:24,2.74,33.8,None,0
Q0016,P008,2025-09-02 17:09:59,1.12,29.7,None,0
Q0017,P009,2025-09-02 05:07:19,0.52,34.1,None,0
Q0018,P009,2025-09-13 06:32:32,2.5,30.1,Scale,9
Q0019,P010,2025-09-04 23:23:06,0.83,39.1,None,0
Q0020,P010,2025-09-29 01:48:46,1.99,16.2,Crack,10
Q0021,P011,2025-09-28 08:41:17,1.94,23.9,Scratch,2
Q0022,P011,2025-09-11 17:35:40,2.58,48.0,Dent,10
Q0023,P012,2025-09-14 09:28:44,2.07,9.5,Scratch,10
Q0024,P012,2025-09-25 16:23:19,0.87,49.8,None,0
Q0025,P013,2025-09-19 22:23:17,0.39,12.9,Scale,4
Q0026,P013,2025-09-23 01:28:26,1.65,37.0,None,0
Q0027,P014,2025-09-05 21:21:37,2.23,44.6,Scratch,6
Q0028,P014,2025-09-02 07:55:38,1.36,37.2,None,0
Q0029,P015,2025-09-26 05:05:36,0.89,40.1,Crack,8
Q0030,P015,2025-09-22 01:58:37,1.29,42.7,Scale,8
Q0031,P016,2025-09-17 20:45:15,2.97,28.4,None,0
Q0032,P016,2025-09-28 00:27:46,2.91,23.4,None,0
Q0033,P017,2025-09-15 10:11:23,0.62,10.0,Inclusion,4
Q0034,P017,2025-09-21 21:35:28,2.49,31.3,None,0
Q0035,P018,2025-09-14 13:48:48,1.03,41.9,Dent,9
Q0036,P018,2025-09-15 14:43:50,1.84,47.8,Scratch,7
Q0037,P019,2025-09-26 23:27:03,1.75,13.7,Scratch,9
Q0038,P019,2025-09-08 22:39:06,1.97,34.0,None,0
Q0039,P020,2025-09-13 18:48:49,2.97,13.0,Dent,4
Q0040,P020,2025-09-24 23:25:52,0.94,11.7,Inclusion,8
Q0041,P021,2025-09-11 19:32:05,0.27,47.4,Dent,8
Q0042,P021,2025-09-15 15:54:37,2.26,49.9,None,0
Q0043,P022,2025-09-20 07:54:52,0.49,25.3,None,0
Q0044,P022,2025-09-05 04:50:26,2.77,43.1,Inclusion,8
Q0045,P023,2025-09-07 14:27:24,1.57,41.7,Scale,5
Q0046,P023,2025-09-02 04:17:37,0.25,14.3,Pit,3
Q0047,P024,2025-09-23 13:05:40,0.28,36.9,Pit,6
Q0048,P024,2025-09-29 15:13:25,2.85,32.9,None,0
Q0049,P025,2025-09-29 03:27:48,2.2,23.6,None,0
Q0050,P025,2025-09-24 04:16:31,0.34,48.7,Pit,5
Q0051,P026,2025-09-13 16:56:35,0.87,9.7,None,0
Q0052,P026,2025-09-18 09:56:05,0.92,18.6,Pit,9
Q0053,P027,2025-09-18 23:19:07,2.41,5.8,Inclusion,2
Q0054,P027,2025-09-21 14:57:00,0.6,42.8,Scratch,5
Q0055,P028,2025-09-26 21:41:11,2.52,30.4,None,0
Q0056,P028,2025-09-05 13:58:18,2.14,32.3,Crack,1
Q0057,P029,2025-09-09 13:26:11,2.33,5.2,None,0
Q0058,P029,2025-09-27 14:00:09,2.7,35.0,Crack,1
Q0059,P030,2025-09-02 20:42:49,2.17,29.0,None,0
Q0060,P030,2025-09-04 15:11:04,1.47,43.0,Scale,2
Q0061,P031,2025-09-28 02:24:45,0.87,9.3,None,0
Q0062,P031,2025-09-24 04:16:01,1.66,23.5,None,0
Q0063,P032,2025-09-10 11:13:28,0.97,47.8,None,0
Q0064,P032,2025-09-19 10:54:17,2.18,42.9,Scale,10
Q0065,P033,2025-09-30 22:43:52,0.28,32.7,Scratch,10
Q0066,P033,2025-09-05 10:16:31,2.33,31.1,Dent,4
Q0067,P034,2025-09-15 11:02:18,1.64,26.7,Pit,5
Q0068,P034,2025-09-08 08:31:34,0.67,46.2,Crack,6
Q0069,P035,2025-09-29 09:21:57,0.96,29.5,Pit,4
Q0070,P035,2025-09-12 10:20:21,1.41,13.5,Crack,10
Q0071,P036,2025-09-03 03:38:57,2.19,10.8,Scratch,3
Q0072,P036,2025-09-10 06:21:21,2.58,31.6,Scale,10
Q0073,P037,2025-09-02 09:29:36,1.0,23.1,Crack,5
Q0074,P037,2025-09-12 11:41:02,0.78,15.5,Scale,10
Q0075,P038,2025-09-05 22:18:56,1.59,19.3,Pit,6
Q0076,P038,2025-09-19 01:14:45,2.91,28.9,Pit,6
Q0077,P039,2025-09-03 00:32:46,1.22,8.6,Inclusion,8
Q0078,P039,2025-09-20 20:36:59,1.37,18.1,Scratch,3
Q0079,P040,2025-09-19 05:34:40,2.19,37.7,None,0
Q0080,P040,2025-09-18 22:33:32,0.87,21.0,Dent,7
Q0081,P041,2025-09-28 12:22:32,2.16,6.0,None,0
Q0082,P041,2025-09-20 18:43:32,2.89,9.9,None,0
Q0083,P042,2025-09-16 11:07:22,2.97,19.3,Pit,4
Q0084,P042,2025-09-12 23:15:04,1.15,11.2,None,0
Q0085,P043,2025-09-04 02:16:38,2.31,40.2,None,0
Q0086,P043,2025-09-14 17:54:47,1.01,31.1,Dent,1
Q0087,P044,2025-09-11 22:52:45,1.93,45.1,Scale,8
Q0088,P044,2025-09-05 20:23:33,0.56,42.6,None,0
Q0089,P045,2025-09-30 19:46:10,1.08,28.9,None,0
Q0090,P045,2025-09-17 19:32:49,0.41,11.7,Scratch,7
Q0091,P046,2025-09-24 09:49:50,0.81,50.0,None,0
Q0092,P046,2025-09-21 12:50:58,0.92,27.0,Dent,7
Q0093,P047,2025-09-11 06:45:52,1.78,20.1,None,0
Q0094,P047,2025-09-09 10:23:23,2.4,15.1,Scale,5
Q0095,P048,2025-09-04 03:57:53,2.8,45.7,None,0
Q0096,P048,2025-09-02 13:21:50,2.86,12.9,Scratch,3
Q0097,P049,2025-09-29 02:34:25,0.7,18.4,Scratch,4
Q0098,P049,2025-09-15 13:21:30,2.68,31.9,None,0
Q0099,P050,2025-09-24 03:04:43,2.16,48.2,None,0
Q0100,P050,2025-09-20 15:31:49,2.1,19.7,None,0
