Tag_ID,Equipment_ID,Tag_Name,Data_Type,Unit,Min_Value,Max_Value
TAG001,EQ001,Temperature_1,FLOAT,°C,0,1500
TAG002,EQ002,Pressure_2,FLOAT,kPa,0,500
TAG003,EQ003,Flow_3,FLOAT,m3/h,0,5000
TAG004,EQ004,Level_4,FLOAT,mm,0,2000
TAG005,EQ005,Vibration_5,FLOAT,mm/s,0,50
TAG006,EQ006,Current_6,FLOAT,A,0,500
TAG007,EQ007,Voltage_7,FLOAT,V,360,420
TAG008,EQ008,Speed_8,FLOAT,rpm,0,3600
TAG009,EQ009,Temperature_9,FLOAT,°C,0,1500
TAG010,EQ010,Pressure_10,FLOAT,kPa,0,500
TAG011,EQ011,Flow_11,FLOAT,m3/h,0,5000
TAG012,EQ012,Level_12,FLOAT,mm,0,2000
TAG013,EQ013,Vibration_13,FLOAT,mm/s,0,50
TAG014,EQ014,Current_14,FLOAT,A,0,500
TAG015,EQ015,Voltage_15,FLOAT,V,360,420
TAG016,EQ016,Speed_16,FLOAT,rpm,0,3600
TAG017,EQ017,Temperature_17,FLOAT,°C,0,1500
TAG018,EQ018,Pressure_18,FLOAT,kPa,0,500
TAG019,EQ019,Flow_19,FLOAT,m3/h,0,5000
TAG020,EQ020,Level_20,FLOAT,mm,0,2000
TAG021,EQ021,Vibration_21,FLOAT,mm/s,0,50
TAG022,EQ022,Current_22,FLOAT,A,0,500
TAG023,EQ023,Voltage_23,FLOAT,V,360,420
TAG024,EQ024,Speed_24,FLOAT,rpm,0,3600
TAG025,EQ025,Temperature_25,FLOAT,°C,0,1500
TAG026,EQ026,Pressure_26,FLOAT,kPa,0,500
TAG027,EQ027,Flow_27,FLOAT,m3/h,0,5000
TAG028,EQ028,Level_28,FLOAT,mm,0,2000
TAG029,EQ029,Vibration_29,FLOAT,mm/s,0,50
TAG030,EQ030,Current_30,FLOAT,A,0,500
TAG031,EQ031,Voltage_31,FLOAT,V,360,420
TAG032,EQ032,Speed_32,FLOAT,rpm,0,3600
TAG033,EQ033,Temperature_33,FLOAT,°C,0,1500
TAG034,EQ034,Pressure_34,FLOAT,kPa,0,500
TAG035,EQ035,Flow_35,FLOAT,m3/h,0,5000
TAG036,EQ036,Level_36,FLOAT,mm,0,2000
TAG037,EQ037,Vibration_37,FLOAT,mm/s,0,50
TAG038,EQ038,Current_38,FLOAT,A,0,500
TAG039,EQ039,Voltage_39,FLOAT,V,360,420
TAG040,EQ040,Speed_40,FLOAT,rpm,0,3600
TAG041,EQ041,Temperature_41,FLOAT,°C,0,1500
TAG042,EQ042,Pressure_42,FLOAT,kPa,0,500
TAG043,EQ043,Flow_43,FLOAT,m3/h,0,5000
TAG044,EQ044,Level_44,FLOAT,mm,0,2000
TAG045,EQ045,Vibration_45,FLOAT,mm/s,0,50
TAG046,EQ046,Current_46,FLOAT,A,0,500
TAG047,EQ047,Voltage_47,FLOAT,V,360,420
TAG048,EQ048,Speed_48,FLOAT,rpm,0,3600
TAG049,EQ049,Temperature_49,FLOAT,°C,0,1500
TAG050,EQ050,Pressure_50,FLOAT,kPa,0,500
