Transport_ID,Vehicle_No,Origin_Warehouse,Destination_Warehouse,Item_Code,Quantity,Departure_Time
TRP00001,V4532,WH001,WH002,ITM044,144.22,2025-09-01 06:47:27
TRP00002,V7602,WH002,WH003,ITM015,56.95,2025-09-01 20:38:16
TRP00003,V4214,WH003,WH004,ITM029,341.42,2025-09-01 02:43:09
TRP00004,V1783,WH004,WH005,ITM008,443.52,2025-09-01 02:30:45
TRP00005,V6854,WH005,WH006,ITM028,90.66,2025-09-01 09:17:55
TRP00006,V7359,WH006,WH007,ITM029,271.4,2025-09-01 13:56:08
TRP00007,V9001,WH007,WH008,ITM032,483.26,2025-09-01 22:02:32
TRP00008,V5699,WH008,WH009,ITM033,357.87,2025-09-01 11:39:17
TRP00009,V4117,WH009,WH010,ITM017,439.7,2025-09-01 04:37:22
TRP00010,V4932,WH010,WH001,ITM030,212.85,2025-09-01 00:48:50
TRP00011,V5344,WH001,WH002,ITM031,213.52,2025-09-02 15:18:01
TRP00012,V8293,WH002,WH003,ITM020,48.69,2025-09-02 11:05:19
TRP00013,V4402,WH003,WH004,ITM040,296.24,2025-09-02 10:48:30
TRP00014,V1762,WH004,WH005,ITM027,189.44,2025-09-02 01:41:45
TRP00015,V3457,WH005,WH006,ITM047,135.38,2025-09-02 11:46:32
TRP00016,V6464,WH006,WH007,ITM016,174.27,2025-09-02 07:33:51
TRP00017,V3132,WH007,WH008,ITM003,317.49,2025-09-02 05:58:12
TRP00018,V1603,WH008,WH009,ITM002,428.46,2025-09-02 21:48:00
TRP00019,V2149,WH009,WH010,ITM020,294.53,2025-09-02 18:47:05
TRP00020,V7904,WH010,WH001,ITM039,346.27,2025-09-02 21:23:52
TRP00021,V7538,WH001,WH002,ITM006,276.07,2025-09-03 19:32:36
TRP00022,V9231,WH002,WH003,ITM018,203.89,2025-09-03 21:56:20
TRP00023,V6020,WH003,WH004,ITM028,462.04,2025-09-03 02:19:46
TRP00024,V7690,WH004,WH005,ITM018,361.67,2025-09-03 16:41:48
TRP00025,V7551,WH005,WH006,ITM010,355.54,2025-09-03 23:37:26
TRP00026,V3181,WH006,WH007,ITM022,489.09,2025-09-03 00:47:23
TRP00027,V9630,WH007,WH008,ITM046,86.22,2025-09-03 18:23:01
TRP00028,V1059,WH008,WH009,ITM046,97.04,2025-09-03 07:44:14
TRP00029,V1284,WH009,WH010,ITM031,341.8,2025-09-03 13:58:18
TRP00030,V3862,WH010,WH001,ITM017,32.12,2025-09-03 19:34:27
TRP00031,V2445,WH001,WH002,ITM003,157.62,2025-09-04 02:13:56
TRP00032,V4991,WH002,WH003,ITM038,419.81,2025-09-04 09:28:55
TRP00033,V9197,WH003,WH004,ITM017,230.33,2025-09-04 08:29:46
TRP00034,V1043,WH004,WH005,ITM039,134.92,2025-09-04 09:52:08
TRP00035,V3727,WH005,WH006,ITM031,324.34,2025-09-04 03:01:59
TRP00036,V7656,WH006,WH007,ITM032,242.14,2025-09-04 11:05:34
TRP00037,V4335,WH007,WH008,ITM033,338.79,2025-09-04 03:13:05
TRP00038,V9423,WH008,WH009,ITM018,450.85,2025-09-04 00:09:22
TRP00039,V9757,WH009,WH010,ITM014,475.68,2025-09-04 13:49:20
TRP00040,V6974,WH010,WH001,ITM032,277.44,2025-09-04 16:49:34
TRP00041,V1948,WH001,WH002,ITM011,485.71,2025-09-05 10:21:56
TRP00042,V6914,WH002,WH003,ITM030,175.86,2025-09-05 17:24:21
TRP00043,V9815,WH003,WH004,ITM038,114.07,2025-09-05 19:11:13
TRP00044,V2502,WH004,WH005,ITM013,480.46,2025-09-05 17:48:36
TRP00045,V7310,WH005,WH006,ITM009,353.27,2025-09-05 02:52:16
TRP00046,V3572,WH006,WH007,ITM024,289.25,2025-09-05 05:19:58
TRP00047,V1852,WH007,WH008,ITM005,259.93,2025-09-05 23:53:15
TRP00048,V4165,WH008,WH009,ITM006,151.38,2025-09-05 04:30:57
TRP00049,V5087,WH009,WH010,ITM042,181.4,2025-09-05 12:05:12
TRP00050,V2028,WH010,WH001,ITM003,98.96,2025-09-05 06:54:03
TRP00051,V8369,WH001,WH002,ITM006,337.5,2025-09-06 09:18:00
TRP00052,V7672,WH002,WH003,ITM036,155.02,2025-09-06 03:57:03
TRP00053,V7664,WH003,WH004,ITM048,401.11,2025-09-06 10:20:29
TRP00054,V2960,WH004,WH005,ITM038,53.65,2025-09-06 10:56:19
TRP00055,V5372,WH005,WH006,ITM004,211.4,2025-09-06 13:39:54
TRP00056,V2687,WH006,WH007,ITM007,459.27,2025-09-06 21:05:59
TRP00057,V7234,WH007,WH008,ITM004,448.11,2025-09-06 23:24:41
TRP00058,V3169,WH008,WH009,ITM009,401.03,2025-09-06 22:46:33
TRP00059,V3316,WH009,WH010,ITM009,80.21,2025-09-06 03:25:34
TRP00060,V9179,WH010,WH001,ITM011,326.94,2025-09-06 02:40:51
TRP00061,V7249,WH001,WH002,ITM034,100.81,2025-09-07 12:53:39
TRP00062,V2414,WH002,WH003,ITM023,286.51,2025-09-07 08:31:36
TRP00063,V6762,WH003,WH004,ITM049,70.67,2025-09-07 04:42:51
TRP00064,V4297,WH004,WH005,ITM002,28.08,2025-09-07 20:29:03
TRP00065,V5379,WH005,WH006,ITM032,368.83,2025-09-07 20:42:29
TRP00066,V8587,WH006,WH007,ITM040,178.08,2025-09-07 08:51:12
TRP00067,V1732,WH007,WH008,ITM042,16.42,2025-09-07 09:21:11
TRP00068,V9454,WH008,WH009,ITM025,26.74,2025-09-07 04:58:40
TRP00069,V3980,WH009,WH010,ITM027,392.67,2025-09-07 17:01:11
TRP00070,V5317,WH010,WH001,ITM045,489.97,2025-09-07 09:56:30
TRP00071,V1381,WH001,WH002,ITM041,253.82,2025-09-08 10:02:45
TRP00072,V6414,WH002,WH003,ITM045,133.49,2025-09-08 23:37:32
TRP00073,V7372,WH003,WH004,ITM028,403.6,2025-09-08 01:06:57
TRP00074,V9063,WH004,WH005,ITM023,215.66,2025-09-08 07:32:35
TRP00075,V4893,WH005,WH006,ITM025,331.21,2025-09-08 19:39:53
TRP00076,V3096,WH006,WH007,ITM002,442.94,2025-09-08 01:26:41
TRP00077,V4170,WH007,WH008,ITM018,243.59,2025-09-08 03:51:46
TRP00078,V8327,WH008,WH009,ITM040,12.63,2025-09-08 18:17:42
TRP00079,V6394,WH009,WH010,ITM034,295.5,2025-09-08 16:01:13
TRP00080,V3760,WH010,WH001,ITM005,296.62,2025-09-08 10:46:15
TRP00081,V1782,WH001,WH002,ITM020,223.05,2025-09-09 03:16:29
TRP00082,V6872,WH002,WH003,ITM031,111.45,2025-09-09 17:15:37
TRP00083,V6429,WH003,WH004,ITM043,366.43,2025-09-09 01:52:36
TRP00084,V5191,WH004,WH005,ITM048,386.26,2025-09-09 15:00:51
TRP00085,V3445,WH005,WH006,ITM050,333.45,2025-09-09 10:24:44
TRP00086,V4040,WH006,WH007,ITM011,359.87,2025-09-09 21:34:42
TRP00087,V2815,WH007,WH008,ITM016,189.89,2025-09-09 00:48:48
TRP00088,V9355,WH008,WH009,ITM035,365.11,2025-09-09 01:27:57
TRP00089,V8945,WH009,WH010,ITM033,14.14,2025-09-09 21:53:27
TRP00090,V4584,WH010,WH001,ITM047,143.96,2025-09-09 12:17:20
TRP00091,V8781,WH001,WH002,ITM006,119.37,2025-09-10 10:53:36
TRP00092,V8824,WH002,WH003,ITM044,394.71,2025-09-10 20:12:05
TRP00093,V3599,WH003,WH004,ITM035,355.73,2025-09-10 10:38:40
TRP00094,V2054,WH004,WH005,ITM025,343.53,2025-09-10 08:05:43
TRP00095,V6295,WH005,WH006,ITM040,311.32,2025-09-10 05:27:28
TRP00096,V4670,WH006,WH007,ITM027,181.02,2025-09-10 13:16:21
TRP00097,V6868,WH007,WH008,ITM008,307.63,2025-09-10 10:04:49
TRP00098,V7992,WH008,WH009,ITM004,285.03,2025-09-10 14:33:38
TRP00099,V9262,WH009,WH010,ITM008,201.02,2025-09-10 06:22:47
TRP00100,V2406,WH010,WH001,ITM031,327.84,2025-09-10 06:53:02
TRP00101,V5600,WH001,WH002,ITM034,143.98,2025-09-11 04:11:59
TRP00102,V4522,WH002,WH003,ITM011,242.4,2025-09-11 17:50:47
TRP00103,V9518,WH003,WH004,ITM042,348.61,2025-09-11 13:35:03
TRP00104,V9292,WH004,WH005,ITM001,397.85,2025-09-11 02:51:40
TRP00105,V1082,WH005,WH006,ITM015,222.12,2025-09-11 06:58:19
TRP00106,V9634,WH006,WH007,ITM048,245.56,2025-09-11 07:23:50
TRP00107,V5465,WH007,WH008,ITM023,126.3,2025-09-11 11:20:16
TRP00108,V1670,WH008,WH009,ITM018,466.04,2025-09-11 04:57:25
TRP00109,V3257,WH009,WH010,ITM004,316.42,2025-09-11 12:40:44
TRP00110,V5897,WH010,WH001,ITM039,346.98,2025-09-11 23:13:25
TRP00111,V6718,WH001,WH002,ITM048,315.14,2025-09-12 22:33:52
TRP00112,V9213,WH002,WH003,ITM011,490.65,2025-09-12 21:09:51
TRP00113,V4563,WH003,WH004,ITM044,251.08,2025-09-12 11:20:46
TRP00114,V9995,WH004,WH005,ITM011,196.21,2025-09-12 10:55:20
TRP00115,V7074,WH005,WH006,ITM042,258.44,2025-09-12 13:16:13
TRP00116,V1041,WH006,WH007,ITM040,389.5,2025-09-12 09:47:25
TRP00117,V6626,WH007,WH008,ITM045,286.91,2025-09-12 00:53:30
TRP00118,V2059,WH008,WH009,ITM024,188.31,2025-09-12 03:38:32
TRP00119,V5543,WH009,WH010,ITM020,303.99,2025-09-12 04:36:43
TRP00120,V2643,WH010,WH001,ITM040,273.04,2025-09-12 05:21:13
TRP00121,V5006,WH001,WH002,ITM031,139.7,2025-09-13 16:48:43
TRP00122,V7213,WH002,WH003,ITM003,243.3,2025-09-13 14:27:22
TRP00123,V5314,WH003,WH004,ITM015,492.08,2025-09-13 11:20:19
TRP00124,V9071,WH004,WH005,ITM027,401.35,2025-09-13 13:34:30
TRP00125,V1043,WH005,WH006,ITM004,246.0,2025-09-13 05:09:46
TRP00126,V2844,WH006,WH007,ITM024,298.9,2025-09-13 22:15:19
TRP00127,V1782,WH007,WH008,ITM022,323.51,2025-09-13 14:07:03
TRP00128,V4747,WH008,WH009,ITM017,123.99,2025-09-13 14:29:54
TRP00129,V5299,WH009,WH010,ITM012,179.44,2025-09-13 02:52:57
TRP00130,V6517,WH010,WH001,ITM007,115.51,2025-09-13 11:29:32
TRP00131,V8992,WH001,WH002,ITM026,269.31,2025-09-14 08:41:46
TRP00132,V4506,WH002,WH003,ITM016,431.05,2025-09-14 20:23:29
TRP00133,V6726,WH003,WH004,ITM023,245.56,2025-09-14 17:23:23
TRP00134,V8992,WH004,WH005,ITM007,328.54,2025-09-14 19:19:53
TRP00135,V9698,WH005,WH006,ITM050,100.74,2025-09-14 12:02:09
TRP00136,V5947,WH006,WH007,ITM020,14.03,2025-09-14 05:15:13
TRP00137,V8284,WH007,WH008,ITM047,489.64,2025-09-14 03:16:25
TRP00138,V5023,WH008,WH009,ITM036,177.9,2025-09-14 21:37:31
TRP00139,V1683,WH009,WH010,ITM019,189.57,2025-09-14 10:36:21
TRP00140,V8560,WH010,WH001,ITM039,413.2,2025-09-14 12:02:07
TRP00141,V8538,WH001,WH002,ITM044,20.46,2025-09-15 03:01:04
TRP00142,V8181,WH002,WH003,ITM030,288.53,2025-09-15 01:48:06
TRP00143,V1547,WH003,WH004,ITM028,351.86,2025-09-15 20:17:36
TRP00144,V6141,WH004,WH005,ITM046,82.27,2025-09-15 05:33:20
TRP00145,V4872,WH005,WH006,ITM026,340.04,2025-09-15 23:51:23
TRP00146,V8019,WH006,WH007,ITM024,440.2,2025-09-15 11:12:50
TRP00147,V7676,WH007,WH008,ITM004,229.96,2025-09-15 11:45:33
TRP00148,V4512,WH008,WH009,ITM014,119.09,2025-09-15 04:34:34
TRP00149,V4176,WH009,WH010,ITM018,98.83,2025-09-15 11:52:06
TRP00150,V6077,WH010,WH001,ITM041,158.33,2025-09-15 19:29:58
TRP00151,V7638,WH001,WH002,ITM031,357.57,2025-09-16 19:14:27
TRP00152,V8235,WH002,WH003,ITM034,481.82,2025-09-16 23:36:26
TRP00153,V1180,WH003,WH004,ITM044,361.85,2025-09-16 06:45:49
TRP00154,V8159,WH004,WH005,ITM010,197.97,2025-09-16 11:49:40
TRP00155,V6614,WH005,WH006,ITM016,448.98,2025-09-16 00:32:11
TRP00156,V5332,WH006,WH007,ITM033,432.67,2025-09-16 15:51:37
TRP00157,V2698,WH007,WH008,ITM044,68.57,2025-09-16 16:24:27
TRP00158,V3723,WH008,WH009,ITM041,330.55,2025-09-16 06:50:51
TRP00159,V7186,WH009,WH010,ITM038,247.17,2025-09-16 10:55:10
TRP00160,V3404,WH010,WH001,ITM020,200.19,2025-09-16 20:34:36
TRP00161,V5470,WH001,WH002,ITM045,111.31,2025-09-17 10:28:16
TRP00162,V6194,WH002,WH003,ITM005,59.14,2025-09-17 11:43:52
TRP00163,V9721,WH003,WH004,ITM014,194.11,2025-09-17 03:51:49
TRP00164,V1299,WH004,WH005,ITM004,107.01,2025-09-17 14:12:32
TRP00165,V2642,WH005,WH006,ITM047,217.28,2025-09-17 20:41:34
TRP00166,V9799,WH006,WH007,ITM006,133.78,2025-09-17 09:49:06
TRP00167,V1457,WH007,WH008,ITM043,263.5,2025-09-17 21:08:10
TRP00168,V5373,WH008,WH009,ITM008,96.37,2025-09-17 06:15:20
TRP00169,V7376,WH009,WH010,ITM001,256.54,2025-09-17 05:34:13
TRP00170,V8679,WH010,WH001,ITM047,288.64,2025-09-17 12:58:18
TRP00171,V8916,WH001,WH002,ITM035,122.43,2025-09-18 13:42:42
TRP00172,V7114,WH002,WH003,ITM027,328.83,2025-09-18 14:24:09
TRP00173,V7816,WH003,WH004,ITM032,77.9,2025-09-18 22:53:04
TRP00174,V9456,WH004,WH005,ITM004,330.1,2025-09-18 09:34:33
TRP00175,V4643,WH005,WH006,ITM043,85.11,2025-09-18 03:32:24
TRP00176,V7563,WH006,WH007,ITM028,236.3,2025-09-18 09:41:21
TRP00177,V2365,WH007,WH008,ITM021,360.37,2025-09-18 03:37:39
TRP00178,V1334,WH008,WH009,ITM037,21.43,2025-09-18 21:48:14
TRP00179,V8971,WH009,WH010,ITM020,69.69,2025-09-18 18:46:45
TRP00180,V8383,WH010,WH001,ITM036,39.23,2025-09-18 21:07:45
TRP00181,V2635,WH001,WH002,ITM035,75.39,2025-09-19 11:35:36
TRP00182,V8575,WH002,WH003,ITM008,480.56,2025-09-19 12:29:00
TRP00183,V5079,WH003,WH004,ITM050,437.94,2025-09-19 07:04:38
TRP00184,V1056,WH004,WH005,ITM008,214.6,2025-09-19 05:25:50
TRP00185,V1410,WH005,WH006,ITM018,259.63,2025-09-19 23:59:48
TRP00186,V4799,WH006,WH007,ITM035,119.24,2025-09-19 04:55:53
TRP00187,V4147,WH007,WH008,ITM027,184.23,2025-09-19 16:52:19
TRP00188,V6345,WH008,WH009,ITM020,172.35,2025-09-19 07:56:51
TRP00189,V4566,WH009,WH010,ITM002,438.66,2025-09-19 08:24:36
TRP00190,V1771,WH010,WH001,ITM035,126.05,2025-09-19 23:05:19
TRP00191,V7023,WH001,WH002,ITM038,10.91,2025-09-20 02:36:21
TRP00192,V8434,WH002,WH003,ITM032,45.32,2025-09-20 07:21:51
TRP00193,V4149,WH003,WH004,ITM027,252.66,2025-09-20 15:44:01
TRP00194,V5971,WH004,WH005,ITM017,455.49,2025-09-20 01:57:36
TRP00195,V6406,WH005,WH006,ITM017,272.73,2025-09-20 22:24:00
TRP00196,V6255,WH006,WH007,ITM029,195.67,2025-09-20 07:48:40
TRP00197,V8430,WH007,WH008,ITM030,433.51,2025-09-20 08:07:48
TRP00198,V1153,WH008,WH009,ITM015,158.53,2025-09-20 13:54:03
TRP00199,V8455,WH009,WH010,ITM041,382.47,2025-09-20 20:53:45
TRP00200,V4699,WH010,WH001,ITM038,396.67,2025-09-20 07:02:14
TRP00201,V8392,WH001,WH002,ITM017,497.3,2025-09-21 23:53:46
TRP00202,V1005,WH002,WH003,ITM018,448.97,2025-09-21 10:07:49
TRP00203,V8189,WH003,WH004,ITM035,50.9,2025-09-21 01:37:19
TRP00204,V6585,WH004,WH005,ITM031,30.47,2025-09-21 11:24:01
TRP00205,V6896,WH005,WH006,ITM027,416.82,2025-09-21 19:49:54
TRP00206,V8931,WH006,WH007,ITM020,441.15,2025-09-21 03:06:03
TRP00207,V6752,WH007,WH008,ITM030,79.18,2025-09-21 11:18:43
TRP00208,V3485,WH008,WH009,ITM044,290.42,2025-09-21 18:50:29
TRP00209,V5396,WH009,WH010,ITM038,10.16,2025-09-21 09:32:21
TRP00210,V7229,WH010,WH001,ITM001,422.21,2025-09-21 16:16:43
TRP00211,V3981,WH001,WH002,ITM014,262.1,2025-09-22 12:46:37
TRP00212,V8804,WH002,WH003,ITM050,431.84,2025-09-22 13:50:35
TRP00213,V8193,WH003,WH004,ITM003,379.65,2025-09-22 14:56:29
TRP00214,V7656,WH004,WH005,ITM015,251.02,2025-09-22 06:36:36
TRP00215,V8275,WH005,WH006,ITM004,473.44,2025-09-22 18:11:56
TRP00216,V3130,WH006,WH007,ITM012,332.04,2025-09-22 07:22:07
TRP00217,V3751,WH007,WH008,ITM011,119.75,2025-09-22 01:26:34
TRP00218,V1850,WH008,WH009,ITM040,296.75,2025-09-22 21:49:15
TRP00219,V7210,WH009,WH010,ITM046,445.35,2025-09-22 07:16:17
TRP00220,V4712,WH010,WH001,ITM040,175.18,2025-09-22 12:36:16
TRP00221,V8170,WH001,WH002,ITM050,74.58,2025-09-23 04:12:21
TRP00222,V9287,WH002,WH003,ITM031,359.12,2025-09-23 09:05:08
TRP00223,V7267,WH003,WH004,ITM034,443.46,2025-09-23 01:02:50
TRP00224,V9711,WH004,WH005,ITM016,57.78,2025-09-23 17:21:18
TRP00225,V9524,WH005,WH006,ITM011,184.24,2025-09-23 18:40:48
TRP00226,V9673,WH006,WH007,ITM016,487.34,2025-09-23 09:57:09
TRP00227,V3162,WH007,WH008,ITM002,242.44,2025-09-23 13:48:19
TRP00228,V8317,WH008,WH009,ITM044,94.31,2025-09-23 13:35:33
TRP00229,V3130,WH009,WH010,ITM016,444.42,2025-09-23 07:46:37
TRP00230,V2524,WH010,WH001,ITM026,482.41,2025-09-23 15:02:57
TRP00231,V3158,WH001,WH002,ITM034,389.48,2025-09-24 06:37:49
TRP00232,V9509,WH002,WH003,ITM045,42.76,2025-09-24 05:58:56
TRP00233,V6935,WH003,WH004,ITM037,409.63,2025-09-24 05:51:19
TRP00234,V7427,WH004,WH005,ITM008,216.42,2025-09-24 15:58:42
TRP00235,V3994,WH005,WH006,ITM001,14.6,2025-09-24 07:12:48
TRP00236,V3929,WH006,WH007,ITM022,343.96,2025-09-24 02:44:02
TRP00237,V3608,WH007,WH008,ITM047,444.29,2025-09-24 04:01:09
TRP00238,V5449,WH008,WH009,ITM018,267.26,2025-09-24 11:19:23
TRP00239,V2116,WH009,WH010,ITM026,210.45,2025-09-24 19:08:42
TRP00240,V1293,WH010,WH001,ITM011,205.85,2025-09-24 14:20:41
TRP00241,V5142,WH001,WH002,ITM004,118.76,2025-09-25 21:36:28
TRP00242,V8885,WH002,WH003,ITM048,273.71,2025-09-25 23:25:03
TRP00243,V7102,WH003,WH004,ITM016,345.95,2025-09-25 06:12:00
TRP00244,V1171,WH004,WH005,ITM006,432.89,2025-09-25 06:25:34
TRP00245,V3515,WH005,WH006,ITM026,245.29,2025-09-25 10:28:38
TRP00246,V9708,WH006,WH007,ITM046,54.36,2025-09-25 08:47:42
TRP00247,V2567,WH007,WH008,ITM047,57.89,2025-09-25 20:29:00
TRP00248,V8919,WH008,WH009,ITM040,68.92,2025-09-25 13:31:38
TRP00249,V1757,WH009,WH010,ITM010,277.11,2025-09-25 02:36:08
TRP00250,V4903,WH010,WH001,ITM037,227.73,2025-09-25 23:22:08
TRP00251,V4239,WH001,WH002,ITM022,255.23,2025-09-26 00:53:17
TRP00252,V6630,WH002,WH003,ITM008,43.28,2025-09-26 18:58:06
TRP00253,V8268,WH003,WH004,ITM039,86.61,2025-09-26 06:51:38
TRP00254,V8645,WH004,WH005,ITM020,349.52,2025-09-26 00:57:50
TRP00255,V4006,WH005,WH006,ITM030,414.23,2025-09-26 03:50:19
TRP00256,V7315,WH006,WH007,ITM039,44.47,2025-09-26 18:26:10
TRP00257,V2148,WH007,WH008,ITM042,289.68,2025-09-26 17:15:44
TRP00258,V4860,WH008,WH009,ITM031,90.07,2025-09-26 15:46:28
TRP00259,V6008,WH009,WH010,ITM020,313.2,2025-09-26 08:19:12
TRP00260,V3699,WH010,WH001,ITM031,59.61,2025-09-26 14:33:31
TRP00261,V6036,WH001,WH002,ITM044,325.56,2025-09-27 12:48:45
TRP00262,V1768,WH002,WH003,ITM035,325.4,2025-09-27 05:39:58
TRP00263,V5800,WH003,WH004,ITM027,480.7,2025-09-27 20:18:08
TRP00264,V1816,WH004,WH005,ITM039,37.58,2025-09-27 20:01:46
TRP00265,V4736,WH005,WH006,ITM009,147.55,2025-09-27 22:22:30
TRP00266,V3267,WH006,WH007,ITM017,298.98,2025-09-27 05:25:24
TRP00267,V4783,WH007,WH008,ITM049,46.84,2025-09-27 01:14:26
TRP00268,V1960,WH008,WH009,ITM010,236.05,2025-09-27 08:59:53
TRP00269,V8538,WH009,WH010,ITM026,158.82,2025-09-27 03:45:07
TRP00270,V6378,WH010,WH001,ITM001,440.01,2025-09-27 02:16:31
TRP00271,V5356,WH001,WH002,ITM015,112.63,2025-09-28 20:04:33
TRP00272,V5471,WH002,WH003,ITM011,83.17,2025-09-28 10:39:33
TRP00273,V6292,WH003,WH004,ITM045,243.24,2025-09-28 17:40:15
TRP00274,V2350,WH004,WH005,ITM039,14.84,2025-09-28 15:51:59
TRP00275,V3679,WH005,WH006,ITM047,390.79,2025-09-28 05:10:27
TRP00276,V1699,WH006,WH007,ITM039,283.57,2025-09-28 12:20:00
TRP00277,V1910,WH007,WH008,ITM030,206.26,2025-09-28 18:02:45
TRP00278,V3386,WH008,WH009,ITM032,128.46,2025-09-28 20:19:19
TRP00279,V6211,WH009,WH010,ITM046,460.93,2025-09-28 23:45:20
TRP00280,V3047,WH010,WH001,ITM032,301.35,2025-09-28 05:41:15
TRP00281,V2002,WH001,WH002,ITM024,406.66,2025-09-29 23:45:47
TRP00282,V4218,WH002,WH003,ITM044,289.41,2025-09-29 08:36:14
TRP00283,V6234,WH003,WH004,ITM012,396.64,2025-09-29 18:01:17
TRP00284,V9411,WH004,WH005,ITM045,115.1,2025-09-29 22:22:11
TRP00285,V9371,WH005,WH006,ITM016,14.75,2025-09-29 14:12:15
TRP00286,V6576,WH006,WH007,ITM004,94.49,2025-09-29 15:14:17
TRP00287,V2662,WH007,WH008,ITM019,380.29,2025-09-29 07:27:19
TRP00288,V9826,WH008,WH009,ITM046,410.37,2025-09-29 08:01:40
TRP00289,V4770,WH009,WH010,ITM021,458.35,2025-09-29 05:03:15
TRP00290,V5072,WH010,WH001,ITM007,410.33,2025-09-29 12:03:08
TRP00291,V6990,WH001,WH002,ITM035,430.3,2025-09-30 15:45:05
TRP00292,V5370,WH002,WH003,ITM010,80.39,2025-09-30 01:51:37
TRP00293,V5901,WH003,WH004,ITM020,40.25,2025-09-30 20:52:43
TRP00294,V7083,WH004,WH005,ITM009,163.77,2025-09-30 18:39:10
TRP00295,V1583,WH005,WH006,ITM005,295.26,2025-09-30 16:51:52
TRP00296,V6656,WH006,WH007,ITM046,372.75,2025-09-30 07:52:46
TRP00297,V5160,WH007,WH008,ITM046,437.87,2025-09-30 23:44:19
TRP00298,V9146,WH008,WH009,ITM032,474.95,2025-09-30 03:21:44
TRP00299,V4778,WH009,WH010,ITM041,326.55,2025-09-30 12:27:51
TRP00300,V1285,WH010,WH001,ITM048,208.21,2025-09-30 08:26:15
