Waste_ID,Generation_Date,Waste_Type,Quantity,Treatment_Method,Contractor,Equipment_ID
WM0001,2025-09-01,Slag,69.49,Chemical_Treatment,RecycleCo_D,EQ037
WM0002,2025-09-01,Sludge,8.55,Outsourced,EnvCo_A,EQ036
WM0003,2025-09-01,Recyclable_Metal,63.36,Outsourced,EnvCo_C,EQ002
WM0004,2025-09-01,Slag,48.85,Recycling,EnvCo_B,EQ044
WM0005,2025-09-01,General_Waste,59.72,Landfill,EnvCo_C,EQ050
WM0006,2025-09-02,Sludge,38.97,Incineration,EnvCo_A,EQ039
WM0007,2025-09-02,General_Waste,81.58,Outsourced,EnvCo_C,EQ015
WM0008,2025-09-02,General_Waste,1.14,Incineration,EnvCo_A,EQ044
WM0009,2025-09-02,Hazardous_Waste,73.92,Landfill,EnvCo_C,EQ025
WM0010,2025-09-02,Recyclable_Metal,26.8,Outsourced,RecycleCo_D,EQ039
WM0011,2025-09-03,Hazardous_Waste,37.21,Outsourced,EnvCo_A,EQ039
WM0012,2025-09-03,Recyclable_Metal,5.64,Chemical_Treatment,RecycleCo_D,EQ017
WM0013,2025-09-03,Slag,6.01,Landfill,EnvCo_B,EQ022
WM0014,2025-09-03,Slag,71.97,Incineration,EnvCo_C,EQ008
WM0015,2025-09-03,Slag,54.42,Landfill,EnvCo_B,EQ038
WM0016,2025-09-04,General_Waste,92.39,Outsourced,EnvCo_B,EQ017
WM0017,2025-09-04,Dust,9.06,Outsourced,EnvCo_A,EQ032
WM0018,2025-09-04,Hazardous_Waste,21.69,Chemical_Treatment,RecycleCo_D,EQ001
WM0019,2025-09-04,Dust,76.95,Landfill,EnvCo_B,EQ015
WM0020,2025-09-04,General_Waste,37.8,Outsourced,RecycleCo_D,EQ018
WM0021,2025-09-05,Hazardous_Waste,94.9,Landfill,RecycleCo_D,EQ039
WM0022,2025-09-05,General_Waste,54.51,Recycling,RecycleCo_D,EQ050
WM0023,2025-09-05,Sludge,16.59,Incineration,EnvCo_A,EQ036
WM0024,2025-09-05,Recyclable_Metal,28.97,Chemical_Treatment,EnvCo_B,EQ037
WM0025,2025-09-05,Dust,72.52,Incineration,RecycleCo_D,EQ003
WM0026,2025-09-06,Dust,20.81,Recycling,RecycleCo_D,EQ003
WM0027,2025-09-06,Sludge,27.1,Landfill,EnvCo_A,EQ043
WM0028,2025-09-06,Recyclable_Metal,49.25,Outsourced,RecycleCo_D,EQ039
WM0029,2025-09-06,Slag,60.06,Landfill,EnvCo_A,EQ030
WM0030,2025-09-06,General_Waste,70.23,Landfill,EnvCo_C,EQ046
WM0031,2025-09-07,Dust,8.81,Recycling,EnvCo_B,EQ008
WM0032,2025-09-07,Recyclable_Metal,38.48,Landfill,EnvCo_C,EQ036
WM0033,2025-09-07,General_Waste,28.29,Incineration,EnvCo_A,EQ030
WM0034,2025-09-07,Sludge,17.14,Chemical_Treatment,EnvCo_B,EQ001
WM0035,2025-09-07,Dust,66.16,Landfill,RecycleCo_D,EQ030
WM0036,2025-09-08,Slag,30.23,Chemical_Treatment,EnvCo_B,EQ002
WM0037,2025-09-08,Dust,2.79,Recycling,RecycleCo_D,EQ025
WM0038,2025-09-08,Hazardous_Waste,1.69,Chemical_Treatment,EnvCo_C,EQ025
WM0039,2025-09-08,Sludge,71.41,Incineration,RecycleCo_D,EQ044
WM0040,2025-09-08,Hazardous_Waste,70.12,Landfill,EnvCo_B,EQ009
WM0041,2025-09-09,Hazardous_Waste,89.64,Landfill,RecycleCo_D,EQ037
WM0042,2025-09-09,Slag,29.64,Landfill,EnvCo_C,EQ004
WM0043,2025-09-09,Hazardous_Waste,25.14,Incineration,RecycleCo_D,EQ011
WM0044,2025-09-09,Recyclable_Metal,80.59,Chemical_Treatment,EnvCo_B,EQ025
WM0045,2025-09-09,Recyclable_Metal,18.8,Incineration,RecycleCo_D,EQ017
WM0046,2025-09-10,Slag,36.97,Landfill,EnvCo_B,EQ045
WM0047,2025-09-10,Hazardous_Waste,39.05,Outsourced,EnvCo_C,EQ004
WM0048,2025-09-10,Slag,13.84,Chemical_Treatment,RecycleCo_D,EQ003
WM0049,2025-09-10,Slag,22.39,Chemical_Treatment,RecycleCo_D,EQ029
WM0050,2025-09-10,Slag,33.73,Landfill,RecycleCo_D,EQ043
WM0051,2025-09-11,Dust,5.11,Chemical_Treatment,EnvCo_B,EQ009
WM0052,2025-09-11,Recyclable_Metal,83.09,Incineration,EnvCo_A,EQ043
WM0053,2025-09-11,Dust,73.36,Landfill,RecycleCo_D,EQ008
WM0054,2025-09-11,Sludge,83.9,Outsourced,EnvCo_A,EQ024
WM0055,2025-09-11,Slag,86.1,Outsourced,EnvCo_A,EQ011
WM0056,2025-09-12,General_Waste,12.71,Recycling,EnvCo_A,EQ017
WM0057,2025-09-12,Hazardous_Waste,24.49,Landfill,EnvCo_B,EQ008
WM0058,2025-09-12,Sludge,14.39,Outsourced,EnvCo_C,EQ011
WM0059,2025-09-12,Sludge,16.65,Recycling,RecycleCo_D,EQ016
WM0060,2025-09-12,Sludge,57.27,Outsourced,EnvCo_C,EQ008
WM0061,2025-09-13,Dust,85.89,Outsourced,EnvCo_B,EQ008
WM0062,2025-09-13,Recyclable_Metal,5.12,Outsourced,RecycleCo_D,EQ024
WM0063,2025-09-13,Slag,14.17,Chemical_Treatment,EnvCo_C,EQ003
WM0064,2025-09-13,Recyclable_Metal,93.51,Incineration,EnvCo_C,EQ010
WM0065,2025-09-13,Sludge,98.17,Outsourced,EnvCo_B,EQ039
WM0066,2025-09-14,Slag,32.58,Outsourced,EnvCo_C,EQ010
WM0067,2025-09-14,Hazardous_Waste,29.25,Incineration,EnvCo_B,EQ036
WM0068,2025-09-14,General_Waste,9.97,Outsourced,EnvCo_A,EQ008
WM0069,2025-09-14,Hazardous_Waste,56.54,Outsourced,RecycleCo_D,EQ010
WM0070,2025-09-14,Sludge,63.3,Outsourced,EnvCo_B,EQ015
WM0071,2025-09-15,Sludge,88.75,Incineration,EnvCo_C,EQ039
WM0072,2025-09-15,Recyclable_Metal,98.05,Recycling,EnvCo_B,EQ036
WM0073,2025-09-15,General_Waste,79.63,Incineration,EnvCo_B,EQ015
WM0074,2025-09-15,Slag,49.84,Chemical_Treatment,EnvCo_A,EQ031
WM0075,2025-09-15,Sludge,70.24,Chemical_Treatment,EnvCo_A,EQ015
WM0076,2025-09-16,Dust,96.98,Chemical_Treatment,EnvCo_A,EQ045
WM0077,2025-09-16,Recyclable_Metal,84.2,Incineration,RecycleCo_D,EQ039
WM0078,2025-09-16,Slag,45.32,Incineration,RecycleCo_D,EQ050
WM0079,2025-09-16,Hazardous_Waste,16.27,Chemical_Treatment,RecycleCo_D,EQ030
WM0080,2025-09-16,Slag,13.98,Incineration,EnvCo_A,EQ022
WM0081,2025-09-17,Sludge,50.89,Landfill,EnvCo_A,EQ046
WM0082,2025-09-17,Sludge,95.53,Landfill,EnvCo_A,EQ024
WM0083,2025-09-17,Recyclable_Metal,23.81,Landfill,RecycleCo_D,EQ050
WM0084,2025-09-17,Recyclable_Metal,81.09,Incineration,RecycleCo_D,EQ024
WM0085,2025-09-17,Slag,35.34,Chemical_Treatment,EnvCo_A,EQ031
WM0086,2025-09-18,Sludge,13.77,Incineration,EnvCo_C,EQ008
WM0087,2025-09-18,Slag,21.71,Outsourced,EnvCo_C,EQ031
WM0088,2025-09-18,Sludge,44.79,Incineration,EnvCo_A,EQ015
WM0089,2025-09-18,Hazardous_Waste,38.16,Incineration,EnvCo_C,EQ037
WM0090,2025-09-18,Dust,10.61,Incineration,RecycleCo_D,EQ045
WM0091,2025-09-19,General_Waste,6.39,Chemical_Treatment,EnvCo_A,EQ024
WM0092,2025-09-19,General_Waste,93.42,Landfill,RecycleCo_D,EQ024
WM0093,2025-09-19,Recyclable_Metal,96.48,Incineration,RecycleCo_D,EQ010
WM0094,2025-09-19,General_Waste,22.27,Incineration,RecycleCo_D,EQ016
WM0095,2025-09-19,Slag,55.82,Recycling,EnvCo_C,EQ002
WM0096,2025-09-20,Hazardous_Waste,61.12,Incineration,RecycleCo_D,EQ043
WM0097,2025-09-20,Recyclable_Metal,55.15,Landfill,EnvCo_C,EQ045
WM0098,2025-09-20,Hazardous_Waste,47.4,Recycling,EnvCo_B,EQ004
WM0099,2025-09-20,Hazardous_Waste,69.71,Chemical_Treatment,EnvCo_A,EQ016
WM0100,2025-09-20,General_Waste,27.27,Landfill,EnvCo_A,EQ050
WM0101,2025-09-21,General_Waste,19.38,Landfill,EnvCo_C,EQ002
WM0102,2025-09-21,Recyclable_Metal,49.4,Recycling,EnvCo_B,EQ030
WM0103,2025-09-21,Dust,69.33,Outsourced,RecycleCo_D,EQ029
WM0104,2025-09-21,Dust,78.83,Recycling,EnvCo_B,EQ045
WM0105,2025-09-21,General_Waste,99.83,Chemical_Treatment,EnvCo_C,EQ038
WM0106,2025-09-22,Sludge,4.95,Outsourced,EnvCo_B,EQ009
WM0107,2025-09-22,Sludge,24.77,Recycling,RecycleCo_D,EQ044
WM0108,2025-09-22,Recyclable_Metal,38.23,Outsourced,EnvCo_B,EQ016
WM0109,2025-09-22,Sludge,17.37,Chemical_Treatment,EnvCo_B,EQ018
WM0110,2025-09-22,General_Waste,93.37,Recycling,EnvCo_B,EQ015
WM0111,2025-09-23,Hazardous_Waste,53.96,Incineration,EnvCo_B,EQ001
WM0112,2025-09-23,Slag,14.53,Recycling,EnvCo_A,EQ044
WM0113,2025-09-23,General_Waste,10.3,Landfill,EnvCo_A,EQ031
WM0114,2025-09-23,Recyclable_Metal,62.07,Recycling,EnvCo_B,EQ024
WM0115,2025-09-23,General_Waste,28.61,Recycling,EnvCo_B,EQ022
WM0116,2025-09-24,Sludge,49.97,Landfill,EnvCo_B,EQ015
WM0117,2025-09-24,General_Waste,1.9,Chemical_Treatment,EnvCo_C,EQ017
WM0118,2025-09-24,Sludge,86.34,Incineration,EnvCo_C,EQ043
WM0119,2025-09-24,Hazardous_Waste,34.87,Chemical_Treatment,EnvCo_A,EQ010
WM0120,2025-09-24,Recyclable_Metal,33.04,Outsourced,EnvCo_A,EQ002
WM0121,2025-09-25,Dust,55.56,Recycling,EnvCo_A,EQ029
WM0122,2025-09-25,Slag,1.37,Chemical_Treatment,EnvCo_C,EQ023
WM0123,2025-09-25,Dust,22.13,Recycling,EnvCo_B,EQ046
WM0124,2025-09-25,Recyclable_Metal,99.3,Recycling,EnvCo_B,EQ015
WM0125,2025-09-25,Recyclable_Metal,45.49,Chemical_Treatment,EnvCo_B,EQ046
WM0126,2025-09-26,Dust,93.98,Chemical_Treatment,EnvCo_A,EQ050
WM0127,2025-09-26,Recyclable_Metal,40.78,Incineration,RecycleCo_D,EQ023
WM0128,2025-09-26,Slag,92.63,Chemical_Treatment,EnvCo_A,EQ009
WM0129,2025-09-26,Dust,56.29,Landfill,EnvCo_B,EQ036
WM0130,2025-09-26,Recyclable_Metal,79.96,Incineration,EnvCo_C,EQ044
WM0131,2025-09-27,Dust,62.77,Incineration,EnvCo_B,EQ032
WM0132,2025-09-27,Hazardous_Waste,29.48,Landfill,RecycleCo_D,EQ017
WM0133,2025-09-27,Hazardous_Waste,30.45,Landfill,EnvCo_B,EQ004
WM0134,2025-09-27,Recyclable_Metal,27.75,Chemical_Treatment,RecycleCo_D,EQ009
WM0135,2025-09-27,Sludge,51.13,Chemical_Treatment,RecycleCo_D,EQ031
WM0136,2025-09-28,Recyclable_Metal,14.63,Outsourced,EnvCo_A,EQ025
WM0137,2025-09-28,Recyclable_Metal,83.21,Landfill,EnvCo_A,EQ038
WM0138,2025-09-28,Dust,70.95,Recycling,EnvCo_C,EQ010
WM0139,2025-09-28,Hazardous_Waste,84.85,Chemical_Treatment,EnvCo_C,EQ001
WM0140,2025-09-28,Recyclable_Metal,73.16,Incineration,RecycleCo_D,EQ045
WM0141,2025-09-29,Sludge,32.19,Chemical_Treatment,EnvCo_B,EQ032
WM0142,2025-09-29,Slag,52.75,Recycling,RecycleCo_D,EQ017
WM0143,2025-09-29,Hazardous_Waste,57.86,Outsourced,EnvCo_C,EQ009
WM0144,2025-09-29,General_Waste,79.17,Incineration,RecycleCo_D,EQ045
WM0145,2025-09-29,Slag,59.34,Outsourced,EnvCo_C,EQ022
WM0146,2025-09-30,Sludge,2.41,Incineration,EnvCo_B,EQ046
WM0147,2025-09-30,Dust,82.53,Chemical_Treatment,EnvCo_C,EQ029
WM0148,2025-09-30,Dust,13.63,Recycling,EnvCo_C,EQ002
WM0149,2025-09-30,Recyclable_Metal,11.04,Landfill,EnvCo_B,EQ022
WM0150,2025-09-30,Hazardous_Waste,55.26,Outsourced,EnvCo_A,EQ046
